o3_8,o3,pm10,pm25,co,so2,so2_24,no2,aqi,aqi_rank
0,0.001,5.0,4.0,1.6,22.0,0,7.0,18.181818181818183,0
0,0.01,2.0,1.0,2.1,45.0,0,7.0,23.863636363636363,0
0,0.005,4.0,3.0,1.7,28.0,0,7.0,19.318181818181817,0
0,0.0,5.0,3.0,1.6,22.0,0,7.0,18.181818181818183,0
0,0.0,4.0,2.0,2.3,42.0,0,7.0,26.136363636363633,0
0,0.011000000000000001,8.0,7.0,2.2,43.0,0,7.0,25.0,0
0,0.001,6.0,6.0,2.1,38.0,0,7.0,23.863636363636363,0
0,0.006999999999999999,2.0,2.0,1.8,31.0,0,7.0,20.454545454545453,0
0,0.01,3.0,3.0,2.2,45.0,0,7.0,25.0,0
0,0.005,3.0,2.0,2.1,34.0,0,7.0,23.863636363636363,0
0,0.002,3.0,3.0,2.4,49.0,0,7.0,27.27272727272727,0
0,0.008,2.0,3.0,1.9,31.0,0,7.0,21.59090909090909,0
0,0.006999999999999999,2.0,2.0,1.7,29.0,0,7.0,19.318181818181817,0
0,0.006,3.0,3.0,1.8,27.0,0,7.0,20.454545454545453,0
0,0.006999999999999999,3.0,3.0,1.9,27.0,0,7.0,21.59090909090909,0
0,0.006999999999999999,4.0,2.0,1.8,31.0,0,7.0,20.454545454545453,0
0,0.008,3.0,2.0,2.0,37.0,0,7.0,22.727272727272727,0
0,0.008,3.0,2.0,1.9,37.0,0,7.0,21.59090909090909,0
0,0.01,4.0,2.0,2.0,43.0,0,7.0,22.727272727272727,0
0,0.006999999999999999,9.0,4.0,1.8,26.0,0,7.0,20.454545454545453,0
0,0.012,5.0,6.0,2.6,49.0,0,7.0,29.545454545454547,0
0,0.01,3.0,2.0,1.9,40.0,0,7.0,21.59090909090909,0
0,0.006999999999999999,3.0,1.0,1.8,27.0,0,7.0,20.454545454545453,0
0,0.004,6.0,4.0,1.6,20.0,0,7.0,18.181818181818183,0
0,0.001,5.0,4.0,1.6,22.0,0,7.0,18.181818181818183,0
0,0.003,3.0,2.0,2.1,35.0,0,7.0,23.863636363636363,0
0,0.006999999999999999,2.0,1.0,2.2,42.0,0,7.0,25.0,0
0,0.008,1.0,1.0,2.0,35.0,0,7.0,22.727272727272727,0
0,0.008,9.0,4.0,1.9,37.0,0,7.0,21.59090909090909,0
0,0.002,3.0,2.0,2.5,47.0,0,6.0,28.409090909090907,0
0,0.002,4.0,2.0,2.0,39.0,0,7.0,22.727272727272727,0
0,0.0,10.0,8.0,2.2,45.0,0,7.0,25.974025974025974,0
0,0.002,6.0,7.0,2.4,43.0,0,7.0,27.27272727272727,0
0,0.001,5.0,5.0,1.9,32.0,0,7.0,21.59090909090909,0
0,0.001,5.0,5.0,2.0,38.0,0,7.0,22.727272727272727,0
0,0.009000000000000001,6.0,3.0,2.0,52.0,0,7.0,22.727272727272727,0
0,0.009000000000000001,2.0,2.0,2.0,52.0,0,7.0,22.727272727272727,0
0,0.004,7.0,6.0,2.6,75.0,0,6.0,29.545454545454547,0
0,0.009000000000000001,3.0,3.0,1.9,44.0,0,7.0,21.59090909090909,0
0,0.009000000000000001,3.0,3.0,1.9,44.0,0,7.0,21.59090909090909,0
0,0.011000000000000001,3.0,3.0,2.4,49.0,0,7.0,27.27272727272727,0
0,0.009000000000000001,2.0,2.0,2.0,30.0,0,7.0,22.727272727272727,0
0,0.01,2.0,3.0,2.3,46.0,0,7.0,26.136363636363633,0
0,0.008,3.0,2.0,1.9,28.0,0,7.0,21.59090909090909,0
0,0.01,4.0,3.0,1.8,34.0,0,7.0,20.454545454545453,0
0,0.01,5.0,3.0,2.1,46.0,0,7.0,23.863636363636363,0
0,0.006999999999999999,4.0,3.0,1.9,34.0,0,7.0,21.59090909090909,0
0,0.008,3.0,2.0,2.0,35.0,0,7.0,22.727272727272727,0
0,0.008,3.0,2.0,2.0,37.0,0,7.0,22.727272727272727,0
0,0.008,19.0,5.0,2.0,46.0,0,7.0,22.727272727272727,0
0,0.009000000000000001,5.0,3.0,2.0,32.0,0,7.0,22.727272727272727,0
0,0.001,1.0,0.0,1.4,15.0,0,7.0,15.909090909090908,0
0,0.003,5.0,3.0,2.4,44.0,0,7.0,27.27272727272727,0
0,0.002,0.0,0.0,1.4,15.0,0,7.0,15.909090909090908,0
0,0.011000000000000001,9.0,5.0,2.0,38.0,0,7.0,22.727272727272727,0
0,0.002,0.0,0.0,1.4,15.0,0,7.0,15.909090909090908,0
0,0.003,1.0,2.0,1.4,21.0,0,7.0,15.909090909090908,0
0,0.002,4.0,4.0,2.2,56.0,0,6.0,25.0,0
0,0.009000000000000001,4.0,2.0,2.1,38.0,0,7.0,23.863636363636363,0
0,0.006,2.0,2.0,2.1,44.0,0,7.0,23.863636363636363,0
0,0.006,2.0,1.0,2.0,41.0,0,7.0,22.727272727272727,0
0,0.006,5.0,2.0,2.1,37.0,0,7.0,23.863636363636363,0
0,0.005,6.0,5.0,1.7,29.0,0,7.0,19.318181818181817,0
0,0.024,2.0,1.0,1.9,26.0,0,7.0,21.59090909090909,0
0,0.002,3.0,3.0,1.6,29.0,0,7.0,18.181818181818183,0
0,0.012,3.0,2.0,1.9,39.0,0,7.0,21.59090909090909,0
0,0.0,4.0,2.0,2.0,37.0,0,7.0,22.727272727272727,0
0,0.002,4.0,1.0,1.9,36.0,0,7.0,21.59090909090909,0
0,0.004,8.0,10.0,2.0,33.0,0,7.0,32.467532467532465,0
0,0.011000000000000001,5.0,4.0,2.0,42.0,0,7.0,22.727272727272727,0
0,0.002,10.0,7.0,2.2,50.0,0,7.0,25.0,0
0,0.01,10.0,6.0,1.9,35.0,0,7.0,21.59090909090909,0
0,0.003,7.0,5.0,2.4,40.0,0,7.0,27.27272727272727,0
0,0.001,5.0,5.0,2.1,48.0,0,7.0,23.863636363636363,0
0,0.003,7.0,8.0,2.2,48.0,0,7.0,25.974025974025974,0
0,0.003,7.0,7.0,2.0,46.0,0,7.0,22.727272727272727,0
0,0.004,6.0,6.0,2.4,60.0,0,6.0,27.27272727272727,0
0,0.008,2.0,2.0,1.8,29.0,0,7.0,20.454545454545453,0
0,0.01,5.0,5.0,2.2,49.0,0,7.0,25.0,0
0,0.01,3.0,4.0,2.1,44.0,0,7.0,23.863636363636363,0
0,0.006,3.0,2.0,2.1,33.0,0,7.0,23.863636363636363,0
0,0.021,2.0,2.0,1.8,26.0,0,7.0,20.454545454545453,0
0,0.001,4.0,3.0,2.3,40.0,0,7.0,26.136363636363633,0
0,0.011000000000000001,2.0,2.0,2.4,47.0,0,7.0,27.27272727272727,0
0,0.009000000000000001,2.0,3.0,1.9,34.0,0,7.0,21.59090909090909,0
0,0.005,4.0,5.0,2.1,38.0,0,7.0,23.863636363636363,0
0,0.008,4.0,3.0,1.8,36.0,0,7.0,20.454545454545453,0
0,0.006999999999999999,5.0,4.0,1.8,29.0,0,7.0,20.454545454545453,0
0,0.01,5.0,3.0,2.1,50.0,0,7.0,23.863636363636363,0
0,0.001,2.0,4.0,2.7,1.0,0,7.0,30.681818181818183,0
0,0.001,2.0,4.0,2.7,1.0,0,7.0,30.681818181818183,0
0,0.001,2.0,4.0,2.7,1.0,0,7.0,30.681818181818183,0
0,0.001,2.0,4.0,2.7,1.0,0,7.0,30.681818181818183,0
0,0.001,2.0,4.0,2.7,1.0,0,7.0,30.681818181818183,0
0,0.001,2.0,4.0,2.7,1.0,0,7.0,30.681818181818183,0
0,0.001,2.0,4.0,2.7,1.0,0,7.0,30.681818181818183,0
0,0.001,2.0,4.0,2.7,1.0,0,7.0,30.681818181818183,0
0,0.001,2.0,4.0,2.7,1.0,0,7.0,30.681818181818183,0
0,0.001,2.0,4.0,2.7,1.0,0,7.0,30.681818181818183,0
0,0.001,5.0,5.0,3.1,1.0,0,7.0,35.22727272727273,0
0,0.001,5.0,5.0,3.1,1.0,0,7.0,35.22727272727273,0
0,0.001,5.0,5.0,3.1,1.0,0,7.0,35.22727272727273,0
0,0.001,5.0,5.0,3.1,1.0,0,7.0,35.22727272727273,0
0,0.001,5.0,5.0,3.1,1.0,0,7.0,35.22727272727273,0
0,0.001,5.0,5.0,3.1,1.0,0,7.0,35.22727272727273,0
0,0.001,5.0,5.0,3.1,1.0,0,7.0,35.22727272727273,0
0,0.001,5.0,5.0,3.1,1.0,0,7.0,35.22727272727273,0
0,0.001,5.0,5.0,3.1,1.0,0,7.0,35.22727272727273,0
0,0.001,5.0,5.0,3.1,1.0,0,7.0,35.22727272727273,0
0,0.002,2.0,4.0,3.1,1.0,0,7.0,35.22727272727273,0
0,0.002,2.0,4.0,3.1,1.0,0,7.0,35.22727272727273,0
0,0.002,2.0,4.0,3.1,1.0,0,7.0,35.22727272727273,0
0,0.002,2.0,4.0,3.1,1.0,0,7.0,35.22727272727273,0
0,0.002,2.0,4.0,3.1,1.0,0,7.0,35.22727272727273,0
0,0.002,2.0,4.0,3.1,1.0,0,7.0,35.22727272727273,0
0,0.002,2.0,4.0,3.1,1.0,0,7.0,35.22727272727273,0
0,0.002,2.0,4.0,3.1,1.0,0,7.0,35.22727272727273,0
0,0.002,2.0,4.0,3.1,1.0,0,7.0,35.22727272727273,0
0,0.002,2.0,4.0,3.1,1.0,0,7.0,35.22727272727273,0
0,0.002,2.0,4.0,3.1,1.0,0,7.0,35.22727272727273,0
0,0.002,2.0,4.0,3.1,1.0,0,7.0,35.22727272727273,0
0,0.002,2.0,4.0,3.1,1.0,0,7.0,35.22727272727273,0
0,0.002,2.0,4.0,3.1,1.0,0,7.0,35.22727272727273,0
0,0.0,2.0,4.0,3.0,0.0,0,7.0,34.09090909090909,0
0,0.0,2.0,4.0,3.0,0.0,0,7.0,34.09090909090909,0
0,0.0,2.0,4.0,3.0,0.0,0,7.0,34.09090909090909,0
0,0.0,2.0,4.0,3.0,0.0,0,7.0,34.09090909090909,0
0,0.0,2.0,4.0,3.0,0.0,0,7.0,34.09090909090909,0
0,0.0,2.0,4.0,3.0,0.0,0,7.0,34.09090909090909,0
0,0.0,2.0,4.0,3.0,0.0,0,7.0,34.09090909090909,0
0,0.0,2.0,4.0,3.0,0.0,0,7.0,34.09090909090909,0
0,0.0,2.0,4.0,3.0,0.0,0,7.0,34.09090909090909,0
0,0.0,2.0,4.0,3.0,0.0,0,7.0,34.09090909090909,0
0,0.0,2.0,4.0,3.0,0.0,0,7.0,34.09090909090909,0
0,0.001,2.0,4.0,2.7,1.0,0,7.0,30.681818181818183,0
0,0.001,2.0,4.0,2.7,1.0,0,7.0,30.681818181818183,0
0,0.001,2.0,4.0,2.7,1.0,0,7.0,30.681818181818183,0
0,0.001,2.0,4.0,2.7,1.0,0,7.0,30.681818181818183,0
0,0.001,2.0,4.0,2.7,1.0,0,7.0,30.681818181818183,0
0,0.001,2.0,4.0,2.7,1.0,0,7.0,30.681818181818183,0
0,0.001,2.0,4.0,2.7,1.0,0,7.0,30.681818181818183,0
0,0.001,2.0,4.0,2.7,1.0,0,7.0,30.681818181818183,0
0,0.001,2.0,4.0,2.7,1.0,0,7.0,30.681818181818183,0
0,0.002,4.0,6.0,2.7,0.0,0,7.0,30.681818181818183,0
0,0.002,4.0,6.0,2.7,0.0,0,7.0,30.681818181818183,0
0,0.002,4.0,6.0,2.7,0.0,0,7.0,30.681818181818183,0
0,0.002,4.0,6.0,2.7,0.0,0,7.0,30.681818181818183,0
0,0.002,4.0,6.0,2.7,0.0,0,7.0,30.681818181818183,0
0,0.002,4.0,6.0,2.7,0.0,0,7.0,30.681818181818183,0
0,0.001,3.0,5.0,2.8,1.0,0,7.0,31.818181818181817,0
0,0.001,3.0,5.0,2.8,1.0,0,7.0,31.818181818181817,0
0,0.001,3.0,5.0,2.8,1.0,0,7.0,31.818181818181817,0
0,0.001,3.0,5.0,2.8,1.0,0,7.0,31.818181818181817,0
0,0.001,3.0,5.0,2.8,1.0,0,7.0,31.818181818181817,0
0,0.001,3.0,5.0,2.8,1.0,0,7.0,31.818181818181817,0
0,0.018000000000000002,6.0,7.0,3.3,1.0,0,6.0,37.5,0
0,0.018000000000000002,6.0,7.0,3.3,1.0,0,6.0,37.5,0
0,0.018000000000000002,6.0,7.0,3.3,1.0,0,6.0,37.5,0
0,0.005,12.0,20.0,3.6,1.0,0,7.0,62.08040201005025,1
0,0.005,12.0,20.0,3.6,1.0,0,7.0,62.08040201005025,1
0,0.005,12.0,20.0,3.6,1.0,0,7.0,62.08040201005025,1
0,0.005,12.0,20.0,3.6,1.0,0,7.0,62.08040201005025,1
0,0.005,12.0,20.0,3.6,1.0,0,7.0,62.08040201005025,1
0,0.005,12.0,20.0,3.6,1.0,0,7.0,62.08040201005025,1
0,0.005,12.0,20.0,3.6,1.0,0,7.0,62.08040201005025,1
0,0.003,16.0,30.0,4.0,1.0,0,6.0,86.7035175879397,1
0,0.003,16.0,30.0,4.0,1.0,0,6.0,86.7035175879397,1
0,0.003,16.0,30.0,4.0,1.0,0,6.0,86.7035175879397,1
0,0.003,16.0,30.0,4.0,1.0,0,6.0,86.7035175879397,1
0,0.003,16.0,30.0,4.0,1.0,0,6.0,86.7035175879397,1
0,0.003,16.0,30.0,4.0,1.0,0,6.0,86.7035175879397,1
0,0.026,3.0,6.0,2.6,1.0,0,6.0,29.545454545454547,0
0,0.022,3.0,6.0,2.6,1.0,0,6.0,29.545454545454547,0
0,0.04,2.0,3.0,2.0,1.0,0,7.0,22.727272727272727,0
0,0.017,5.0,6.0,3.3,1.0,0,7.0,37.5,0
0,0.019,4.0,3.0,2.7,1.0,0,7.0,30.681818181818183,0
0,0.017,4.0,5.0,2.7,1.0,0,7.0,30.681818181818183,0
0,0.022,8.0,16.0,2.8,1.0,0,6.0,52.231155778894475,1
0,0.031,5.0,10.0,2.5,1.0,0,6.0,32.467532467532465,0
0,0.027000000000000003,3.0,4.0,2.9,1.0,0,6.0,32.95454545454545,0
0,0.019,5.0,8.0,2.5,1.0,0,6.0,28.409090909090907,0
0,0.022,2.0,3.0,2.7,1.0,0,6.0,30.681818181818183,0
0,0.014,3.0,3.0,2.8,1.0,0,7.0,31.818181818181817,0
0,0.019,5.0,7.0,2.7,1.0,0,7.0,30.681818181818183,0
0,0.022,3.0,4.0,2.9,1.0,0,6.0,32.95454545454545,0
0,0.012,4.0,4.0,3.9,1.0,0,7.0,44.31818181818181,0
0,0.019,4.0,4.0,3.1,1.0,0,6.0,35.22727272727273,0
0,0.005,3.0,6.0,3.1,1.0,0,7.0,35.22727272727273,0
0,0.001,8.0,10.0,3.7,1.0,0,7.0,42.04545454545455,0
0,0.006999999999999999,8.0,10.0,3.3,1.0,0,7.0,37.5,0
0,0.006999999999999999,8.0,10.0,3.3,1.0,0,7.0,37.5,0
0,0.004,6.0,8.0,3.6,1.0,0,7.0,40.90909090909091,0
0,0.008,309.0,302.0,3.5,1.0,0,6.0,326.2602602602603,5
0,0.006,6.0,7.0,3.1,1.0,0,7.0,35.22727272727273,0
0,0.006,6.0,7.0,3.1,1.0,0,7.0,35.22727272727273,0
0,0.01,4.0,6.0,2.6,1.0,0,7.0,29.545454545454547,0
0,0.006999999999999999,9.0,11.0,3.6,1.0,0,6.0,40.90909090909091,0
0,0.006999999999999999,9.0,11.0,3.6,1.0,0,6.0,40.90909090909091,0
0,0.006999999999999999,9.0,11.0,3.6,1.0,0,6.0,40.90909090909091,0
0,0.006999999999999999,9.0,11.0,3.6,1.0,0,6.0,40.90909090909091,0
0,0.006999999999999999,9.0,11.0,3.6,1.0,0,6.0,40.90909090909091,0
0,0.009000000000000001,6.0,9.0,3.1,1.0,0,7.0,35.22727272727273,0
0,0.003,15.0,28.0,3.9,1.0,0,6.0,81.77889447236181,1
0,0.003,15.0,28.0,3.9,1.0,0,6.0,81.77889447236181,1
0,0.036000000000000004,2.0,3.0,2.0,1.0,0,7.0,22.727272727272727,0
0,0.0,7.0,9.0,3.0,1.0,0,7.0,34.09090909090909,0
0,0.009000000000000001,3.0,5.0,3.5,1.0,0,6.0,39.77272727272727,0
0,0.024,2.0,3.0,2.7,1.0,0,6.0,30.681818181818183,0
0,0.002,6.0,9.0,2.8,1.0,0,7.0,31.818181818181817,0
0,0.009000000000000001,4.0,4.0,4.0,1.0,0,7.0,45.45454545454545,0
0,0.019,5.0,6.0,3.0,1.0,0,6.0,34.09090909090909,0
0,0.016,5.0,6.0,3.4,1.0,0,6.0,38.63636363636363,0
0,0.006,6.0,7.0,3.1,1.0,0,7.0,35.22727272727273,0
0,0.006,6.0,7.0,3.1,1.0,0,7.0,35.22727272727273,0
0,0.006,6.0,7.0,3.1,1.0,0,7.0,35.22727272727273,0
0,0.006,6.0,7.0,3.1,1.0,0,7.0,35.22727272727273,0
0,0.006,6.0,7.0,3.1,1.0,0,7.0,35.22727272727273,0
0,0.006,6.0,7.0,3.1,1.0,0,7.0,35.22727272727273,0
0,0.034,38.0,60.0,2.3,1.0,0,6.0,148.1897810218978,2
0,0.01,7.0,11.0,3.2,1.0,0,7.0,36.36363636363637,0
0,0.016,19.0,27.0,2.9,1.0,0,7.0,79.31658291457286,1
0,0.008,16.0,32.0,4.5,1.0,0,7.0,91.6281407035176,1
0,0.008,18.0,35.0,4.4,1.0,0,7.0,99.01507537688443,1
0,0.001,34.0,62.0,3.4,1.0,0,6.0,149.21167883211677,2
0,0.0,9.0,12.0,3.6,1.0,0,7.0,40.90909090909091,0
0,0.005,5.0,7.0,3.4,1.0,0,7.0,38.63636363636363,0
0,0.002,14.0,19.0,4.0,1.0,0,7.0,59.618090452261306,1
0,0.006999999999999999,12.0,10.0,3.2,1.0,0,7.0,36.36363636363637,0
0,0.004,8.0,11.0,3.9,1.0,0,7.0,44.31818181818181,0
0,0.004,7.0,11.0,3.6,1.0,0,7.0,40.90909090909091,0
0,0.0,11.0,12.0,4.7,1.0,0,6.0,53.0,1
0,0.006,8.0,9.0,3.3,1.0,0,7.0,37.5,0
0,0.014,14.0,13.0,2.9,1.0,0,6.0,42.20779220779221,0
0,0.012,12.0,13.0,3.2,1.0,0,6.0,42.20779220779221,0
0,0.006999999999999999,12.0,11.0,3.1,1.0,0,6.0,35.714285714285715,0
0,0.003,12.0,12.0,3.9,1.0,0,6.0,44.31818181818181,0
0,0.017,5.0,7.0,3.0,1.0,0,6.0,34.09090909090909,0
0,0.005,5.0,8.0,4.9,1.0,0,7.0,55.0,1
0,0.009000000000000001,8.0,9.0,3.3,1.0,0,6.0,37.5,0
0,0.006999999999999999,5.0,10.0,2.7,1.0,0,7.0,32.467532467532465,0
0,0.005,9.0,14.0,3.4,1.0,0,7.0,45.45454545454545,0
0,0.006999999999999999,7.0,9.0,2.9,0.0,0,7.0,32.95454545454545,0
0,0.012,71.0,117.0,3.3,1.0,0,6.0,177.31386861313868,3
0,0.014,6.0,7.0,3.1,1.0,0,7.0,35.22727272727273,0
0,0.02,31.0,58.0,2.7,1.0,0,6.0,147.16788321167883,2
0,0.003,10.0,12.0,3.7,1.0,0,7.0,42.04545454545455,0
0,0.012,5.0,6.0,2.5,1.0,0,7.0,28.409090909090907,0
0,0.02,6.0,12.0,2.5,1.0,0,7.0,38.96103896103896,0
0,0.018000000000000002,4.0,4.0,2.8,1.0,0,7.0,31.818181818181817,0
0,0.009000000000000001,9.0,14.0,3.0,1.0,0,7.0,45.45454545454545,0
0,0.001,7.0,10.0,3.8,1.0,0,7.0,43.18181818181818,0
0,0.009000000000000001,3.0,5.0,3.5,1.0,0,6.0,39.77272727272727,0
0,0.009000000000000001,3.0,5.0,3.5,1.0,0,6.0,39.77272727272727,0
0,0.009000000000000001,3.0,5.0,3.5,1.0,0,6.0,39.77272727272727,0
0,0.016,3.0,3.0,2.9,1.0,0,7.0,32.95454545454545,0
0,0.016,36.0,67.0,3.1,1.0,0,6.0,151.76642335766422,3
0,0.001,12.0,13.0,3.6,1.0,0,7.0,42.20779220779221,0
0,0.028999999999999998,3.0,4.0,7.9,16.0,0,7.0,85.0,1
0,0.028999999999999998,3.0,4.0,7.9,16.0,0,7.0,85.0,1
0,0.028999999999999998,3.0,4.0,7.9,16.0,0,7.0,85.0,1
0,0.028999999999999998,3.0,4.0,7.9,16.0,0,7.0,85.0,1
0,0.028999999999999998,3.0,4.0,7.9,16.0,0,7.0,85.0,1
0,0.028999999999999998,3.0,4.0,7.9,16.0,0,7.0,85.0,1
0,0.028999999999999998,3.0,4.0,7.9,16.0,0,7.0,85.0,1
0,0.028999999999999998,3.0,4.0,7.9,16.0,0,7.0,85.0,1
0,0.028999999999999998,3.0,4.0,7.9,16.0,0,7.0,85.0,1
0,0.028999999999999998,3.0,4.0,7.9,16.0,0,7.0,85.0,1
0,0.028999999999999998,3.0,4.0,7.9,16.0,0,7.0,85.0,1
0,0.006,13.0,7.0,9.6,32.0,0,7.0,102.6896551724138,2
0,0.006,13.0,7.0,9.6,32.0,0,7.0,102.6896551724138,2
0,0.006,13.0,7.0,9.6,32.0,0,7.0,102.6896551724138,2
0,0.006,13.0,7.0,9.6,32.0,0,7.0,102.6896551724138,2
0,0.006,13.0,7.0,9.6,32.0,0,7.0,102.6896551724138,2
0,0.006,13.0,7.0,9.6,32.0,0,7.0,102.6896551724138,2
0,0.006,13.0,7.0,9.6,32.0,0,7.0,102.6896551724138,2
0,0.006,13.0,7.0,9.6,32.0,0,7.0,102.6896551724138,2
0,0.006,13.0,7.0,9.6,32.0,0,7.0,102.6896551724138,2
0,0.006,13.0,7.0,9.6,32.0,0,7.0,102.6896551724138,2
0,0.006,13.0,7.0,9.6,32.0,0,7.0,102.6896551724138,2
0,0.006,13.0,7.0,9.6,32.0,0,7.0,102.6896551724138,2
0,0.006,13.0,7.0,9.6,32.0,0,7.0,102.6896551724138,2
0,0.006,13.0,7.0,9.6,32.0,0,7.0,102.6896551724138,2
0,0.001,4.0,4.0,9.2,45.0,0,7.0,98.0,1
0,0.001,4.0,4.0,9.2,45.0,0,7.0,98.0,1
0,0.001,4.0,4.0,9.2,45.0,0,7.0,98.0,1
0,0.001,4.0,4.0,9.2,45.0,0,7.0,98.0,1
0,0.001,4.0,4.0,9.2,45.0,0,7.0,98.0,1
0,0.001,4.0,4.0,9.2,45.0,0,7.0,98.0,1
0,0.006,3.0,4.0,8.0,25.0,0,6.0,86.0,1
0,0.006,3.0,4.0,8.0,25.0,0,6.0,86.0,1
0,0.006,3.0,4.0,8.0,25.0,0,6.0,86.0,1
0,0.006,3.0,4.0,8.0,25.0,0,6.0,86.0,1
0,0.006,3.0,4.0,8.0,25.0,0,6.0,86.0,1
0,0.006,3.0,4.0,8.0,25.0,0,6.0,86.0,1
0,0.006,3.0,4.0,8.0,25.0,0,6.0,86.0,1
0,0.006,3.0,4.0,8.0,25.0,0,6.0,86.0,1
0,0.006,3.0,4.0,8.0,25.0,0,6.0,86.0,1
0,0.006,3.0,4.0,8.0,25.0,0,6.0,86.0,1
0,0.006,3.0,4.0,8.0,25.0,0,6.0,86.0,1
0,0.006,3.0,4.0,8.0,25.0,0,6.0,86.0,1
0,0.006,3.0,4.0,8.0,25.0,0,6.0,86.0,1
0,0.006,3.0,4.0,8.0,25.0,0,6.0,86.0,1
0,0.006,3.0,4.0,8.0,25.0,0,6.0,86.0,1
0,0.004,4.0,3.0,10.5,37.0,0,7.0,117.89655172413794,2
0,0.004,4.0,3.0,10.5,37.0,0,7.0,117.89655172413794,2
0,0.004,4.0,3.0,10.5,37.0,0,7.0,117.89655172413794,2
0,0.004,4.0,3.0,10.5,37.0,0,7.0,117.89655172413794,2
0,0.004,4.0,3.0,10.5,37.0,0,7.0,117.89655172413794,2
0,0.004,4.0,3.0,10.5,37.0,0,7.0,117.89655172413794,2
0,0.004,4.0,3.0,10.5,37.0,0,7.0,117.89655172413794,2
0,0.004,4.0,3.0,10.5,37.0,0,7.0,117.89655172413794,2
0,0.004,4.0,3.0,10.5,37.0,0,7.0,117.89655172413794,2
0,0.004,4.0,3.0,10.5,37.0,0,7.0,117.89655172413794,2
0,0.004,4.0,3.0,10.5,37.0,0,7.0,117.89655172413794,2
0,0.004,4.0,3.0,10.5,37.0,0,7.0,117.89655172413794,2
0,0.012,12.0,5.0,9.4,30.0,0,7.0,100.0,2
0,0.040999999999999995,3.0,2.0,9.8,17.0,0,7.0,106.0689655172414,2
0,0.040999999999999995,3.0,2.0,9.8,17.0,0,7.0,106.0689655172414,2
0,0.040999999999999995,3.0,2.0,9.8,17.0,0,7.0,106.0689655172414,2
0,0.040999999999999995,3.0,2.0,9.8,17.0,0,7.0,106.0689655172414,2
0,0.040999999999999995,3.0,2.0,9.8,17.0,0,7.0,106.0689655172414,2
0,0.040999999999999995,3.0,2.0,9.8,17.0,0,7.0,106.0689655172414,2
0,0.040999999999999995,3.0,2.0,9.8,17.0,0,7.0,106.0689655172414,2
0,0.040999999999999995,3.0,2.0,9.8,17.0,0,7.0,106.0689655172414,2
0,0.040999999999999995,3.0,2.0,9.8,17.0,0,7.0,106.0689655172414,2
0,0.040999999999999995,3.0,2.0,9.8,17.0,0,7.0,106.0689655172414,2
0,0.040999999999999995,3.0,2.0,9.8,17.0,0,7.0,106.0689655172414,2
0,0.040999999999999995,3.0,2.0,9.8,17.0,0,7.0,106.0689655172414,2
0,0.040999999999999995,3.0,2.0,9.8,17.0,0,7.0,106.0689655172414,2
0,0.013000000000000001,7.0,4.0,10.3,23.0,0,7.0,114.51724137931036,2
0,0.013000000000000001,7.0,4.0,10.3,23.0,0,7.0,114.51724137931036,2
0,0.013000000000000001,7.0,4.0,10.3,23.0,0,7.0,114.51724137931036,2
0,0.013000000000000001,7.0,4.0,10.3,23.0,0,7.0,114.51724137931036,2
0,0.013000000000000001,7.0,4.0,10.3,23.0,0,7.0,114.51724137931036,2
0,0.013000000000000001,7.0,4.0,10.3,23.0,0,7.0,114.51724137931036,2
0,0.013000000000000001,7.0,4.0,10.3,23.0,0,7.0,114.51724137931036,2
0,0.013000000000000001,7.0,4.0,10.3,23.0,0,7.0,114.51724137931036,2
0,0.013000000000000001,7.0,4.0,10.3,23.0,0,7.0,114.51724137931036,2
0,0.013000000000000001,7.0,4.0,10.3,23.0,0,7.0,114.51724137931036,2
0,0.013000000000000001,7.0,4.0,10.3,23.0,0,7.0,114.51724137931036,2
0,0.013000000000000001,7.0,4.0,10.3,23.0,0,7.0,114.51724137931036,2
0,0.013000000000000001,7.0,4.0,10.3,23.0,0,7.0,114.51724137931036,2
0,0.013000000000000001,7.0,4.0,10.3,23.0,0,7.0,114.51724137931036,2
0,0.006999999999999999,6.0,4.0,8.6,28.0,0,7.0,92.0,1
0,0.006999999999999999,6.0,4.0,8.6,28.0,0,7.0,92.0,1
0,0.006999999999999999,6.0,4.0,8.6,28.0,0,7.0,92.0,1
0,0.006999999999999999,6.0,4.0,8.6,28.0,0,7.0,92.0,1
0,0.006999999999999999,6.0,4.0,8.6,28.0,0,7.0,92.0,1
0,0.006999999999999999,6.0,4.0,8.6,28.0,0,7.0,92.0,1
0,0.006999999999999999,6.0,4.0,8.6,28.0,0,7.0,92.0,1
0,0.006999999999999999,6.0,4.0,8.6,28.0,0,7.0,92.0,1
0,0.006999999999999999,6.0,4.0,8.6,28.0,0,7.0,92.0,1
0,0.006999999999999999,6.0,4.0,8.6,28.0,0,7.0,92.0,1
0,0.006999999999999999,6.0,4.0,8.6,28.0,0,7.0,92.0,1
0,0.006999999999999999,6.0,4.0,8.6,28.0,0,7.0,92.0,1
0,0.019,3.0,3.0,9.1,21.0,0,7.0,97.0,1
0,0.019,3.0,3.0,9.1,21.0,0,7.0,97.0,1
0,0.019,3.0,3.0,9.1,21.0,0,7.0,97.0,1
0,0.019,3.0,3.0,9.1,21.0,0,7.0,97.0,1
0,0.019,3.0,3.0,9.1,21.0,0,7.0,97.0,1
0,0.019,3.0,3.0,9.1,21.0,0,7.0,97.0,1
0,0.019,3.0,3.0,9.1,21.0,0,7.0,97.0,1
0,0.019,3.0,3.0,9.1,21.0,0,7.0,97.0,1
0,0.019,3.0,3.0,9.1,21.0,0,7.0,97.0,1
0,0.019,3.0,3.0,9.1,21.0,0,7.0,97.0,1
0,0.019,3.0,3.0,9.1,21.0,0,7.0,97.0,1
0,0.019,3.0,3.0,9.1,21.0,0,7.0,97.0,1
0,0.019,3.0,3.0,9.1,21.0,0,7.0,97.0,1
0,0.01,58.0,112.0,10.1,26.0,0,7.0,174.75912408759123,3
0,0.01,58.0,112.0,10.1,26.0,0,7.0,174.75912408759123,3
0,0.01,58.0,112.0,10.1,26.0,0,7.0,174.75912408759123,3
0,0.01,58.0,112.0,10.1,26.0,0,7.0,174.75912408759123,3
0,0.01,58.0,112.0,10.1,26.0,0,7.0,174.75912408759123,3
0,0.01,58.0,112.0,10.1,26.0,0,7.0,174.75912408759123,3
0,0.01,58.0,112.0,10.1,26.0,0,7.0,174.75912408759123,3
0,0.01,58.0,112.0,10.1,26.0,0,7.0,174.75912408759123,3
0,0.01,58.0,112.0,10.1,26.0,0,7.0,174.75912408759123,3
0,0.01,58.0,112.0,10.1,26.0,0,7.0,174.75912408759123,3
0,0.01,58.0,112.0,10.1,26.0,0,7.0,174.75912408759123,3
0,0.012,6.0,6.0,9.3,20.0,0,7.0,99.0,1
0,0.012,6.0,6.0,9.3,20.0,0,7.0,99.0,1
0,0.012,6.0,6.0,9.3,20.0,0,7.0,99.0,1
0,0.012,6.0,6.0,9.3,20.0,0,7.0,99.0,1
0,0.012,6.0,6.0,9.3,20.0,0,7.0,99.0,1
0,0.012,6.0,6.0,9.3,20.0,0,7.0,99.0,1
0,0.012,6.0,6.0,9.3,20.0,0,7.0,99.0,1
0,0.012,6.0,6.0,9.3,20.0,0,7.0,99.0,1
0,0.003,169.0,318.0,6.0,26.0,0,7.0,334.1081081081081,5
0,0.003,169.0,318.0,6.0,26.0,0,7.0,334.1081081081081,5
0,0.012,8.0,4.0,5.0,30.0,0,8.0,56.0,1
0,0.012,8.0,4.0,5.0,30.0,0,8.0,56.0,1
0,0.012,8.0,4.0,5.0,30.0,0,8.0,56.0,1
0,0.012,8.0,4.0,5.0,30.0,0,8.0,56.0,1
0,0.012,8.0,4.0,5.0,30.0,0,8.0,56.0,1
0,0.012,8.0,4.0,5.0,30.0,0,8.0,56.0,1
0,0.012,8.0,4.0,5.0,30.0,0,8.0,56.0,1
0,0.012,8.0,4.0,5.0,30.0,0,8.0,56.0,1
0,0.012,8.0,4.0,5.0,30.0,0,8.0,56.0,1
0,0.012,8.0,4.0,5.0,30.0,0,8.0,56.0,1
0,0.012,8.0,4.0,5.0,30.0,0,8.0,56.0,1
0,0.012,8.0,4.0,5.0,30.0,0,8.0,56.0,1
0,0.012,8.0,4.0,5.0,30.0,0,8.0,56.0,1
0,0.012,8.0,4.0,5.0,30.0,0,8.0,56.0,1
0,0.009000000000000001,2.0,3.0,5.0,21.0,0,8.0,56.0,1
0,0.009000000000000001,2.0,3.0,5.0,21.0,0,8.0,56.0,1
0,0.009000000000000001,2.0,3.0,5.0,21.0,0,8.0,56.0,1
0,0.009000000000000001,2.0,3.0,5.0,21.0,0,8.0,56.0,1
0,0.009000000000000001,2.0,3.0,5.0,21.0,0,8.0,56.0,1
0,0.009000000000000001,2.0,3.0,5.0,21.0,0,8.0,56.0,1
0,0.009000000000000001,2.0,3.0,5.0,21.0,0,8.0,56.0,1
0,0.009000000000000001,2.0,3.0,5.0,21.0,0,8.0,56.0,1
0,0.009000000000000001,2.0,3.0,5.0,21.0,0,8.0,56.0,1
0,0.009000000000000001,2.0,3.0,5.0,21.0,0,8.0,56.0,1
0,0.009000000000000001,2.0,3.0,5.0,21.0,0,8.0,56.0,1
0,0.024,1.0,1.0,5.8,15.0,0,7.0,64.0,1
0,0.003,122.0,226.0,5.5,18.0,0,7.0,238.03203203203202,4
0,0.003,122.0,226.0,5.5,18.0,0,7.0,238.03203203203202,4
0,0.003,122.0,226.0,5.5,18.0,0,7.0,238.03203203203202,4
0,0.003,122.0,226.0,5.5,18.0,0,7.0,238.03203203203202,4
0,0.003,122.0,226.0,5.5,18.0,0,7.0,238.03203203203202,4
0,0.003,122.0,226.0,5.5,18.0,0,7.0,238.03203203203202,4
0,0.003,122.0,226.0,5.5,18.0,0,7.0,238.03203203203202,4
0,0.003,122.0,226.0,5.5,18.0,0,7.0,238.03203203203202,4
0,0.003,122.0,226.0,5.5,18.0,0,7.0,238.03203203203202,4
0,0.003,122.0,226.0,5.5,18.0,0,7.0,238.03203203203202,4
0,0.003,122.0,226.0,5.5,18.0,0,7.0,238.03203203203202,4
0,0.003,122.0,226.0,5.5,18.0,0,7.0,238.03203203203202,4
0,0.003,122.0,226.0,5.5,18.0,0,7.0,238.03203203203202,4
0,0.003,122.0,226.0,5.5,18.0,0,7.0,238.03203203203202,4
0,0.01,4.0,3.0,5.0,23.0,0,8.0,56.0,1
0,0.01,4.0,3.0,5.0,23.0,0,8.0,56.0,1
0,0.01,4.0,3.0,5.0,23.0,0,8.0,56.0,1
0,0.01,4.0,3.0,5.0,23.0,0,8.0,56.0,1
0,0.01,4.0,3.0,5.0,23.0,0,8.0,56.0,1
0,0.01,4.0,3.0,5.0,23.0,0,8.0,56.0,1
0,0.01,4.0,3.0,5.0,23.0,0,8.0,56.0,1
0,0.01,4.0,3.0,5.0,23.0,0,8.0,56.0,1
0,0.01,4.0,3.0,5.0,23.0,0,8.0,56.0,1
0,0.01,4.0,3.0,5.0,23.0,0,8.0,56.0,1
0,0.01,4.0,3.0,5.0,23.0,0,8.0,56.0,1
0,0.01,4.0,3.0,5.0,23.0,0,8.0,56.0,1
0,0.01,4.0,3.0,5.0,23.0,0,8.0,56.0,1
0,0.01,4.0,3.0,5.0,23.0,0,8.0,56.0,1
0,0.01,4.0,3.0,5.0,23.0,0,8.0,56.0,1
0,0.017,229.0,397.0,6.8,17.0,0,7.0,416.2001334222815,5
0,0.017,229.0,397.0,6.8,17.0,0,7.0,416.2001334222815,5
0,0.017,229.0,397.0,6.8,17.0,0,7.0,416.2001334222815,5
0,0.017,229.0,397.0,6.8,17.0,0,7.0,416.2001334222815,5
0,0.017,229.0,397.0,6.8,17.0,0,7.0,416.2001334222815,5
0,0.017,229.0,397.0,6.8,17.0,0,7.0,416.2001334222815,5
0,0.017,229.0,397.0,6.8,17.0,0,7.0,416.2001334222815,5
0,0.017,229.0,397.0,6.8,17.0,0,7.0,416.2001334222815,5
0,0.017,229.0,397.0,6.8,17.0,0,7.0,416.2001334222815,5
0,0.017,229.0,397.0,6.8,17.0,0,7.0,416.2001334222815,5
0,0.017,229.0,397.0,6.8,17.0,0,7.0,416.2001334222815,5
0,0.017,229.0,397.0,6.8,17.0,0,7.0,416.2001334222815,5
0,0.026,4.0,4.0,5.9,21.0,0,7.0,65.0,1
0,0.026,4.0,4.0,5.9,21.0,0,7.0,65.0,1
0,0.026,4.0,4.0,5.9,21.0,0,7.0,65.0,1
0,0.026,4.0,4.0,5.9,21.0,0,7.0,65.0,1
0,0.026,4.0,4.0,5.9,21.0,0,7.0,65.0,1
0,0.026,4.0,4.0,5.9,21.0,0,7.0,65.0,1
0,0.026,4.0,4.0,5.9,21.0,0,7.0,65.0,1
0,0.026,4.0,4.0,5.9,21.0,0,7.0,65.0,1
0,0.026,4.0,4.0,5.9,21.0,0,7.0,65.0,1
0,0.026,4.0,4.0,5.9,21.0,0,7.0,65.0,1
0,0.026,4.0,4.0,5.9,21.0,0,7.0,65.0,1
0,0.026,4.0,4.0,5.9,21.0,0,7.0,65.0,1
0,0.026,4.0,4.0,5.9,21.0,0,7.0,65.0,1
0,0.026,4.0,4.0,5.9,21.0,0,7.0,65.0,1
0,0.026,4.0,4.0,5.9,21.0,0,7.0,65.0,1
0,0.026,4.0,4.0,5.9,21.0,0,7.0,65.0,1
0,0.002,315.0,397.0,6.8,23.0,0,7.0,416.2001334222815,5
0,0.002,315.0,397.0,6.8,23.0,0,7.0,416.2001334222815,5
0,0.003,7.0,4.0,4.4,36.0,0,8.0,50.0,1
0,0.003,7.0,4.0,4.4,36.0,0,8.0,50.0,1
0,0.003,7.0,4.0,4.4,36.0,0,8.0,50.0,1
0,0.003,7.0,4.0,4.4,36.0,0,8.0,50.0,1
0,0.003,7.0,4.0,4.4,36.0,0,8.0,50.0,1
0,0.003,7.0,4.0,4.4,36.0,0,8.0,50.0,1
0,0.003,7.0,4.0,4.4,36.0,0,8.0,50.0,1
0,0.003,7.0,4.0,4.4,36.0,0,8.0,50.0,1
0,0.003,7.0,4.0,4.4,36.0,0,8.0,50.0,1
0,0.003,7.0,4.0,4.4,36.0,0,8.0,50.0,1
0,0.003,7.0,4.0,4.4,36.0,0,8.0,50.0,1
0,0.003,7.0,4.0,4.4,36.0,0,8.0,50.0,1
0,0.003,7.0,4.0,4.4,36.0,0,8.0,50.0,1
0,0.003,7.0,4.0,4.4,36.0,0,8.0,50.0,1
0,0.006,3.0,3.0,5.6,43.0,0,6.0,62.0,1
0,0.006,3.0,3.0,5.6,43.0,0,6.0,62.0,1
0,0.006,3.0,3.0,5.6,43.0,0,6.0,62.0,1
0,0.006,3.0,3.0,5.6,43.0,0,6.0,62.0,1
0,0.006,3.0,3.0,5.6,43.0,0,6.0,62.0,1
0,0.006,3.0,3.0,5.6,43.0,0,6.0,62.0,1
0,0.006,3.0,3.0,5.6,43.0,0,6.0,62.0,1
0,0.006,3.0,3.0,5.6,43.0,0,6.0,62.0,1
0,0.006,3.0,3.0,5.6,43.0,0,6.0,62.0,1
0,0.006,3.0,3.0,5.6,43.0,0,6.0,62.0,1
0,0.006,3.0,3.0,5.6,43.0,0,6.0,62.0,1
0,0.006,3.0,3.0,5.6,43.0,0,6.0,62.0,1
0,0.03,4.0,3.0,5.8,23.0,0,7.0,64.0,1
0,0.03,4.0,3.0,5.8,23.0,0,7.0,64.0,1
0,0.03,4.0,3.0,5.8,23.0,0,7.0,64.0,1
0,0.03,4.0,3.0,5.8,23.0,0,7.0,64.0,1
0,0.03,4.0,3.0,5.8,23.0,0,7.0,64.0,1
0,0.03,4.0,3.0,5.8,23.0,0,7.0,64.0,1
0,0.03,4.0,3.0,5.8,23.0,0,7.0,64.0,1
0,0.03,4.0,3.0,5.8,23.0,0,7.0,64.0,1
0,0.03,4.0,3.0,5.8,23.0,0,7.0,64.0,1
0,0.03,4.0,3.0,5.8,23.0,0,7.0,64.0,1
0,0.03,4.0,3.0,5.8,23.0,0,7.0,64.0,1
0,0.03,4.0,3.0,5.8,23.0,0,7.0,64.0,1
0,0.03,4.0,3.0,5.8,23.0,0,7.0,64.0,1
0,0.03,4.0,3.0,5.8,23.0,0,7.0,64.0,1
0,0.002,109.0,206.0,6.5,23.0,0,7.0,228.22222222222223,4
0,0.002,109.0,206.0,6.5,23.0,0,7.0,228.22222222222223,4
0,0.002,109.0,206.0,6.5,23.0,0,7.0,228.22222222222223,4
0,0.002,109.0,206.0,6.5,23.0,0,7.0,228.22222222222223,4
0,0.002,109.0,206.0,6.5,23.0,0,7.0,228.22222222222223,4
0,0.002,109.0,206.0,6.5,23.0,0,7.0,228.22222222222223,4
0,0.002,109.0,206.0,6.5,23.0,0,7.0,228.22222222222223,4
0,0.002,109.0,206.0,6.5,23.0,0,7.0,228.22222222222223,4
0,0.002,109.0,206.0,6.5,23.0,0,7.0,228.22222222222223,4
0,0.002,109.0,206.0,6.5,23.0,0,7.0,228.22222222222223,4
0,0.002,109.0,206.0,6.5,23.0,0,7.0,228.22222222222223,4
0,0.002,109.0,206.0,6.5,23.0,0,7.0,228.22222222222223,4
0,0.002,109.0,206.0,6.5,23.0,0,7.0,228.22222222222223,4
0,0.024,4.0,2.0,5.9,25.0,0,7.0,65.0,1
0,0.024,4.0,2.0,5.9,25.0,0,7.0,65.0,1
0,0.024,4.0,2.0,5.9,25.0,0,7.0,65.0,1
0,0.024,4.0,2.0,5.9,25.0,0,7.0,65.0,1
0,0.024,4.0,2.0,5.9,25.0,0,7.0,65.0,1
0,0.024,4.0,2.0,5.9,25.0,0,7.0,65.0,1
0,0.024,4.0,2.0,5.9,25.0,0,7.0,65.0,1
0,0.024,4.0,2.0,5.9,25.0,0,7.0,65.0,1
0,0.024,4.0,2.0,5.9,25.0,0,7.0,65.0,1
0,0.024,4.0,2.0,5.9,25.0,0,7.0,65.0,1
0,0.024,4.0,2.0,5.9,25.0,0,7.0,65.0,1
0,0.024,4.0,2.0,5.9,25.0,0,7.0,65.0,1
0,0.001,234.0,398.0,6.7,25.0,0,7.0,416.527018012008,5
0,0.001,234.0,398.0,6.7,25.0,0,7.0,416.527018012008,5
0,0.006999999999999999,14.0,12.0,4.1,31.0,0,7.0,46.590909090909086,0
0,0.006999999999999999,14.0,12.0,4.1,31.0,0,7.0,46.590909090909086,0
0,0.006999999999999999,14.0,12.0,4.1,31.0,0,7.0,46.590909090909086,0
0,0.006999999999999999,14.0,12.0,4.1,31.0,0,7.0,46.590909090909086,0
0,0.006999999999999999,14.0,12.0,4.1,31.0,0,7.0,46.590909090909086,0
0,0.006999999999999999,14.0,12.0,4.1,31.0,0,7.0,46.590909090909086,0
0,0.006999999999999999,14.0,12.0,4.1,31.0,0,7.0,46.590909090909086,0
0,0.006999999999999999,14.0,12.0,4.1,31.0,0,7.0,46.590909090909086,0
0,0.006999999999999999,14.0,12.0,4.1,31.0,0,7.0,46.590909090909086,0
0,0.006999999999999999,14.0,12.0,4.1,31.0,0,7.0,46.590909090909086,0
0,0.006999999999999999,14.0,12.0,4.1,31.0,0,7.0,46.590909090909086,0
0,0.006999999999999999,14.0,12.0,4.1,31.0,0,7.0,46.590909090909086,0
0,0.006999999999999999,14.0,12.0,4.1,31.0,0,7.0,46.590909090909086,0
0,0.006999999999999999,14.0,12.0,4.1,31.0,0,7.0,46.590909090909086,0
0,0.006999999999999999,14.0,12.0,4.1,31.0,0,7.0,46.590909090909086,0
0,0.006999999999999999,14.0,12.0,4.1,31.0,0,7.0,46.590909090909086,0
0,0.006,4.0,4.0,6.3,31.0,0,7.0,69.0,1
0,0.006,4.0,4.0,6.3,31.0,0,7.0,69.0,1
0,0.006,4.0,4.0,6.3,31.0,0,7.0,69.0,1
0,0.006,4.0,4.0,6.3,31.0,0,7.0,69.0,1
0,0.006,4.0,4.0,6.3,31.0,0,7.0,69.0,1
0,0.006,4.0,4.0,6.3,31.0,0,7.0,69.0,1
0,0.006,4.0,4.0,6.3,31.0,0,7.0,69.0,1
0,0.006,4.0,4.0,6.3,31.0,0,7.0,69.0,1
0,0.006,4.0,4.0,6.3,31.0,0,7.0,69.0,1
0,0.006,4.0,4.0,6.3,31.0,0,7.0,69.0,1
0,0.006,4.0,4.0,6.3,31.0,0,7.0,69.0,1
0,0.006,4.0,4.0,6.3,31.0,0,7.0,69.0,1
0,0.006,4.0,4.0,6.3,31.0,0,7.0,69.0,1
0,0.005,4.0,3.0,4.8,28.0,0,7.0,54.0,1
0,0.005,4.0,3.0,4.8,28.0,0,7.0,54.0,1
0,0.005,4.0,3.0,4.8,28.0,0,7.0,54.0,1
0,0.005,4.0,3.0,4.8,28.0,0,7.0,54.0,1
0,0.005,4.0,3.0,4.8,28.0,0,7.0,54.0,1
0,0.005,4.0,3.0,4.8,28.0,0,7.0,54.0,1
0,0.005,4.0,3.0,4.8,28.0,0,7.0,54.0,1
0,0.005,4.0,3.0,4.8,28.0,0,7.0,54.0,1
0,0.005,4.0,3.0,4.8,28.0,0,7.0,54.0,1
0,0.005,4.0,3.0,4.8,28.0,0,7.0,54.0,1
0,0.005,4.0,3.0,4.8,28.0,0,7.0,54.0,1
0,0.005,4.0,3.0,4.8,28.0,0,7.0,54.0,1
0,0.005,4.0,3.0,4.8,28.0,0,7.0,54.0,1
0,0.005,4.0,3.0,4.8,28.0,0,7.0,54.0,1
0,0.005,4.0,3.0,4.8,28.0,0,7.0,54.0,1
0,0.002,6.0,5.0,6.7,28.0,0,7.0,73.0,1
0,0.002,6.0,5.0,6.7,28.0,0,7.0,73.0,1
0,0.002,6.0,5.0,6.7,28.0,0,7.0,73.0,1
0,0.002,6.0,5.0,6.7,28.0,0,7.0,73.0,1
0,0.002,6.0,5.0,6.7,28.0,0,7.0,73.0,1
0,0.002,6.0,5.0,6.7,28.0,0,7.0,73.0,1
0,0.002,6.0,5.0,6.7,28.0,0,7.0,73.0,1
0,0.002,6.0,5.0,6.7,28.0,0,7.0,73.0,1
0,0.002,6.0,5.0,6.7,28.0,0,7.0,73.0,1
0,0.002,6.0,5.0,6.7,28.0,0,7.0,73.0,1
0,0.002,6.0,5.0,6.7,28.0,0,7.0,73.0,1
0,0.002,6.0,5.0,6.7,28.0,0,7.0,73.0,1
0,0.002,6.0,5.0,6.7,28.0,0,7.0,73.0,1
0,0.002,6.0,5.0,6.7,28.0,0,7.0,73.0,1
0,0.002,6.0,5.0,6.7,28.0,0,7.0,73.0,1
0,0.01,13.0,5.0,6.4,64.0,0,7.0,70.0,1
0,0.01,13.0,5.0,6.4,64.0,0,7.0,70.0,1
0,0.01,13.0,5.0,6.4,64.0,0,7.0,70.0,1
0,0.01,13.0,5.0,6.4,64.0,0,7.0,70.0,1
0,0.01,13.0,5.0,6.4,64.0,0,7.0,70.0,1
0,0.01,13.0,5.0,6.4,64.0,0,7.0,70.0,1
0,0.01,13.0,5.0,6.4,64.0,0,7.0,70.0,1
0,0.01,13.0,5.0,6.4,64.0,0,7.0,70.0,1
0,0.01,13.0,5.0,6.4,64.0,0,7.0,70.0,1
0,0.003,3.0,2.0,5.2,30.0,0,8.0,58.0,1
0,0.003,3.0,2.0,5.2,30.0,0,8.0,58.0,1
0,0.003,3.0,2.0,5.2,30.0,0,8.0,58.0,1
0,0.003,3.0,2.0,5.2,30.0,0,8.0,58.0,1
0,0.003,3.0,2.0,5.2,30.0,0,8.0,58.0,1
0,0.003,3.0,2.0,5.2,30.0,0,8.0,58.0,1
0,0.003,3.0,2.0,5.2,30.0,0,8.0,58.0,1
0,0.003,3.0,2.0,5.2,30.0,0,8.0,58.0,1
0,0.003,3.0,2.0,5.2,30.0,0,8.0,58.0,1
0,0.003,3.0,2.0,5.2,30.0,0,8.0,58.0,1
0,0.003,3.0,2.0,5.2,30.0,0,8.0,58.0,1
0,0.003,3.0,2.0,5.2,30.0,0,8.0,58.0,1
0,0.003,3.0,2.0,5.2,30.0,0,8.0,58.0,1
0,0.003,3.0,2.0,5.2,30.0,0,8.0,58.0,1
0,0.003,3.0,2.0,5.2,30.0,0,8.0,58.0,1
0,0.008,6.0,7.0,4.4,33.0,0,7.0,50.0,1
0,0.008,6.0,7.0,4.4,33.0,0,7.0,50.0,1
0,0.008,6.0,7.0,4.4,33.0,0,7.0,50.0,1
0,0.008,6.0,7.0,4.4,33.0,0,7.0,50.0,1
0,0.008,6.0,7.0,4.4,33.0,0,7.0,50.0,1
0,0.008,6.0,7.0,4.4,33.0,0,7.0,50.0,1
0,0.008,6.0,7.0,4.4,33.0,0,7.0,50.0,1
0,0.008,6.0,7.0,4.4,33.0,0,7.0,50.0,1
0,0.008,6.0,7.0,4.4,33.0,0,7.0,50.0,1
0,0.008,6.0,7.0,4.4,33.0,0,7.0,50.0,1
0,0.008,6.0,7.0,4.4,33.0,0,7.0,50.0,1
0,0.008,6.0,7.0,4.4,33.0,0,7.0,50.0,1
0,0.008,6.0,7.0,4.4,33.0,0,7.0,50.0,1
0,0.008,6.0,7.0,4.4,33.0,0,7.0,50.0,1
0,0.004,3.0,2.0,6.4,24.0,0,7.0,70.0,1
0,0.004,3.0,2.0,6.4,24.0,0,7.0,70.0,1
0,0.004,3.0,2.0,6.4,24.0,0,7.0,70.0,1
0,0.004,3.0,2.0,6.4,24.0,0,7.0,70.0,1
0,0.004,3.0,2.0,6.4,24.0,0,7.0,70.0,1
0,0.004,3.0,2.0,6.4,24.0,0,7.0,70.0,1
0,0.004,3.0,2.0,6.4,24.0,0,7.0,70.0,1
0,0.004,3.0,2.0,6.4,24.0,0,7.0,70.0,1
0,0.004,3.0,2.0,6.4,24.0,0,7.0,70.0,1
0,0.004,3.0,2.0,6.4,24.0,0,7.0,70.0,1
0,0.004,3.0,2.0,6.4,24.0,0,7.0,70.0,1
0,0.004,3.0,2.0,6.4,24.0,0,7.0,70.0,1
0,0.004,3.0,2.0,6.4,24.0,0,7.0,70.0,1
0,0.004,3.0,2.0,6.4,24.0,0,7.0,70.0,1
0,0.004,3.0,2.0,6.4,24.0,0,7.0,70.0,1
0,0.0,4.0,4.0,5.2,26.0,0,7.0,58.0,1
0,0.0,4.0,4.0,5.2,26.0,0,7.0,58.0,1
0,0.0,4.0,4.0,5.2,26.0,0,7.0,58.0,1
0,0.0,4.0,4.0,5.2,26.0,0,7.0,58.0,1
0,0.0,4.0,4.0,5.2,26.0,0,7.0,58.0,1
0,0.0,4.0,4.0,5.2,26.0,0,7.0,58.0,1
0,0.0,4.0,4.0,5.2,26.0,0,7.0,58.0,1
0,0.0,4.0,4.0,5.2,26.0,0,7.0,58.0,1
0,0.0,4.0,4.0,5.2,26.0,0,7.0,58.0,1
0,0.0,4.0,4.0,5.2,26.0,0,7.0,58.0,1
0,0.0,4.0,4.0,5.2,26.0,0,7.0,58.0,1
0,0.0,4.0,4.0,5.2,26.0,0,7.0,58.0,1
0,0.0,4.0,4.0,5.2,26.0,0,7.0,58.0,1
0,0.0,4.0,4.0,5.2,26.0,0,7.0,58.0,1
0,0.0,4.0,4.0,5.2,26.0,0,7.0,58.0,1
0,0.001,7.0,5.0,5.5,32.0,0,7.0,61.0,1
0,0.001,7.0,5.0,5.5,32.0,0,7.0,61.0,1
0,0.001,7.0,5.0,5.5,32.0,0,7.0,61.0,1
0,0.001,7.0,5.0,5.5,32.0,0,7.0,61.0,1
0,0.001,7.0,5.0,5.5,32.0,0,7.0,61.0,1
0,0.001,7.0,5.0,5.5,32.0,0,7.0,61.0,1
0,0.001,7.0,5.0,5.5,32.0,0,7.0,61.0,1
0,0.006,5.0,3.0,5.1,45.0,0,8.0,57.0,1
0,0.006,5.0,3.0,5.1,45.0,0,8.0,57.0,1
0,0.006,5.0,3.0,5.1,45.0,0,8.0,57.0,1
0,0.006,5.0,3.0,5.1,45.0,0,8.0,57.0,1
0,0.006,5.0,3.0,5.1,45.0,0,8.0,57.0,1
0,0.006,5.0,3.0,5.1,45.0,0,8.0,57.0,1
0,0.006,5.0,3.0,5.1,45.0,0,8.0,57.0,1
0,0.006,5.0,3.0,5.1,45.0,0,8.0,57.0,1
0,0.006,5.0,3.0,5.1,45.0,0,8.0,57.0,1
0,0.006,5.0,3.0,5.1,45.0,0,8.0,57.0,1
0,0.006,5.0,3.0,5.1,45.0,0,8.0,57.0,1
0,0.004,9.0,12.0,4.3,26.0,0,7.0,48.86363636363636,0
0,0.004,9.0,12.0,4.3,26.0,0,7.0,48.86363636363636,0
0,0.004,9.0,12.0,4.3,26.0,0,7.0,48.86363636363636,0
0,0.004,9.0,12.0,4.3,26.0,0,7.0,48.86363636363636,0
0,0.004,9.0,12.0,4.3,26.0,0,7.0,48.86363636363636,0
0,0.004,3.0,3.0,6.2,24.0,0,7.0,68.0,1
0,0.004,9.0,12.0,4.3,26.0,0,7.0,48.86363636363636,0
0,0.004,3.0,3.0,6.2,24.0,0,7.0,68.0,1
0,0.004,9.0,12.0,4.3,26.0,0,7.0,48.86363636363636,0
0,0.004,3.0,3.0,6.2,24.0,0,7.0,68.0,1
0,0.004,9.0,12.0,4.3,26.0,0,7.0,48.86363636363636,0
0,0.004,9.0,12.0,4.3,26.0,0,7.0,48.86363636363636,0
0,0.004,9.0,12.0,4.3,26.0,0,7.0,48.86363636363636,0
0,0.004,3.0,3.0,6.2,24.0,0,7.0,68.0,1
0,0.004,3.0,3.0,6.2,24.0,0,7.0,68.0,1
0,0.004,3.0,3.0,6.2,24.0,0,7.0,68.0,1
0,0.004,3.0,3.0,6.2,24.0,0,7.0,68.0,1
0,0.004,3.0,3.0,6.2,24.0,0,7.0,68.0,1
0,0.004,3.0,3.0,6.2,24.0,0,7.0,68.0,1
0,0.002,6.0,3.0,6.4,25.0,0,7.0,70.0,1
0,0.002,6.0,3.0,6.4,25.0,0,7.0,70.0,1
0,0.004,3.0,3.0,6.2,24.0,0,7.0,68.0,1
0,0.002,6.0,3.0,6.4,25.0,0,7.0,70.0,1
0,0.002,6.0,3.0,6.4,25.0,0,7.0,70.0,1
0,0.002,6.0,3.0,6.4,25.0,0,7.0,70.0,1
0,0.002,6.0,3.0,6.4,25.0,0,7.0,70.0,1
0,0.002,6.0,3.0,6.4,25.0,0,7.0,70.0,1
0,0.004,3.0,3.0,6.2,24.0,0,7.0,68.0,1
0,0.002,6.0,3.0,6.4,25.0,0,7.0,70.0,1
0,0.004,3.0,3.0,6.2,24.0,0,7.0,68.0,1
0,0.002,6.0,3.0,6.4,25.0,0,7.0,70.0,1
0,0.002,6.0,3.0,6.4,25.0,0,7.0,70.0,1
0,0.002,6.0,3.0,6.4,25.0,0,7.0,70.0,1
0,0.002,6.0,3.0,6.4,25.0,0,7.0,70.0,1
0,0.002,6.0,3.0,6.4,25.0,0,7.0,70.0,1
0,0.002,6.0,3.0,6.4,25.0,0,7.0,70.0,1
0,0.008,5.0,5.0,5.5,22.0,0,7.0,61.0,1
0,0.002,6.0,3.0,6.4,25.0,0,7.0,70.0,1
0,0.002,6.0,3.0,6.4,25.0,0,7.0,70.0,1
0,0.002,6.0,3.0,6.4,25.0,0,7.0,70.0,1
0,0.002,6.0,3.0,6.4,25.0,0,7.0,70.0,1
0,0.002,6.0,3.0,6.4,25.0,0,7.0,70.0,1
0,0.002,6.0,3.0,6.4,25.0,0,7.0,70.0,1
0,0.008,5.0,5.0,5.5,22.0,0,7.0,61.0,1
0,0.008,5.0,5.0,5.5,22.0,0,7.0,61.0,1
0,0.004,9.0,12.0,4.3,26.0,0,7.0,48.86363636363636,0
0,0.004,9.0,12.0,4.3,26.0,0,7.0,48.86363636363636,0
0,0.004,9.0,12.0,4.3,26.0,0,7.0,48.86363636363636,0
0,0.004,9.0,12.0,4.3,26.0,0,7.0,48.86363636363636,0
0,0.004,9.0,12.0,4.3,26.0,0,7.0,48.86363636363636,0
0,0.004,9.0,12.0,4.3,26.0,0,7.0,48.86363636363636,0
0,0.004,9.0,12.0,4.3,26.0,0,7.0,48.86363636363636,0
0,0.004,9.0,12.0,4.3,26.0,0,7.0,48.86363636363636,0
0,0.004,9.0,12.0,4.3,26.0,0,7.0,48.86363636363636,0
0,0.004,9.0,12.0,4.3,26.0,0,7.0,48.86363636363636,0
0,0.006,292.0,397.0,6.5,28.0,0,7.0,416.2001334222815,5
0,0.006,292.0,397.0,6.5,28.0,0,7.0,416.2001334222815,5
0,0.006,292.0,397.0,6.5,28.0,0,7.0,416.2001334222815,5
0,0.006,292.0,397.0,6.5,28.0,0,7.0,416.2001334222815,5
0,0.006,292.0,397.0,6.5,28.0,0,7.0,416.2001334222815,5
0,0.006,292.0,397.0,6.5,28.0,0,7.0,416.2001334222815,5
0,0.006,292.0,397.0,6.5,28.0,0,7.0,416.2001334222815,5
0,0.006,292.0,397.0,6.5,28.0,0,7.0,416.2001334222815,5
0,0.006,292.0,397.0,6.5,28.0,0,7.0,416.2001334222815,5
0,0.006,292.0,397.0,6.5,28.0,0,7.0,416.2001334222815,5
0,0.006,292.0,397.0,6.5,28.0,0,7.0,416.2001334222815,5
0,0.006,292.0,397.0,6.5,28.0,0,7.0,416.2001334222815,5
0,0.006,292.0,397.0,6.5,28.0,0,7.0,416.2001334222815,5
0,0.023,221.0,399.0,6.8,17.0,0,7.0,416.8539026017345,5
0,0.023,221.0,399.0,6.8,17.0,0,7.0,416.8539026017345,5
0,0.023,221.0,399.0,6.8,17.0,0,7.0,416.8539026017345,5
0,0.023,221.0,399.0,6.8,17.0,0,7.0,416.8539026017345,5
0,0.023,221.0,399.0,6.8,17.0,0,7.0,416.8539026017345,5
0,0.023,221.0,399.0,6.8,17.0,0,7.0,416.8539026017345,5
0,0.023,221.0,399.0,6.8,17.0,0,7.0,416.8539026017345,5
0,0.023,221.0,399.0,6.8,17.0,0,7.0,416.8539026017345,5
0,0.023,221.0,399.0,6.8,17.0,0,7.0,416.8539026017345,5
0,0.023,221.0,399.0,6.8,17.0,0,7.0,416.8539026017345,5
0,0.023,221.0,399.0,6.8,17.0,0,7.0,416.8539026017345,5
0,0.023,221.0,399.0,6.8,17.0,0,7.0,416.8539026017345,5
0,0.023,221.0,399.0,6.8,17.0,0,7.0,416.8539026017345,5
0,0.023,221.0,399.0,6.8,17.0,0,7.0,416.8539026017345,5
0,0.023,221.0,399.0,6.8,17.0,0,7.0,416.8539026017345,5
0,0.023,221.0,399.0,6.8,17.0,0,7.0,416.8539026017345,5
0,0.016,1.0,1.0,6.9,19.0,0,7.0,75.0,1
0,0.016,1.0,1.0,6.9,19.0,0,7.0,75.0,1
0,0.016,1.0,1.0,6.9,19.0,0,7.0,75.0,1
0,0.016,1.0,1.0,6.9,19.0,0,7.0,75.0,1
0,0.016,1.0,1.0,6.9,19.0,0,7.0,75.0,1
0,0.016,1.0,1.0,6.9,19.0,0,7.0,75.0,1
0,0.016,1.0,1.0,6.9,19.0,0,7.0,75.0,1
0,0.016,1.0,1.0,6.9,19.0,0,7.0,75.0,1
0,0.016,1.0,1.0,6.9,19.0,0,7.0,75.0,1
0,0.016,1.0,1.0,6.9,19.0,0,7.0,75.0,1
0,0.016,1.0,1.0,6.9,19.0,0,7.0,75.0,1
0,0.016,1.0,1.0,6.9,19.0,0,7.0,75.0,1
0,0.016,1.0,1.0,6.9,19.0,0,7.0,75.0,1
0,0.016,1.0,1.0,6.9,19.0,0,7.0,75.0,1
0,0.015,3.0,2.0,7.5,20.0,0,7.0,81.0,1
0,0.015,3.0,2.0,7.5,20.0,0,7.0,81.0,1
0,0.015,3.0,2.0,7.5,20.0,0,7.0,81.0,1
0,0.015,3.0,2.0,7.5,20.0,0,7.0,81.0,1
0,0.015,3.0,2.0,7.5,20.0,0,7.0,81.0,1
0,0.015,3.0,2.0,7.5,20.0,0,7.0,81.0,1
0,0.015,3.0,2.0,7.5,20.0,0,7.0,81.0,1
0,0.015,3.0,2.0,7.5,20.0,0,7.0,81.0,1
0,0.008,129.0,241.0,6.7,25.0,0,7.0,245.38938938938938,4
0,0.008,129.0,241.0,6.7,25.0,0,7.0,245.38938938938938,4
0,0.008,129.0,241.0,6.7,25.0,0,7.0,245.38938938938938,4
0,0.008,129.0,241.0,6.7,25.0,0,7.0,245.38938938938938,4
0,0.008,129.0,241.0,6.7,25.0,0,7.0,245.38938938938938,4
0,0.008,129.0,241.0,6.7,25.0,0,7.0,245.38938938938938,4
0,0.008,129.0,241.0,6.7,25.0,0,7.0,245.38938938938938,4
0,0.008,129.0,241.0,6.7,25.0,0,7.0,245.38938938938938,4
0,0.008,129.0,241.0,6.7,25.0,0,7.0,245.38938938938938,4
0,0.008,129.0,241.0,6.7,25.0,0,7.0,245.38938938938938,4
0,0.008,129.0,241.0,6.7,25.0,0,7.0,245.38938938938938,4
0,0.008,129.0,241.0,6.7,25.0,0,7.0,245.38938938938938,4
0,0.008,129.0,241.0,6.7,25.0,0,7.0,245.38938938938938,4
0,0.008,129.0,241.0,6.7,25.0,0,7.0,245.38938938938938,4
0,0.013,13.0,25.0,7.1,20.0,0,7.0,77.0,1
0,0.013,13.0,25.0,7.1,20.0,0,7.0,77.0,1
0,0.013,13.0,25.0,7.1,20.0,0,7.0,77.0,1
0,0.013,13.0,25.0,7.1,20.0,0,7.0,77.0,1
0,0.013,13.0,25.0,7.1,20.0,0,7.0,77.0,1
0,0.013,13.0,25.0,7.1,20.0,0,7.0,77.0,1
0,0.013,13.0,25.0,7.1,20.0,0,7.0,77.0,1
0,0.013,13.0,25.0,7.1,20.0,0,7.0,77.0,1
0,0.013,13.0,25.0,7.1,20.0,0,7.0,77.0,1
0,0.013,13.0,25.0,7.1,20.0,0,7.0,77.0,1
0,0.013,13.0,25.0,7.1,20.0,0,7.0,77.0,1
0,0.013,13.0,25.0,7.1,20.0,0,7.0,77.0,1
0,0.013,13.0,25.0,7.1,20.0,0,7.0,77.0,1
0,0.013,13.0,25.0,7.1,20.0,0,7.0,77.0,1
0,0.013,13.0,25.0,7.1,20.0,0,7.0,77.0,1
0,0.02,349.0,399.0,7.4,20.0,0,7.0,416.8539026017345,5
0,0.02,349.0,399.0,7.4,20.0,0,7.0,416.8539026017345,5
0,0.02,349.0,399.0,7.4,20.0,0,7.0,416.8539026017345,5
0,0.02,349.0,399.0,7.4,20.0,0,7.0,416.8539026017345,5
0,0.02,349.0,399.0,7.4,20.0,0,7.0,416.8539026017345,5
0,0.02,349.0,399.0,7.4,20.0,0,7.0,416.8539026017345,5
0,0.02,349.0,399.0,7.4,20.0,0,7.0,416.8539026017345,5
0,0.02,349.0,399.0,7.4,20.0,0,7.0,416.8539026017345,5
0,0.02,349.0,399.0,7.4,20.0,0,7.0,416.8539026017345,5
0,0.006,59.0,110.0,6.4,24.0,0,7.0,173.73722627737226,3
0,0.006,59.0,110.0,6.4,24.0,0,7.0,173.73722627737226,3
0,0.006,59.0,110.0,6.4,24.0,0,7.0,173.73722627737226,3
0,0.006,6.0,9.0,6.9,25.0,0,6.0,75.0,1
0,0.006,6.0,9.0,6.9,25.0,0,6.0,75.0,1
0,0.006,6.0,9.0,6.9,25.0,0,6.0,75.0,1
0,0.006,6.0,9.0,6.9,25.0,0,6.0,75.0,1
0,0.006,6.0,9.0,6.9,25.0,0,6.0,75.0,1
0,0.006,6.0,9.0,6.9,25.0,0,6.0,75.0,1
0,0.006,6.0,9.0,6.9,25.0,0,6.0,75.0,1
0,0.006,6.0,9.0,6.9,25.0,0,6.0,75.0,1
0,0.006,6.0,9.0,6.9,25.0,0,6.0,75.0,1
0,0.006,6.0,9.0,6.9,25.0,0,6.0,75.0,1
0,0.006,6.0,9.0,6.9,25.0,0,6.0,75.0,1
0,0.006,6.0,9.0,6.9,25.0,0,6.0,75.0,1
0,0.006,6.0,9.0,6.9,25.0,0,6.0,75.0,1
0,0.006,6.0,9.0,6.9,25.0,0,6.0,75.0,1
0,0.006,6.0,9.0,6.9,25.0,0,6.0,75.0,1
0,0.006,6.0,9.0,6.9,25.0,0,6.0,75.0,1
0,0.001,205.0,162.0,5.4,37.0,0,7.0,206.64064064064064,4
0,0.001,205.0,162.0,5.4,37.0,0,7.0,206.64064064064064,4
0,0.001,205.0,162.0,5.4,37.0,0,7.0,206.64064064064064,4
0,0.001,205.0,162.0,5.4,37.0,0,7.0,206.64064064064064,4
0,0.001,205.0,162.0,5.4,37.0,0,7.0,206.64064064064064,4
0,0.001,205.0,162.0,5.4,37.0,0,7.0,206.64064064064064,4
0,0.001,205.0,162.0,5.4,37.0,0,7.0,206.64064064064064,4
0,0.001,205.0,162.0,5.4,37.0,0,7.0,206.64064064064064,4
0,0.001,205.0,162.0,5.4,37.0,0,7.0,206.64064064064064,4
0,0.001,205.0,162.0,5.4,37.0,0,7.0,206.64064064064064,4
0,0.004,19.0,26.0,5.4,26.0,0,7.0,76.85427135678393,1
0,0.004,19.0,26.0,5.4,26.0,0,7.0,76.85427135678393,1
0,0.004,19.0,26.0,5.4,26.0,0,7.0,76.85427135678393,1
0,0.004,19.0,26.0,5.4,26.0,0,7.0,76.85427135678393,1
0,0.004,19.0,26.0,5.4,26.0,0,7.0,76.85427135678393,1
0,0.004,19.0,26.0,5.4,26.0,0,7.0,76.85427135678393,1
0,0.004,19.0,26.0,5.4,26.0,0,7.0,76.85427135678393,1
0,0.004,19.0,26.0,5.4,26.0,0,7.0,76.85427135678393,1
0,0.004,19.0,26.0,5.4,26.0,0,7.0,76.85427135678393,1
0,0.001,208.0,209.0,5.6,36.0,0,7.0,229.6936936936937,4
0,0.001,208.0,209.0,5.6,36.0,0,7.0,229.6936936936937,4
0,0.001,208.0,209.0,5.6,36.0,0,7.0,229.6936936936937,4
0,0.001,208.0,209.0,5.6,36.0,0,7.0,229.6936936936937,4
0,0.001,208.0,209.0,5.6,36.0,0,7.0,229.6936936936937,4
0,0.001,208.0,209.0,5.6,36.0,0,7.0,229.6936936936937,4
0,0.001,208.0,209.0,5.6,36.0,0,7.0,229.6936936936937,4
0,0.001,208.0,209.0,5.6,36.0,0,7.0,229.6936936936937,4
0,0.001,208.0,209.0,5.6,36.0,0,7.0,229.6936936936937,4
0,0.001,208.0,209.0,5.6,36.0,0,7.0,229.6936936936937,4
0,0.001,208.0,209.0,5.6,36.0,0,7.0,229.6936936936937,4
0,0.001,208.0,209.0,5.6,36.0,0,7.0,229.6936936936937,4
0,0.001,208.0,209.0,5.6,36.0,0,7.0,229.6936936936937,4
0,0.001,208.0,209.0,5.6,36.0,0,7.0,229.6936936936937,4
0,0.006999999999999999,9.0,8.0,6.4,26.0,0,7.0,70.0,1
0,0.004,20.0,33.0,4.5,35.0,0,8.0,94.09045226130654,1
0,0.004,20.0,33.0,4.5,35.0,0,8.0,94.09045226130654,1
0,0.004,20.0,33.0,4.5,35.0,0,8.0,94.09045226130654,1
0,0.004,20.0,33.0,4.5,35.0,0,8.0,94.09045226130654,1
0,0.004,20.0,33.0,4.5,35.0,0,8.0,94.09045226130654,1
0,0.006,19.0,30.0,4.6,34.0,0,8.0,86.7035175879397,1
0,0.006,19.0,30.0,4.6,34.0,0,8.0,86.7035175879397,1
0,0.006,19.0,30.0,4.6,34.0,0,8.0,86.7035175879397,1
0,0.006,19.0,30.0,4.6,34.0,0,8.0,86.7035175879397,1
0,0.006,19.0,30.0,4.6,34.0,0,8.0,86.7035175879397,1
0,0.006,19.0,30.0,4.6,34.0,0,8.0,86.7035175879397,1
0,0.006999999999999999,5.0,6.0,7.1,18.0,0,6.0,77.0,1
0,0.006999999999999999,5.0,6.0,7.1,18.0,0,6.0,77.0,1
0,0.006999999999999999,5.0,6.0,7.1,18.0,0,6.0,77.0,1
0,0.006999999999999999,5.0,6.0,7.1,18.0,0,6.0,77.0,1
0,0.006999999999999999,5.0,6.0,7.1,18.0,0,6.0,77.0,1
0,0.006999999999999999,5.0,6.0,7.1,18.0,0,6.0,77.0,1
0,0.006999999999999999,5.0,6.0,7.1,18.0,0,6.0,77.0,1
0,0.006999999999999999,5.0,6.0,7.1,18.0,0,6.0,77.0,1
0,0.006999999999999999,5.0,6.0,7.1,18.0,0,6.0,77.0,1
0,0.001,17.0,28.0,5.3,33.0,0,7.0,81.77889447236181,1
0,0.001,17.0,28.0,5.3,33.0,0,7.0,81.77889447236181,1
0,0.001,17.0,28.0,5.3,33.0,0,7.0,81.77889447236181,1
0,0.001,17.0,28.0,5.3,33.0,0,7.0,81.77889447236181,1
0,0.001,17.0,28.0,5.3,33.0,0,7.0,81.77889447236181,1
0,0.001,17.0,28.0,5.3,33.0,0,7.0,81.77889447236181,1
0,0.001,17.0,28.0,5.3,33.0,0,7.0,81.77889447236181,1
0,0.001,17.0,28.0,5.3,33.0,0,7.0,81.77889447236181,1
0,0.001,17.0,28.0,5.3,33.0,0,7.0,81.77889447236181,1
0,0.001,17.0,28.0,5.3,33.0,0,7.0,81.77889447236181,1
0,0.0,14.0,20.0,5.5,24.0,0,7.0,62.08040201005025,1
0,0.0,14.0,20.0,5.5,24.0,0,7.0,62.08040201005025,1
0,0.0,14.0,20.0,5.5,24.0,0,7.0,62.08040201005025,1
0,0.0,14.0,20.0,5.5,24.0,0,7.0,62.08040201005025,1
0,0.0,14.0,20.0,5.5,24.0,0,7.0,62.08040201005025,1
0,0.0,14.0,20.0,5.5,24.0,0,7.0,62.08040201005025,1
0,0.0,14.0,20.0,5.5,24.0,0,7.0,62.08040201005025,1
0,0.0,14.0,20.0,5.5,24.0,0,7.0,62.08040201005025,1
0,0.002,20.0,34.0,5.7,31.0,0,7.0,96.55276381909547,1
0,0.002,20.0,34.0,5.7,31.0,0,7.0,96.55276381909547,1
0,0.002,20.0,34.0,5.7,31.0,0,7.0,96.55276381909547,1
0,0.002,20.0,34.0,5.7,31.0,0,7.0,96.55276381909547,1
0,0.006,47.0,91.0,3.6,1.0,0,7.0,164.02919708029196,3
0,0.006,47.0,91.0,3.6,1.0,0,7.0,164.02919708029196,3
0,0.006,47.0,91.0,3.6,1.0,0,7.0,164.02919708029196,3
0,0.001,5.0,7.0,3.2,1.0,0,7.0,36.36363636363637,0
0,0.016,3.0,4.0,2.5,1.0,0,7.0,28.409090909090907,0
0,0.016,3.0,4.0,2.5,1.0,0,7.0,28.409090909090907,0
0,0.016,3.0,4.0,2.5,1.0,0,7.0,28.409090909090907,0
0,0.016,3.0,4.0,2.5,1.0,0,7.0,28.409090909090907,0
0,0.016,3.0,4.0,2.5,1.0,0,7.0,28.409090909090907,0
0,0.009000000000000001,9.0,14.0,3.4,1.0,0,7.0,45.45454545454545,0
0,0.011,3.0,4.0,3.5,1.0,0,7.0,39.77272727272727,0
0,0.012,3.0,4.0,3.4,1.0,0,7.0,38.63636363636363,0
0,0.011,3.0,4.0,3.0,1.0,0,7.0,34.09090909090909,0
0,0.011,3.0,4.0,3.0,1.0,0,7.0,34.09090909090909,0
0,0.011,3.0,4.0,3.0,1.0,0,7.0,34.09090909090909,0
0,0.011,3.0,4.0,3.0,1.0,0,7.0,34.09090909090909,0
0,0.011,3.0,4.0,3.0,1.0,0,7.0,34.09090909090909,0
0,0.003,7.0,9.0,3.2,1.0,0,7.0,36.36363636363637,0
0,0.003,7.0,9.0,3.2,1.0,0,7.0,36.36363636363637,0
0,0.003,7.0,9.0,3.2,1.0,0,7.0,36.36363636363637,0
0,0.003,7.0,9.0,3.2,1.0,0,7.0,36.36363636363637,0
0,0.003,7.0,9.0,3.2,1.0,0,7.0,36.36363636363637,0
0,0.02,5.0,10.0,3.2,1.0,0,11.0,36.36363636363637,0
0,0.009000000000000001,3.0,4.0,2.1,0.0,0,6.0,23.863636363636363,0
0,0.016,3.0,4.0,2.5,1.0,0,7.0,28.409090909090907,0
0,0.016,3.0,4.0,2.5,1.0,0,7.0,28.409090909090907,0
0,0.009000000000000001,9.0,14.0,3.4,1.0,0,7.0,45.45454545454545,0
0,0.009000000000000001,9.0,14.0,3.4,1.0,0,7.0,45.45454545454545,0
0,0.009000000000000001,8.0,12.0,3.3,1.0,0,7.0,38.96103896103896,0
0,0.009000000000000001,8.0,12.0,3.3,1.0,0,7.0,38.96103896103896,0
0,0.009000000000000001,8.0,12.0,3.3,1.0,0,7.0,38.96103896103896,0
0,0.009000000000000001,8.0,12.0,3.3,1.0,0,7.0,38.96103896103896,0
0,0.012,5.0,9.0,3.3,1.0,0,6.0,37.5,0
0,0.01,7.0,14.0,3.7,1.0,0,7.0,45.45454545454545,0
0,0.016,11.0,11.0,3.3,1.0,0,11.0,37.5,0
0,0.011,8.0,12.0,2.8,1.0,0,11.0,38.96103896103896,0
0,0.022,8.0,8.0,3.8,1.0,0,7.0,43.18181818181818,0
0,0.008,1.0,2.0,3.1,1.0,0,7.0,35.22727272727273,0
0,0.012,1.0,1.0,2.1,1.0,0,7.0,23.863636363636363,0
0,0.013,4.0,7.0,2.5,1.0,0,12.0,28.409090909090907,0
0,0.004,2.0,4.0,3.1,1.0,0,7.0,35.22727272727273,0
0,0.004,2.0,4.0,3.1,1.0,0,7.0,35.22727272727273,0
0,0.004,2.0,4.0,3.1,1.0,0,7.0,35.22727272727273,0
0,0.004,2.0,4.0,3.1,1.0,0,7.0,35.22727272727273,0
0,0.004,2.0,4.0,3.1,1.0,0,7.0,35.22727272727273,0
0,0.004,2.0,4.0,3.1,1.0,0,7.0,35.22727272727273,0
0,0.004,2.0,4.0,3.1,1.0,0,7.0,35.22727272727273,0
0,0.004,2.0,4.0,3.1,1.0,0,7.0,35.22727272727273,0
0,0.004,2.0,4.0,3.1,1.0,0,7.0,35.22727272727273,0
0,0.004,2.0,4.0,3.1,1.0,0,7.0,35.22727272727273,0
0,0.003,7.0,9.0,3.2,1.0,0,7.0,36.36363636363637,0
0,0.003,7.0,9.0,3.2,1.0,0,7.0,36.36363636363637,0
0,0.003,7.0,9.0,3.2,1.0,0,7.0,36.36363636363637,0
0,0.003,7.0,9.0,3.2,1.0,0,7.0,36.36363636363637,0
0,0.003,7.0,9.0,3.2,1.0,0,7.0,36.36363636363637,0
0,0.003,7.0,9.0,3.2,1.0,0,7.0,36.36363636363637,0
0,0.003,7.0,9.0,3.2,1.0,0,7.0,36.36363636363637,0
0,0.013,6.0,8.0,3.6,1.0,0,12.0,40.90909090909091,0
0,0.016,5.0,11.0,2.6,1.0,0,11.0,35.714285714285715,0
0,0.003,5.0,7.0,3.0,1.0,0,7.0,34.09090909090909,0
0,0.006,7.0,7.0,3.6,1.0,0,7.0,40.90909090909091,0
0,0.006,4.0,5.0,3.1,1.0,0,7.0,35.22727272727273,0
0,0.018000000000000002,58.0,117.0,3.0,1.0,0,11.0,177.31386861313868,3
0,0.001,5.0,4.0,2.6,0.0,0,6.0,29.545454545454547,0
0,0.008,4.0,6.0,3.1,1.0,0,7.0,35.22727272727273,0
0,0.001,130.0,254.0,2.7,1.0,0,6.0,302.7167167167167,5
0,0.025,5.0,9.0,3.2,1.0,0,11.0,36.36363636363637,0
0,0.011,5.0,6.0,2.7,1.0,0,7.0,30.681818181818183,0
0,0.02,6.0,9.0,2.5,1.0,0,11.0,29.22077922077922,0
0,0.013,3.0,4.0,2.9,1.0,0,7.0,32.95454545454545,0
0,0.021,5.0,8.0,3.2,0.0,0,11.0,36.36363636363637,0
0,0.002,3.0,5.0,2.9,1.0,0,6.0,32.95454545454545,0
0,0.008,5.0,7.0,3.0,1.0,0,7.0,34.09090909090909,0
0,0.019,4.0,6.0,2.7,1.0,0,11.0,30.681818181818183,0
0,0.005,5.0,6.0,3.9,1.0,0,6.0,44.31818181818181,0
0,0.003,4.0,7.0,3.0,1.0,0,6.0,34.09090909090909,0
0,0.017,6.0,10.0,3.1,1.0,0,11.0,35.22727272727273,0
0,0.011,8.0,14.0,3.6,1.0,0,7.0,45.45454545454545,0
0,0.018000000000000002,5.0,9.0,3.0,1.0,0,11.0,34.09090909090909,0
0,0.006,9.0,12.0,3.2,1.0,0,7.0,38.96103896103896,0
0,0.006,9.0,12.0,3.2,1.0,0,7.0,38.96103896103896,0
0,0.006,9.0,12.0,3.2,1.0,0,7.0,38.96103896103896,0
0,0.006,9.0,12.0,3.2,1.0,0,7.0,38.96103896103896,0
0,0.006999999999999999,4.0,7.0,3.2,1.0,0,7.0,36.36363636363637,0
0,0.006999999999999999,4.0,7.0,3.2,1.0,0,7.0,36.36363636363637,0
0,0.006999999999999999,4.0,7.0,3.2,1.0,0,7.0,36.36363636363637,0
0,0.006999999999999999,4.0,7.0,3.2,1.0,0,7.0,36.36363636363637,0
0,0.006999999999999999,4.0,7.0,3.2,1.0,0,7.0,36.36363636363637,0
0,0.006999999999999999,4.0,7.0,3.2,1.0,0,7.0,36.36363636363637,0
0,0.024,12.0,17.0,2.1,1.0,0,6.0,54.69346733668342,1
0,0.032,12.0,17.0,2.2,1.0,0,7.0,54.69346733668342,1
0,0.017,9.0,18.0,3.3,1.0,0,7.0,57.15577889447236,1
0,0.017,9.0,18.0,3.3,1.0,0,7.0,57.15577889447236,1
0,0.017,9.0,18.0,3.3,1.0,0,7.0,57.15577889447236,1
0,0.017,9.0,18.0,3.3,1.0,0,7.0,57.15577889447236,1
0,0.017,9.0,18.0,3.3,1.0,0,7.0,57.15577889447236,1
0,0.006999999999999999,7.0,14.0,4.2,1.0,0,6.0,47.72727272727273,0
0,0.006999999999999999,7.0,14.0,4.2,1.0,0,6.0,47.72727272727273,0
0,0.006999999999999999,7.0,14.0,4.2,1.0,0,6.0,47.72727272727273,0
0,0.006999999999999999,7.0,14.0,4.2,1.0,0,6.0,47.72727272727273,0
0,0.006999999999999999,7.0,14.0,4.2,1.0,0,6.0,47.72727272727273,0
0,0.006999999999999999,7.0,14.0,4.2,1.0,0,6.0,47.72727272727273,0
0,0.006999999999999999,7.0,14.0,4.2,1.0,0,6.0,47.72727272727273,0
0,0.006999999999999999,7.0,14.0,4.2,1.0,0,6.0,47.72727272727273,0
0,0.032,12.0,17.0,2.2,1.0,0,7.0,54.69346733668342,1
0,0.032,12.0,17.0,2.2,1.0,0,7.0,54.69346733668342,1
0,0.032,12.0,17.0,2.2,1.0,0,7.0,54.69346733668342,1
0,0.032,12.0,17.0,2.2,1.0,0,7.0,54.69346733668342,1
0,0.017,3.0,5.0,3.1,1.0,0,7.0,35.22727272727273,0
0,0.016,4.0,5.0,3.0,1.0,0,7.0,34.09090909090909,0
0,0.022,6.0,13.0,3.3,1.0,0,6.0,42.20779220779221,0
0,0.017,6.0,13.0,3.6,1.0,0,6.0,42.20779220779221,0
0,0.019,7.0,14.0,2.9,1.0,0,6.0,45.45454545454545,0
0,0.017,8.0,17.0,2.7,1.0,0,6.0,54.69346733668342,1
0,0.011,3.0,5.0,2.9,1.0,0,7.0,32.95454545454545,0
0,0.008,7.0,12.0,3.5,1.0,0,7.0,39.77272727272727,0
0,0.015,8.0,16.0,3.3,1.0,0,6.0,52.231155778894475,1
0,0.02,7.0,13.0,2.8,1.0,0,6.0,42.20779220779221,0
0,0.015,1.0,2.0,2.6,1.0,0,7.0,29.545454545454547,0
0,0.01,2.0,2.0,3.0,1.0,0,7.0,34.09090909090909,0
0,0.013,6.0,4.0,3.7,1.0,0,6.0,42.04545454545455,0
0,0.011,9.0,18.0,3.0,1.0,0,6.0,57.15577889447236,1
0,0.009000000000000001,8.0,15.0,3.1,1.0,0,6.0,48.701298701298704,0
0,0.014,2.0,3.0,2.8,1.0,0,7.0,31.818181818181817,0
0,0.021,6.0,13.0,3.0,1.0,0,6.0,42.20779220779221,0
0,0.021,7.0,13.0,3.5,1.0,0,6.0,42.20779220779221,0
0,0.013,7.0,13.0,3.3,1.0,0,6.0,42.20779220779221,0
0,0.014,5.0,5.0,2.8,1.0,0,7.0,31.818181818181817,0
0,0.016,3.0,5.0,3.0,1.0,0,7.0,34.09090909090909,0
0,0.022,6.0,13.0,3.3,1.0,0,6.0,42.20779220779221,0
0,0.022,6.0,12.0,3.3,1.0,0,6.0,38.96103896103896,0
0,0.017,7.0,14.0,3.3,1.0,0,6.0,45.45454545454545,0
0,0.015,9.0,17.0,3.2,1.0,0,6.0,54.69346733668342,1
0,0.013,3.0,5.0,2.8,1.0,0,7.0,31.818181818181817,0
0,0.015,8.0,16.0,3.4,1.0,0,6.0,52.231155778894475,1
0,0.013,3.0,4.0,2.9,1.0,0,7.0,32.95454545454545,0
0,0.013,3.0,3.0,3.0,1.0,0,7.0,34.09090909090909,0
0,0.013,3.0,3.0,3.0,1.0,0,7.0,34.09090909090909,0
0,0.01,1.0,2.0,3.3,1.0,0,7.0,37.5,0
0,0.0,5.0,9.0,3.3,1.0,0,7.0,37.5,0
0,0.005,124.0,242.0,2.8,1.0,0,7.0,245.87987987987987,4
0,0.005,4.0,7.0,2.9,1.0,0,7.0,32.95454545454545,0
0,0.008,98.0,193.0,2.9,1.0,0,7.0,221.84584584584584,4
0,0.029,20.0,40.0,3.3,1.0,0,7.0,99.70370370370371,1
0,0.001,21.0,46.0,2.9,1.0,0,5.0,115.25925925925927,2
0,0.011,4.0,7.0,3.1,1.0,0,7.0,35.22727272727273,0
0,0.001,127.0,245.0,3.5,1.0,0,6.0,247.35135135135135,4
0,0.0,21.0,46.0,3.5,1.0,0,6.0,115.25925925925927,2
0,0.011,162.0,311.0,2.7,1.0,0,6.0,330.6746746746747,5
0,0.001,23.0,48.0,4.8,1.0,0,5.0,120.44444444444444,2
0,0.006999999999999999,3.0,5.0,3.2,1.0,0,7.0,36.36363636363637,0
0,0.006999999999999999,93.0,179.0,3.0,1.0,0,6.0,214.97897897897897,4
0,0.006,6.0,11.0,3.3,1.0,0,7.0,37.5,0
0,0.004,45.0,87.0,3.2,1.0,0,6.0,161.98540145985402,3
0,0.001,34.0,73.0,3.6,1.0,0,5.0,154.83211678832117,3
0,0.006,7.0,13.0,3.4,1.0,0,7.0,42.20779220779221,0
0,0.005,9.0,13.0,3.4,1.0,0,7.0,42.20779220779221,0
0,0.004,70.0,136.0,2.8,1.0,0,6.0,187.02189781021897,3
0,0.002,22.0,46.0,3.3,1.0,0,5.0,115.25925925925927,2
0,0.004,5.0,7.0,3.3,1.0,0,7.0,37.5,0
0,0.005,8.0,16.0,4.2,2.0,0,7.0,52.231155778894475,1
0,0.006999999999999999,15.0,30.0,3.5,1.0,0,7.0,86.7035175879397,1
0,0.001,22.0,46.0,3.4,1.0,0,5.0,115.25925925925927,2
0,0.012,2.0,5.0,2.7,1.0,0,6.0,30.681818181818183,0
0,0.002,20.0,42.0,3.6,1.0,0,5.0,104.88888888888889,2
0,0.001,20.0,43.0,3.4,1.0,0,5.0,107.48148148148148,2
0,0.001,21.0,45.0,3.2,1.0,0,5.0,112.66666666666667,2
0,0.002,22.0,46.0,3.0,1.0,0,5.0,115.25925925925927,2
0,0.003,24.0,50.0,3.1,1.0,0,5.0,125.62962962962963,2
0,0.023,94.0,182.0,2.1,1.0,0,6.0,216.45045045045046,4
0,0.013,33.0,65.0,2.7,1.0,0,6.0,150.74452554744525,3
0,0.004,30.0,57.0,3.0,1.0,0,6.0,146.65693430656935,2
0,0.005,5.0,7.0,3.4,1.0,0,7.0,38.63636363636363,0
0,0.003,5.0,7.0,4.1,1.0,0,7.0,46.590909090909086,0
0,0.005,3.0,5.0,4.5,2.0,0,7.0,51.0,1
0,0.001,23.0,50.0,3.8,1.0,0,5.0,125.62962962962963,2
0,0.0,23.0,50.0,3.6,1.0,0,5.0,125.62962962962963,2
0,0.0,23.0,51.0,3.6,1.0,0,5.0,128.22222222222223,2
0,0.006,85.0,167.0,2.6,1.0,0,7.0,209.0930930930931,4
0,0.006,91.0,179.0,3.1,1.0,0,7.0,214.97897897897897,4
0,0.015,156.0,301.0,1.9,1.0,0,7.0,325.76976976976977,5
0,0.01,4.0,4.0,2.9,1.0,0,7.0,32.95454545454545,0
0,0.011,9.0,17.0,2.3,1.0,0,7.0,54.69346733668342,1
0,0.002,21.0,46.0,3.0,1.0,0,6.0,115.25925925925927,2
0,0.001,21.0,46.0,3.9,1.0,0,6.0,115.25925925925927,2
0,0.0,22.0,47.0,3.9,2.0,0,6.0,117.85185185185185,2
0,0.001,23.0,48.0,3.8,1.0,0,6.0,120.44444444444444,2
0,0.002,160.0,307.0,3.5,1.0,0,6.0,328.71271271271274,5
0,0.011,157.0,301.0,2.8,1.0,0,6.0,325.76976976976977,5
0,0.001,22.0,47.0,3.4,1.0,0,5.0,117.85185185185185,2
0,0.006999999999999999,5.0,10.0,3.6,1.0,0,7.0,40.90909090909091,0
0,0.006999999999999999,7.0,10.0,3.3,1.0,0,7.0,37.5,0
0,0.002,34.0,72.0,3.6,1.0,0,5.0,154.32116788321167,3
0,0.006,7.0,13.0,3.4,1.0,0,7.0,42.20779220779221,0
0,0.011,23.0,44.0,3.2,1.0,0,6.0,110.07407407407408,2
0,0.011,24.0,46.0,3.3,1.0,0,6.0,115.25925925925927,2
0,0.0,8.0,14.0,4.5,2.0,0,7.0,51.0,1
0,0.003,21.0,45.0,3.2,1.0,0,5.0,112.66666666666667,2
0,0.005,6.0,9.0,3.0,1.0,0,6.0,34.09090909090909,0
0,0.003,15.0,26.0,3.1,1.0,0,6.0,76.85427135678393,1
0,0.002,6.0,12.0,2.6,1.0,0,6.0,38.96103896103896,0
0,0.003,29.0,58.0,2.6,1.0,0,6.0,147.16788321167883,2
0,0.009000000000000001,2.0,5.0,2.7,1.0,0,7.0,30.681818181818183,0
0,0.015,24.0,50.0,3.1,1.0,0,5.0,125.62962962962963,2
0,0.006,3.0,7.0,2.4,1.0,0,6.0,27.27272727272727,0
0,0.003,23.0,49.0,3.1,1.0,0,5.0,123.03703703703704,2
0,0.01,4.0,5.0,4.0,2.0,0,7.0,45.45454545454545,0
0,0.016,39.0,76.0,2.7,1.0,0,6.0,156.36496350364965,3
0,0.017,61.0,118.0,2.6,1.0,0,6.0,177.82481751824818,3
0,0.004,30.0,57.0,3.0,1.0,0,6.0,146.65693430656935,2
0,0.003,4.0,7.0,4.2,1.0,0,7.0,47.72727272727273,0
0,0.003,8.0,11.0,3.8,1.0,0,7.0,43.18181818181818,0
0,0.002,23.0,50.0,3.2,1.0,0,5.0,125.62962962962963,2
0,0.002,5.0,9.0,3.4,1.0,0,7.0,38.63636363636363,0
0,0.006,3.0,5.0,3.2,1.0,0,7.0,36.36363636363637,0
0,0.001,4.0,6.0,3.5,1.0,0,7.0,39.77272727272727,0
0,0.028,126.0,244.0,1.9,1.0,0,7.0,246.86086086086087,4
0,0.006999999999999999,4.0,5.0,3.1,1.0,0,7.0,35.22727272727273,0
0,0.018000000000000002,5.0,5.0,3.2,1.0,0,7.0,36.36363636363637,0
0,0.01,4.0,7.0,3.2,1.0,0,7.0,36.36363636363637,0
0,0.001,20.0,45.0,3.3,1.0,0,6.0,112.66666666666667,2
0,0.004,140.0,271.0,2.7,1.0,0,6.0,311.05505505505505,5
0,0.005,6.0,10.0,3.4,1.0,0,7.0,38.63636363636363,0
0,0.005,2.0,5.0,4.0,2.0,0,7.0,45.45454545454545,0
0,0.001,22.0,46.0,3.4,1.0,0,5.0,115.25925925925927,2
0,0.001,21.0,45.0,3.5,1.0,0,5.0,112.66666666666667,2
0,0.002,22.0,47.0,3.6,1.0,0,5.0,117.85185185185185,2
0,0.002,26.0,55.0,3.3,1.0,0,5.0,145.63503649635035,2
0,0.011,47.0,90.0,3.2,1.0,0,6.0,163.5182481751825,3
0,0.006,7.0,13.0,3.3,1.0,0,7.0,42.20779220779221,0
0,0.0,21.0,44.0,3.5,1.0,0,5.0,110.07407407407408,2
0,0.001,8.0,13.0,4.1,1.0,0,7.0,46.590909090909086,0
0,0.005,6.0,12.0,3.3,1.0,0,7.0,38.96103896103896,0
0,0.005,5.0,9.0,3.4,1.0,0,7.0,38.63636363636363,0
0,0.003,5.0,8.0,3.1,1.0,0,7.0,35.22727272727273,0
0,0.002,23.0,47.0,3.9,1.0,0,5.0,117.85185185185185,2
0,0.006999999999999999,19.0,37.0,3.4,1.0,0,7.0,91.92592592592592,1
0,0.004,17.0,33.0,3.0,1.0,0,6.0,94.09045226130654,1
0,0.006,3.0,5.0,3.1,1.0,0,6.0,35.22727272727273,0
0,0.006,3.0,5.0,3.1,1.0,0,6.0,35.22727272727273,0
0,0.005,6.0,11.0,2.7,1.0,0,6.0,35.714285714285715,0
0,0.002,22.0,46.0,3.0,1.0,0,5.0,115.25925925925927,2
0,0.013,3.0,4.0,2.8,1.0,0,7.0,31.818181818181817,0
0,0.004,22.0,47.0,2.8,1.0,0,5.0,117.85185185185185,2
0,0.01,2.0,4.0,2.8,1.0,0,6.0,31.818181818181817,0
0,0.006999999999999999,203.0,367.0,8.6,25.0,0,7.0,406.393595730487,5
0,0.006,6.0,9.0,6.2,32.0,0,7.0,68.0,1
0,0.006999999999999999,203.0,367.0,8.6,25.0,0,7.0,406.393595730487,5
0,0.006,6.0,9.0,6.2,32.0,0,7.0,68.0,1
0,0.006999999999999999,203.0,367.0,8.6,25.0,0,7.0,406.393595730487,5
0,0.006,6.0,9.0,6.2,32.0,0,7.0,68.0,1
0,0.006,6.0,9.0,6.2,32.0,0,7.0,68.0,1
0,0.006999999999999999,203.0,367.0,8.6,25.0,0,7.0,406.393595730487,5
0,0.006,6.0,9.0,6.2,32.0,0,7.0,68.0,1
0,0.006,6.0,9.0,6.2,32.0,0,7.0,68.0,1
0,0.006,6.0,9.0,6.2,32.0,0,7.0,68.0,1
0,0.006999999999999999,203.0,367.0,8.6,25.0,0,7.0,406.393595730487,5
0,0.005,5.0,8.0,6.3,28.0,0,8.0,69.0,1
0,0.005,5.0,8.0,6.3,28.0,0,8.0,69.0,1
0,0.005,5.0,8.0,6.3,28.0,0,8.0,69.0,1
0,0.004,3.0,2.0,7.7,25.0,0,6.0,83.0,1
0,0.005,5.0,8.0,6.3,28.0,0,8.0,69.0,1
0,0.005,5.0,8.0,6.3,28.0,0,8.0,69.0,1
0,0.005,5.0,8.0,6.3,28.0,0,8.0,69.0,1
0,0.005,5.0,8.0,6.3,28.0,0,8.0,69.0,1
0,0.005,5.0,8.0,6.3,28.0,0,8.0,69.0,1
0,0.005,5.0,8.0,6.3,28.0,0,8.0,69.0,1
0,0.005,5.0,8.0,6.3,28.0,0,8.0,69.0,1
0,0.005,5.0,8.0,6.3,28.0,0,8.0,69.0,1
0,0.004,3.0,2.0,7.7,25.0,0,6.0,83.0,1
0,0.005,5.0,8.0,6.3,28.0,0,8.0,69.0,1
0,0.005,5.0,8.0,6.3,28.0,0,8.0,69.0,1
0,0.003,5.0,6.0,6.7,31.0,0,8.0,73.0,1
0,0.003,5.0,6.0,6.7,31.0,0,8.0,73.0,1
0,0.003,5.0,6.0,6.7,31.0,0,8.0,73.0,1
0,0.003,5.0,6.0,6.7,31.0,0,8.0,73.0,1
0,0.003,5.0,6.0,6.7,31.0,0,8.0,73.0,1
0,0.01,5.0,3.0,7.8,36.0,0,7.0,84.0,1
0,0.003,5.0,6.0,6.7,31.0,0,8.0,73.0,1
0,0.003,5.0,6.0,6.7,31.0,0,8.0,73.0,1
0,0.003,5.0,6.0,6.7,31.0,0,8.0,73.0,1
0,0.006,3.0,1.0,8.1,24.0,0,7.0,87.0,1
0,0.006,3.0,1.0,8.1,24.0,0,7.0,87.0,1
0,0.006,3.0,1.0,8.1,24.0,0,7.0,87.0,1
0,0.006,3.0,1.0,8.1,24.0,0,7.0,87.0,1
0,0.006,3.0,1.0,8.1,24.0,0,7.0,87.0,1
0,0.006,3.0,1.0,8.1,24.0,0,7.0,87.0,1
0,0.013,3.0,5.0,6.7,21.0,0,7.0,73.0,1
0,0.005,7.0,3.0,6.9,27.0,0,6.0,75.0,1
0,0.005,7.0,3.0,6.9,27.0,0,6.0,75.0,1
0,0.005,7.0,3.0,6.9,27.0,0,6.0,75.0,1
0,0.0,305.0,399.0,7.3,38.0,0,6.0,416.8539026017345,5
0,0.0,305.0,399.0,7.3,38.0,0,6.0,416.8539026017345,5
0,0.008,5.0,8.0,6.9,26.0,0,7.0,75.0,1
0,0.0,305.0,399.0,7.3,38.0,0,6.0,416.8539026017345,5
0,0.0,305.0,399.0,7.3,38.0,0,6.0,416.8539026017345,5
0,0.0,305.0,399.0,7.3,38.0,0,6.0,416.8539026017345,5
0,0.0,305.0,399.0,7.3,38.0,0,6.0,416.8539026017345,5
0,0.0,305.0,399.0,7.3,38.0,0,6.0,416.8539026017345,5
0,0.0,305.0,399.0,7.3,38.0,0,6.0,416.8539026017345,5
0,0.0,305.0,399.0,7.3,38.0,0,6.0,416.8539026017345,5
0,0.013,1.0,1.0,7.7,15.0,0,7.0,83.0,1
0,0.013,1.0,1.0,7.7,15.0,0,7.0,83.0,1
0,0.013,1.0,1.0,7.7,15.0,0,7.0,83.0,1
0,0.013,1.0,1.0,7.7,15.0,0,7.0,83.0,1
0,0.013,1.0,1.0,7.7,15.0,0,7.0,83.0,1
0,0.008,5.0,8.0,6.9,26.0,0,7.0,75.0,1
0,0.013,1.0,1.0,7.7,15.0,0,7.0,83.0,1
0,0.013,1.0,1.0,7.7,15.0,0,7.0,83.0,1
0,0.013,1.0,1.0,7.7,15.0,0,7.0,83.0,1
0,0.013,1.0,1.0,7.7,15.0,0,7.0,83.0,1
0,0.015,3.0,5.0,6.6,23.0,0,8.0,72.0,1
0,0.015,3.0,5.0,6.6,23.0,0,8.0,72.0,1
0,0.008,5.0,8.0,6.9,26.0,0,7.0,75.0,1
0,0.008,5.0,8.0,6.9,26.0,0,7.0,75.0,1
0,0.008,5.0,8.0,6.9,26.0,0,7.0,75.0,1
0,0.008,5.0,8.0,6.9,26.0,0,7.0,75.0,1
0,0.008,5.0,8.0,6.9,26.0,0,7.0,75.0,1
0,0.015,3.0,5.0,6.6,23.0,0,8.0,72.0,1
0,0.001,5.0,6.0,7.7,28.0,0,6.0,83.0,1
0,0.001,5.0,6.0,7.7,28.0,0,6.0,83.0,1
0,0.001,5.0,6.0,7.7,28.0,0,6.0,83.0,1
0,0.001,5.0,6.0,7.7,28.0,0,6.0,83.0,1
0,0.001,4.0,5.0,6.8,40.0,0,7.0,74.0,1
0,0.001,5.0,6.0,7.7,28.0,0,6.0,83.0,1
0,0.001,5.0,6.0,7.7,28.0,0,6.0,83.0,1
0,0.001,4.0,5.0,6.8,40.0,0,7.0,74.0,1
0,0.004,5.0,5.0,7.5,43.0,0,6.0,81.0,1
0,0.01,10.0,14.0,7.0,28.0,0,7.0,76.0,1
0,0.01,10.0,14.0,7.0,28.0,0,7.0,76.0,1
0,0.001,4.0,5.0,6.8,40.0,0,7.0,74.0,1
0,0.005,5.0,2.0,7.1,34.0,0,6.0,77.0,1
0,0.005,5.0,2.0,7.1,34.0,0,6.0,77.0,1
0,0.005,5.0,2.0,7.1,34.0,0,6.0,77.0,1
0,0.005,5.0,2.0,7.1,34.0,0,6.0,77.0,1
0,0.005,5.0,2.0,7.1,34.0,0,6.0,77.0,1
0,0.005,5.0,2.0,7.1,34.0,0,6.0,77.0,1
0,0.005,5.0,2.0,7.1,34.0,0,6.0,77.0,1
0,0.005,5.0,2.0,7.1,34.0,0,6.0,77.0,1
0,0.01,6.0,9.0,6.1,22.0,0,8.0,67.0,1
0,0.01,6.0,9.0,6.1,22.0,0,8.0,67.0,1
0,0.01,6.0,9.0,6.1,22.0,0,8.0,67.0,1
0,0.01,6.0,9.0,6.1,22.0,0,8.0,67.0,1
0,0.01,6.0,9.0,6.1,22.0,0,8.0,67.0,1
0,0.01,6.0,9.0,6.1,22.0,0,8.0,67.0,1
0,0.01,10.0,14.0,7.0,28.0,0,7.0,76.0,1
0,0.01,6.0,9.0,6.1,22.0,0,8.0,67.0,1
0,0.01,6.0,9.0,6.1,22.0,0,8.0,67.0,1
0,0.01,6.0,9.0,6.1,22.0,0,8.0,67.0,1
0,0.01,6.0,9.0,6.1,22.0,0,8.0,67.0,1
0,0.01,6.0,9.0,6.1,22.0,0,8.0,67.0,1
0,0.01,6.0,9.0,6.1,22.0,0,8.0,67.0,1
0,0.01,6.0,9.0,6.1,22.0,0,8.0,67.0,1
0,0.01,10.0,14.0,7.0,28.0,0,7.0,76.0,1
0,0.003,2.0,1.0,9.0,24.0,0,7.0,96.0,1
0,0.01,10.0,14.0,7.0,28.0,0,7.0,76.0,1
0,0.01,10.0,14.0,7.0,28.0,0,7.0,76.0,1
0,0.01,10.0,14.0,7.0,28.0,0,7.0,76.0,1
0,0.01,10.0,14.0,7.0,28.0,0,7.0,76.0,1
0,0.003,2.0,1.0,9.0,24.0,0,7.0,96.0,1
0,0.004,84.0,72.0,7.0,37.0,0,7.0,154.32116788321167,3
0,0.004,84.0,72.0,7.0,37.0,0,7.0,154.32116788321167,3
0,0.004,84.0,72.0,7.0,37.0,0,7.0,154.32116788321167,3
0,0.004,84.0,72.0,7.0,37.0,0,7.0,154.32116788321167,3
0,0.004,84.0,72.0,7.0,37.0,0,7.0,154.32116788321167,3
0,0.004,3.0,2.0,7.7,24.0,0,6.0,83.0,1
0,0.003,18.0,21.0,5.3,40.0,0,7.0,64.5427135678392,1
0,0.002,3.0,5.0,6.7,30.0,0,8.0,73.0,1
0,0.003,18.0,21.0,5.3,40.0,0,7.0,64.5427135678392,1
0,0.002,3.0,5.0,6.7,30.0,0,8.0,73.0,1
0,0.003,18.0,21.0,5.3,40.0,0,7.0,64.5427135678392,1
0,0.003,18.0,21.0,5.3,40.0,0,7.0,64.5427135678392,1
0,0.003,18.0,21.0,5.3,40.0,0,7.0,64.5427135678392,1
0,0.003,18.0,21.0,5.3,40.0,0,7.0,64.5427135678392,1
0,0.003,18.0,21.0,5.3,40.0,0,7.0,64.5427135678392,1
0,0.003,18.0,21.0,5.3,40.0,0,7.0,64.5427135678392,1
0,0.001,5.0,4.0,7.5,32.0,0,6.0,81.0,1
0,0.001,5.0,4.0,7.5,32.0,0,6.0,81.0,1
0,0.001,5.0,4.0,7.5,32.0,0,6.0,81.0,1
0,0.001,5.0,4.0,7.5,32.0,0,6.0,81.0,1
0,0.001,5.0,4.0,7.5,32.0,0,6.0,81.0,1
0,0.001,5.0,4.0,7.5,32.0,0,6.0,81.0,1
0,0.001,5.0,4.0,7.5,32.0,0,6.0,81.0,1
0,0.001,5.0,4.0,7.5,32.0,0,6.0,81.0,1
0,0.001,5.0,4.0,7.5,32.0,0,6.0,81.0,1
0,0.004,6.0,7.0,6.8,36.0,0,7.0,74.0,1
0,0.004,6.0,7.0,6.8,36.0,0,7.0,74.0,1
0,0.004,6.0,7.0,6.8,36.0,0,7.0,74.0,1
0,0.004,6.0,7.0,6.8,36.0,0,7.0,74.0,1
0,0.004,6.0,7.0,6.8,36.0,0,7.0,74.0,1
0,0.004,6.0,7.0,6.8,36.0,0,7.0,74.0,1
0,0.004,6.0,7.0,6.8,36.0,0,7.0,74.0,1
0,0.004,6.0,7.0,6.8,36.0,0,7.0,74.0,1
0,0.004,6.0,7.0,6.8,36.0,0,7.0,74.0,1
0,0.004,6.0,7.0,6.8,36.0,0,7.0,74.0,1
0,0.004,6.0,7.0,6.8,36.0,0,7.0,74.0,1
0,0.004,6.0,7.0,6.8,36.0,0,7.0,74.0,1
0,0.002,8.0,10.0,7.1,46.0,0,7.0,77.0,1
0,0.002,8.0,10.0,7.1,46.0,0,7.0,77.0,1
0,0.002,8.0,10.0,7.1,46.0,0,7.0,77.0,1
0,0.002,8.0,10.0,7.1,46.0,0,7.0,77.0,1
0,0.002,8.0,10.0,7.1,46.0,0,7.0,77.0,1
0,0.002,8.0,10.0,7.1,46.0,0,7.0,77.0,1
0,0.002,8.0,10.0,7.1,46.0,0,7.0,77.0,1
0,0.01,6.0,5.0,7.6,41.0,0,6.0,82.0,1
0,0.001,3.0,2.0,7.5,33.0,0,6.0,81.0,1
0,0.001,3.0,2.0,7.5,33.0,0,6.0,81.0,1
0,0.001,3.0,2.0,7.5,33.0,0,6.0,81.0,1
0,0.001,3.0,2.0,7.5,33.0,0,6.0,81.0,1
0,0.001,3.0,2.0,7.5,33.0,0,6.0,81.0,1
0,0.001,3.0,2.0,7.5,33.0,0,6.0,81.0,1
0,0.001,3.0,2.0,7.5,33.0,0,6.0,81.0,1
0,0.001,3.0,2.0,7.5,33.0,0,6.0,81.0,1
0,0.001,3.0,2.0,7.5,33.0,0,6.0,81.0,1
0,0.001,3.0,2.0,7.5,33.0,0,6.0,81.0,1
0,0.001,3.0,2.0,7.5,33.0,0,6.0,81.0,1
0,0.002,3.0,3.0,7.5,25.0,0,6.0,81.0,1
0,0.002,3.0,3.0,7.5,25.0,0,6.0,81.0,1
0,0.002,3.0,3.0,7.5,25.0,0,6.0,81.0,1
0,0.002,3.0,3.0,7.5,25.0,0,6.0,81.0,1
0,0.002,3.0,3.0,7.5,25.0,0,6.0,81.0,1
0,0.002,3.0,3.0,7.5,25.0,0,6.0,81.0,1
0,0.002,3.0,3.0,7.5,25.0,0,6.0,81.0,1
0,0.002,3.0,3.0,7.5,25.0,0,6.0,81.0,1
0,0.002,3.0,3.0,7.5,25.0,0,6.0,81.0,1
0,0.002,3.0,3.0,7.5,25.0,0,6.0,81.0,1
0,0.002,3.0,3.0,7.5,25.0,0,6.0,81.0,1
0,0.002,3.0,3.0,7.5,25.0,0,6.0,81.0,1
0,0.006999999999999999,2.0,2.0,7.6,20.0,0,6.0,82.0,1
0,0.006999999999999999,2.0,2.0,7.6,20.0,0,6.0,82.0,1
0,0.006999999999999999,2.0,2.0,7.6,20.0,0,6.0,82.0,1
0,0.01,15.0,28.0,6.8,27.0,0,7.0,81.77889447236181,1
0,0.01,15.0,28.0,6.8,27.0,0,7.0,81.77889447236181,1
0,0.01,15.0,28.0,6.8,27.0,0,7.0,81.77889447236181,1
0,0.01,15.0,28.0,6.8,27.0,0,7.0,81.77889447236181,1
0,0.01,15.0,28.0,6.8,27.0,0,7.0,81.77889447236181,1
0,0.01,15.0,28.0,6.8,27.0,0,7.0,81.77889447236181,1
0,0.01,15.0,28.0,6.8,27.0,0,7.0,81.77889447236181,1
0,0.01,5.0,3.0,7.8,34.0,0,7.0,84.0,1
0,0.01,5.0,3.0,7.8,34.0,0,7.0,84.0,1
0,0.01,5.0,3.0,7.8,34.0,0,7.0,84.0,1
0,0.01,5.0,3.0,7.8,34.0,0,7.0,84.0,1
0,0.006,16.0,18.0,5.4,36.0,0,8.0,60.0,1
0,0.006,16.0,18.0,5.4,36.0,0,8.0,60.0,1
0,0.006,16.0,18.0,5.4,36.0,0,8.0,60.0,1
0,0.006,16.0,18.0,5.4,36.0,0,8.0,60.0,1
0,0.006,16.0,18.0,5.4,36.0,0,8.0,60.0,1
0,0.006,16.0,18.0,5.4,36.0,0,8.0,60.0,1
0,0.006,16.0,18.0,5.4,36.0,0,8.0,60.0,1
0,0.002,11.0,18.0,6.2,25.0,0,8.0,68.0,1
0,0.002,11.0,18.0,6.2,25.0,0,8.0,68.0,1
0,0.002,11.0,18.0,6.2,25.0,0,8.0,68.0,1
0,0.002,11.0,18.0,6.2,25.0,0,8.0,68.0,1
0,0.002,11.0,18.0,6.2,25.0,0,8.0,68.0,1
0,0.002,11.0,18.0,6.2,25.0,0,8.0,68.0,1
0,0.002,11.0,18.0,6.2,25.0,0,8.0,68.0,1
0,0.002,11.0,18.0,6.2,25.0,0,8.0,68.0,1
0,0.003,8.0,10.0,6.8,36.0,0,8.0,74.0,1
0,0.003,8.0,10.0,6.8,36.0,0,8.0,74.0,1
0,0.003,8.0,10.0,6.8,36.0,0,8.0,74.0,1
0,0.003,8.0,10.0,6.8,36.0,0,8.0,74.0,1
0,0.003,8.0,10.0,6.8,36.0,0,8.0,74.0,1
0,0.003,8.0,10.0,6.8,36.0,0,8.0,74.0,1
0,0.003,8.0,10.0,6.8,36.0,0,8.0,74.0,1
0,0.003,8.0,10.0,6.8,36.0,0,8.0,74.0,1
0,0.003,8.0,10.0,6.8,36.0,0,8.0,74.0,1
0,0.003,8.0,10.0,6.8,36.0,0,8.0,74.0,1
0,0.0,5.0,5.0,7.2,26.0,0,8.0,78.0,1
0,0.0,5.0,5.0,7.2,26.0,0,8.0,78.0,1
0,0.0,5.0,5.0,7.2,26.0,0,8.0,78.0,1
0,0.0,5.0,5.0,7.2,26.0,0,8.0,78.0,1
0,0.0,5.0,5.0,7.2,26.0,0,8.0,78.0,1
0,0.0,5.0,5.0,7.2,26.0,0,8.0,78.0,1
0,0.018000000000000002,5.0,5.0,6.4,41.0,0,7.0,70.0,1
0,0.018000000000000002,5.0,5.0,6.4,41.0,0,7.0,70.0,1
0,0.018000000000000002,5.0,5.0,6.4,41.0,0,7.0,70.0,1
0,0.018000000000000002,5.0,5.0,6.4,41.0,0,7.0,70.0,1
0,0.018000000000000002,5.0,5.0,6.4,41.0,0,7.0,70.0,1
0,0.018000000000000002,5.0,5.0,6.4,41.0,0,7.0,70.0,1
0,0.018000000000000002,5.0,5.0,6.4,41.0,0,7.0,70.0,1
0,0.018000000000000002,5.0,5.0,6.4,41.0,0,7.0,70.0,1
0,0.018000000000000002,5.0,5.0,6.4,41.0,0,7.0,70.0,1
0,0.018000000000000002,5.0,5.0,6.4,41.0,0,7.0,70.0,1
0,0.018000000000000002,5.0,5.0,6.4,41.0,0,7.0,70.0,1
0,0.018000000000000002,5.0,5.0,6.4,41.0,0,7.0,70.0,1
0,0.026,5.0,6.0,6.6,33.0,0,7.0,72.0,1
0,0.026,5.0,6.0,6.6,33.0,0,7.0,72.0,1
0,0.026,5.0,6.0,6.6,33.0,0,7.0,72.0,1
0,0.026,5.0,6.0,6.6,33.0,0,7.0,72.0,1
0,0.026,5.0,6.0,6.6,33.0,0,7.0,72.0,1
0,0.026,5.0,6.0,6.6,33.0,0,7.0,72.0,1
0,0.026,5.0,6.0,6.6,33.0,0,7.0,72.0,1
0,0.026,5.0,6.0,6.6,33.0,0,7.0,72.0,1
0,0.026,5.0,6.0,6.6,33.0,0,7.0,72.0,1
0,0.026,5.0,6.0,6.6,33.0,0,7.0,72.0,1
0,0.026,5.0,6.0,6.6,33.0,0,7.0,72.0,1
0,0.024,4.0,5.0,6.9,29.0,0,7.0,75.0,1
0,0.024,4.0,5.0,6.9,29.0,0,7.0,75.0,1
0,0.024,4.0,5.0,6.9,29.0,0,7.0,75.0,1
0,0.024,4.0,5.0,6.9,29.0,0,7.0,75.0,1
0,0.024,4.0,5.0,6.9,29.0,0,7.0,75.0,1
0,0.024,4.0,5.0,6.9,29.0,0,7.0,75.0,1
0,0.024,4.0,5.0,6.9,29.0,0,7.0,75.0,1
0,0.024,4.0,5.0,6.9,29.0,0,7.0,75.0,1
0,0.024,4.0,5.0,6.9,29.0,0,7.0,75.0,1
0,0.024,4.0,5.0,6.9,29.0,0,7.0,75.0,1
0,0.03,7.0,9.0,7.4,28.0,0,7.0,80.0,1
0,0.03,7.0,9.0,7.4,28.0,0,7.0,80.0,1
0,0.03,7.0,9.0,7.4,28.0,0,7.0,80.0,1
0,0.03,7.0,9.0,7.4,28.0,0,7.0,80.0,1
0,0.03,7.0,9.0,7.4,28.0,0,7.0,80.0,1
0,0.03,7.0,9.0,7.4,28.0,0,7.0,80.0,1
0,0.03,7.0,9.0,7.4,28.0,0,7.0,80.0,1
0,0.015,10.0,14.0,6.4,37.0,0,7.0,70.0,1
0,0.015,10.0,14.0,6.4,37.0,0,7.0,70.0,1
0,0.015,10.0,14.0,6.4,37.0,0,7.0,70.0,1
0,0.015,10.0,14.0,6.4,37.0,0,7.0,70.0,1
0,0.015,10.0,14.0,6.4,37.0,0,7.0,70.0,1
0,0.015,10.0,14.0,6.4,37.0,0,7.0,70.0,1
0,0.015,10.0,14.0,6.4,37.0,0,7.0,70.0,1
0,0.015,10.0,14.0,6.4,37.0,0,7.0,70.0,1
0,0.015,10.0,14.0,6.4,37.0,0,7.0,70.0,1
0,0.015,10.0,14.0,6.4,37.0,0,7.0,70.0,1
0,0.015,10.0,14.0,6.4,37.0,0,7.0,70.0,1
0,0.015,10.0,14.0,6.4,37.0,0,7.0,70.0,1
0,0.015,10.0,14.0,6.4,37.0,0,7.0,70.0,1
0,0.004,3.0,3.0,7.5,23.0,0,6.0,81.0,1
0,0.004,3.0,3.0,7.5,23.0,0,6.0,81.0,1
0,0.004,3.0,3.0,7.5,23.0,0,6.0,81.0,1
0,0.004,3.0,3.0,7.5,23.0,0,6.0,81.0,1
0,0.004,3.0,3.0,7.5,23.0,0,6.0,81.0,1
0,0.004,3.0,3.0,7.5,23.0,0,6.0,81.0,1
0,0.004,3.0,3.0,7.5,23.0,0,6.0,81.0,1
0,0.004,3.0,3.0,7.5,23.0,0,6.0,81.0,1
0,0.004,3.0,3.0,7.5,23.0,0,6.0,81.0,1
0,0.004,3.0,3.0,7.5,23.0,0,6.0,81.0,1
0,0.004,3.0,3.0,7.5,23.0,0,6.0,81.0,1
0,0.001,4.0,5.0,7.8,24.0,0,6.0,84.0,1
0,0.001,4.0,5.0,7.8,24.0,0,6.0,84.0,1
0,0.001,4.0,5.0,7.8,24.0,0,6.0,84.0,1
0,0.001,4.0,5.0,7.8,24.0,0,6.0,84.0,1
0,0.001,4.0,5.0,7.8,24.0,0,6.0,84.0,1
0,0.001,4.0,5.0,7.8,24.0,0,6.0,84.0,1
0,0.001,4.0,5.0,7.8,24.0,0,6.0,84.0,1
0,0.001,4.0,5.0,7.8,24.0,0,6.0,84.0,1
0,0.001,4.0,5.0,7.8,24.0,0,6.0,84.0,1
0,0.012,12.0,9.0,6.9,48.0,0,7.0,75.0,1
0,0.012,12.0,9.0,6.9,48.0,0,7.0,75.0,1
0,0.012,12.0,9.0,6.9,48.0,0,7.0,75.0,1
0,0.012,12.0,9.0,6.9,48.0,0,7.0,75.0,1
0,0.012,12.0,9.0,6.9,48.0,0,7.0,75.0,1
0,0.012,12.0,9.0,6.9,48.0,0,7.0,75.0,1
0,0.001,7.0,5.0,5.5,34.0,0,8.0,61.0,1
0,0.004,6.0,7.0,7.6,33.0,0,10.0,82.0,1
0,0.008,8.0,10.0,6.8,50.0,0,9.0,74.0,1
0,0.003,10.0,10.0,7.4,26.0,0,10.0,80.0,1
0,0.011,5.0,4.0,6.2,27.0,0,8.0,68.0,1
0,0.004,6.0,6.0,7.5,28.0,0,10.0,81.0,1
0,0.006,5.0,5.0,7.6,32.0,0,10.0,82.0,1
0,0.01,5.0,4.0,6.9,31.0,0,8.0,75.0,1
0,0.011,6.0,5.0,6.6,30.0,0,8.0,72.0,1
0,0.001,4.0,5.0,7.4,19.0,0,10.0,80.0,1
0,0.005,4.0,4.0,6.7,42.0,0,8.0,73.0,1
0,0.006,6.0,5.0,6.7,32.0,0,8.0,73.0,1
0,0.014,4.0,4.0,6.9,24.0,0,8.0,75.0,1
0,0.004,4.0,5.0,7.8,31.0,0,10.0,84.0,1
0,0.014,5.0,5.0,6.7,24.0,0,8.0,73.0,1
0,0.004,16.0,14.0,7.7,26.0,0,10.0,83.0,1
0,0.009000000000000001,7.0,6.0,6.7,31.0,0,8.0,73.0,1
0,0.006,5.0,6.0,7.4,31.0,0,10.0,80.0,1
0,0.006999999999999999,5.0,4.0,6.9,29.0,0,8.0,75.0,1
0,0.011,4.0,5.0,6.9,25.0,0,8.0,75.0,1
0,0.023,3.0,3.0,7.1,21.0,0,8.0,77.0,1
0,0.01,9.0,10.0,7.6,64.0,0,10.0,82.0,1
0,0.011,7.0,7.0,6.9,68.0,0,10.0,75.0,1
0,0.006,10.0,15.0,7.3,25.0,0,10.0,79.0,1
0,0.006,6.0,7.0,7.2,29.0,0,8.0,78.0,1
0,0.002,5.0,5.0,5.4,43.0,0,8.0,60.0,1
0,0.002,7.0,5.0,5.5,35.0,0,8.0,61.0,1
0,0.001,6.0,7.0,8.9,21.0,0,10.0,95.0,1
0,0.01,9.0,10.0,6.2,60.0,0,10.0,68.0,1
0,0.0,4.0,6.0,7.7,20.0,0,10.0,83.0,1
0,0.005,6.0,7.0,7.5,33.0,0,10.0,81.0,1
0,0.01,8.0,8.0,6.3,30.0,0,8.0,69.0,1
0,0.005,6.0,6.0,7.3,31.0,0,10.0,79.0,1
0,0.005,7.0,4.0,6.5,41.0,0,8.0,71.0,1
0,0.006999999999999999,5.0,6.0,17.4,30.0,0,12.0,207.248322147651,4
0,0.013,6.0,5.0,6.5,26.0,0,8.0,71.0,1
0,0.025,4.0,4.0,6.8,20.0,0,8.0,74.0,1
0,0.004,4.0,5.0,7.8,37.0,0,10.0,84.0,1
0,0.005,5.0,5.0,7.2,32.0,0,10.0,78.0,1
0,0.008,6.0,5.0,6.5,30.0,0,8.0,71.0,1
0,0.006999999999999999,7.0,8.0,6.8,33.0,0,8.0,74.0,1
0,0.004,15.0,13.0,7.6,26.0,0,10.0,82.0,1
0,0.009000000000000001,9.0,8.0,7.2,44.0,0,10.0,78.0,1
0,0.005,5.0,6.0,6.8,30.0,0,10.0,74.0,1
0,0.008,7.0,8.0,7.2,40.0,0,10.0,78.0,1
0,0.006999999999999999,4.0,4.0,6.8,30.0,0,8.0,74.0,1
0,0.026,4.0,3.0,7.1,19.0,0,8.0,77.0,1
0,0.01,9.0,10.0,6.4,50.0,0,10.0,70.0,1
0,0.012,6.0,7.0,7.2,62.0,0,9.0,78.0,1
0,0.008,7.0,6.0,7.1,33.0,0,8.0,77.0,1
0,0.006,6.0,7.0,7.2,29.0,0,8.0,78.0,1
0,0.016,3.0,3.0,6.8,26.0,0,7.0,74.0,1
0,0.018000000000000002,3.0,2.0,7.4,25.0,0,8.0,80.0,1
0,0.023,6.0,8.0,6.7,23.0,0,8.0,73.0,1
0,0.021,33.0,65.0,7.3,24.0,0,7.0,150.74452554744525,3
0,0.021,2.0,2.0,10.1,27.0,0,9.0,111.13793103448275,2
0,0.019,6.0,6.0,7.2,28.0,0,8.0,78.0,1
0,0.018000000000000002,3.0,3.0,7.1,28.0,0,8.0,77.0,1
0,0.023,3.0,2.0,7.0,23.0,0,8.0,76.0,1
0,0.008,4.0,2.0,6.6,43.0,0,8.0,72.0,1
0,0.021,3.0,2.0,7.0,24.0,0,8.0,76.0,1
0,0.023,3.0,3.0,6.9,23.0,0,8.0,75.0,1
0,0.028,101.0,191.0,7.3,21.0,0,8.0,220.86486486486487,4
0,0.018000000000000002,3.0,2.0,7.8,24.0,0,8.0,84.0,1
0,0.019,3.0,4.0,7.6,26.0,0,8.0,82.0,1
0,0.023,4.0,2.0,6.8,24.0,0,8.0,74.0,1
0,0.019,8.0,3.0,7.1,31.0,0,8.0,77.0,1
0,0.016,3.0,3.0,6.8,26.0,0,7.0,74.0,1
0,0.018000000000000002,2.0,3.0,6.9,25.0,0,7.0,75.0,1
0,0.002,5.0,5.0,6.9,39.0,0,7.0,75.0,1
0,0.002,3.0,3.0,7.1,28.0,0,7.0,77.0,1
0,0.001,13.0,5.0,7.3,41.0,0,7.0,79.0,1
0,0.005,3.0,5.0,7.5,29.0,0,7.0,81.0,1
0,0.006,4.0,3.0,7.9,27.0,0,6.0,85.0,1
0,0.001,3.0,2.0,7.3,34.0,0,7.0,79.0,1
0,0.001,5.0,4.0,7.4,30.0,0,7.0,80.0,1
0,0.014,5.0,8.0,6.5,29.0,0,7.0,71.0,1
0,0.0,3.0,2.0,7.4,33.0,0,7.0,80.0,1
0,0.0,43.0,86.0,7.4,36.0,0,6.0,161.47445255474452,3
0,0.002,44.0,89.0,7.6,35.0,0,6.0,163.007299270073,3
0,0.002,8.0,12.0,7.3,34.0,0,6.0,79.0,1
0,0.002,7.0,10.0,7.6,28.0,0,6.0,82.0,1
0,0.001,5.0,11.0,7.4,33.0,0,6.0,80.0,1
0,0.003,5.0,10.0,7.5,30.0,0,6.0,81.0,1
0,0.003,7.0,11.0,7.7,37.0,0,6.0,83.0,1
0,0.0,2.0,2.0,7.7,33.0,0,7.0,83.0,1
0,0.006,38.0,75.0,8.4,28.0,0,6.0,155.85401459854015,3
0,0.016,7.0,12.0,7.4,29.0,0,7.0,80.0,1
0,0.011,11.0,17.0,7.2,33.0,0,7.0,78.0,1
0,0.01,8.0,12.0,7.4,33.0,0,7.0,80.0,1
0,0.014,8.0,14.0,7.5,26.0,0,7.0,81.0,1
0,0.005,167.0,326.0,7.9,26.0,0,6.0,338.032032032032,5
0,0.011,9.0,14.0,7.7,31.0,0,7.0,83.0,1
0,0.004,4.0,3.0,7.7,34.0,0,7.0,83.0,1
0,0.014,6.0,11.0,7.7,30.0,0,8.0,83.0,1
0,0.012,11.0,13.0,7.8,30.0,0,8.0,84.0,1
0,0.005,3.0,2.0,8.2,32.0,0,6.0,88.0,1
0,0.003,3.0,4.0,7.5,27.0,0,6.0,81.0,1
0,0.002,8.0,14.0,5.5,32.0,0,8.0,61.0,1
0,0.002,8.0,13.0,5.6,32.0,0,8.0,62.0,1
0,0.002,3.0,2.0,7.4,46.0,0,7.0,80.0,1
0,0.006,7.0,11.0,7.1,42.0,0,6.0,77.0,1
0,0.0,2.0,2.0,7.3,34.0,0,7.0,79.0,1
0,0.002,2.0,2.0,7.4,29.0,0,7.0,80.0,1
0,0.003,3.0,2.0,7.4,28.0,0,7.0,80.0,1
0,0.002,7.0,3.0,8.0,46.0,0,6.0,86.0,1
0,0.002,6.0,11.0,7.4,28.0,0,6.0,80.0,1
0,0.002,6.0,10.0,7.5,31.0,0,6.0,81.0,1
0,0.001,7.0,12.0,7.0,40.0,0,6.0,76.0,1
0,0.0,7.0,12.0,7.4,37.0,0,6.0,80.0,1
0,0.006,2.0,1.0,8.2,27.0,0,6.0,88.0,1
0,0.004,6.0,10.0,7.5,29.0,0,6.0,81.0,1
0,0.001,4.0,3.0,7.7,28.0,0,7.0,83.0,1
0,0.003,6.0,11.0,7.7,32.0,0,6.0,83.0,1
0,0.008,1.0,1.0,8.2,20.0,0,6.0,88.0,1
0,0.005,44.0,87.0,8.5,26.0,0,7.0,161.98540145985402,3
0,0.01,17.0,33.0,8.5,22.0,0,6.0,94.09045226130654,1
0,0.018000000000000002,7.0,12.0,7.4,29.0,0,7.0,80.0,1
0,0.011,11.0,17.0,7.3,31.0,0,7.0,79.0,1
0,0.004,5.0,2.0,7.3,31.0,0,6.0,79.0,1
0,0.002,7.0,10.0,7.4,39.0,0,6.0,80.0,1
0,0.008,10.0,16.0,7.5,35.0,0,7.0,81.0,1
0,0.003,7.0,8.0,7.8,37.0,0,6.0,84.0,1
0,0.003,7.0,11.0,6.4,34.0,0,7.0,70.0,1
0,0.001,5.0,5.0,7.5,31.0,0,7.0,81.0,1
0,0.001,3.0,2.0,7.3,34.0,0,7.0,79.0,1
0,0.01,3.0,1.0,7.6,24.0,0,6.0,82.0,1
0,0.005,2.0,1.0,8.4,29.0,0,7.0,90.0,1
0,0.005,9.0,4.0,8.3,29.0,0,7.0,89.0,1
0,0.0,2.0,2.0,7.8,33.0,0,7.0,84.0,1
0,0.0,3.0,2.0,6.7,29.0,0,7.0,73.0,1
0,0.0,42.0,85.0,7.6,38.0,0,6.0,160.96350364963504,3
0,0.004,8.0,12.0,7.2,30.0,0,6.0,78.0,1
0,0.001,7.0,12.0,7.0,40.0,0,6.0,76.0,1
0,0.001,5.0,11.0,7.4,32.0,0,6.0,80.0,1
0,0.003,5.0,10.0,7.5,30.0,0,6.0,81.0,1
0,0.003,6.0,10.0,7.5,32.0,0,6.0,81.0,1
0,0.001,3.0,2.0,12.1,29.0,0,7.0,144.9310344827586,2
0,0.003,6.0,11.0,7.7,32.0,0,6.0,83.0,1
0,0.001,4.0,3.0,7.2,30.0,0,6.0,78.0,1
0,0.002,8.0,10.0,7.6,29.0,0,6.0,82.0,1
0,0.004,8.0,8.0,7.8,28.0,0,6.0,84.0,1
0,0.001,2.0,2.0,7.5,31.0,0,7.0,81.0,1
0,0.002,4.0,2.0,7.5,33.0,0,7.0,81.0,1
0,0.003,4.0,4.0,7.5,31.0,0,7.0,81.0,1
0,0.0,5.0,3.0,8.6,34.0,0,6.0,92.0,1
0,0.005,3.0,3.0,7.2,29.0,0,6.0,78.0,1
0,0.005,3.0,3.0,7.3,34.0,0,6.0,79.0,1
0,0.005,3.0,2.0,7.2,33.0,0,6.0,78.0,1
0,0.005,3.0,3.0,6.9,31.0,0,6.0,75.0,1
0,0.002,108.0,210.0,7.4,34.0,0,5.0,230.18418418418418,4
0,0.002,287.0,334.0,7.2,34.0,0,5.0,341.955955955956,5
0,0.006999999999999999,93.0,130.0,20.0,25.0,0,6.0,215.7986577181208,4
0,0.009000000000000001,131.0,247.0,7.5,24.0,0,5.0,248.33233233233233,4
0,0.009000000000000001,3.0,2.0,6.9,28.0,0,5.0,75.0,1
0,0.011,3.0,2.0,7.2,22.0,0,6.0,78.0,1
0,0.006999999999999999,4.0,7.0,8.0,30.0,0,6.0,86.0,1
0,0.002,369.0,393.0,7.4,45.0,0,5.0,414.8925950633756,5
0,0.006999999999999999,100.0,91.0,7.3,23.0,0,6.0,164.02919708029196,3
0,0.014,1.0,1.0,7.7,20.0,0,6.0,83.0,1
0,0.011,2.0,2.0,7.5,22.0,0,6.0,81.0,1
0,0.011,4.0,2.0,8.5,28.0,0,6.0,91.0,1
0,0.011,3.0,2.0,7.8,23.0,0,6.0,84.0,1
0,0.011,2.0,2.0,7.3,26.0,0,6.0,79.0,1
0,0.008,8.0,12.0,7.5,30.0,0,6.0,81.0,1
0,0.006999999999999999,8.0,16.0,6.8,24.0,0,5.0,74.0,1
0,0.002,9.0,4.0,6.6,36.0,0,5.0,72.0,1
0,0.009000000000000001,2.0,1.0,7.1,24.0,0,5.0,77.0,1
0,0.002,6.0,4.0,8.3,34.0,0,6.0,89.0,1
0,0.005,3.0,1.0,7.9,27.0,0,6.0,85.0,1
0,0.003,5.0,3.0,8.3,30.0,0,6.0,89.0,1
0,0.003,2.0,2.0,8.0,24.0,0,6.0,86.0,1
0,0.009000000000000001,5.0,9.0,7.3,24.0,0,4.0,79.0,1
0,0.008,5.0,4.0,7.1,28.0,0,4.0,77.0,1
0,0.006999999999999999,7.0,14.0,7.1,28.0,0,4.0,77.0,1
0,0.005,2.0,2.0,7.2,32.0,0,4.0,78.0,1
0,0.005,4.0,6.0,7.1,34.0,0,4.0,77.0,1
0,0.005,136.0,263.0,7.2,32.0,0,4.0,307.13113113113116,5
0,0.003,100.0,197.0,7.9,34.0,0,4.0,223.80780780780782,4
0,0.006,74.0,143.0,8.6,35.0,0,5.0,190.5985401459854,3
0,0.009000000000000001,11.0,21.0,7.3,29.0,0,5.0,79.0,1
0,0.009000000000000001,10.0,19.0,7.8,27.0,0,5.0,84.0,1
0,0.016,57.0,109.0,7.7,23.0,0,5.0,173.22627737226276,3
0,0.025,1.0,1.0,7.1,18.0,0,5.0,77.0,1
0,0.015,44.0,85.0,7.2,26.0,0,5.0,160.96350364963504,3
0,0.012,2.0,2.0,7.4,31.0,0,5.0,80.0,1
0,0.015,2.0,2.0,7.5,22.0,0,5.0,81.0,1
0,0.012,133.0,256.0,7.1,24.0,0,5.0,303.6976976976977,5
0,0.018000000000000002,2.0,2.0,7.5,20.0,0,5.0,81.0,1
0,0.013,4.0,5.0,7.7,25.0,0,5.0,83.0,1
0,0.006999999999999999,4.0,8.0,7.5,31.0,0,5.0,81.0,1
0,0.004,52.0,98.0,6.6,34.0,0,5.0,167.6058394160584,3
0,0.009000000000000001,3.0,2.0,7.1,24.0,0,5.0,77.0,1
0,0.011,2.0,2.0,7.4,24.0,0,5.0,80.0,1
0,0.008,1.0,2.0,7.0,25.0,0,5.0,76.0,1
0,0.008,3.0,2.0,7.4,34.0,0,5.0,80.0,1
0,0.006999999999999999,4.0,3.0,7.4,33.0,0,5.0,80.0,1
0,0.005,3.0,2.0,7.4,28.0,0,5.0,80.0,1
0,0.006999999999999999,3.0,3.0,7.3,37.0,0,5.0,79.0,1
0,0.0,2.0,2.0,5.9,26.0,0,7.0,65.0,1
0,0.001,2.0,1.0,6.2,24.0,0,7.0,68.0,1
0,0.001,2.0,2.0,6.1,27.0,0,7.0,67.0,1
0,0.001,4.0,3.0,9.5,34.0,0,7.0,101.0,2
0,0.001,3.0,2.0,6.2,33.0,0,7.0,68.0,1
0,0.0,2.0,2.0,6.2,27.0,0,7.0,68.0,1
0,0.0,2.0,1.0,7.5,39.0,0,6.0,81.0,1
0,0.0,5.0,3.0,7.5,36.0,0,6.0,81.0,1
0,0.003,2.0,1.0,6.6,25.0,0,7.0,72.0,1
0,0.001,2.0,2.0,6.8,30.0,0,7.0,74.0,1
0,0.001,3.0,2.0,7.3,28.0,0,6.0,79.0,1
0,0.0,2.0,3.0,6.8,28.0,0,7.0,74.0,1
0,0.001,7.0,12.0,6.8,29.0,0,7.0,74.0,1
0,0.002,3.0,4.0,7.3,31.0,0,7.0,79.0,1
0,0.0,3.0,2.0,7.2,26.0,0,7.0,78.0,1
0,0.004,7.0,4.0,7.4,40.0,0,7.0,80.0,1
0,0.0,3.0,2.0,7.4,27.0,0,7.0,80.0,1
0,0.0,5.0,4.0,7.6,29.0,0,6.0,82.0,1
0,0.0,4.0,2.0,7.4,29.0,0,6.0,80.0,1
0,0.003,43.0,13.0,7.2,35.0,0,7.0,78.0,1
0,0.001,4.0,2.0,7.3,25.0,0,7.0,79.0,1
0,0.003,6.0,3.0,7.5,32.0,0,7.0,81.0,1
0,0.003,20.0,37.0,7.5,43.0,0,5.0,91.92592592592592,1
0,0.001,1.0,1.0,7.5,23.0,0,7.0,81.0,1
0,0.0,2.0,2.0,5.8,26.0,0,7.0,64.0,1
0,0.001,2.0,2.0,5.8,27.0,0,7.0,64.0,1
0,0.001,2.0,1.0,6.2,25.0,0,7.0,68.0,1
0,0.001,5.0,4.0,10.0,47.0,0,6.0,109.44827586206897,2
0,0.001,4.0,3.0,7.3,34.0,0,6.0,79.0,1
0,0.003,2.0,2.0,9.7,29.0,0,6.0,104.37931034482757,2
0,0.0,2.0,2.0,6.2,30.0,0,7.0,68.0,1
0,0.001,4.0,2.0,6.2,32.0,0,7.0,68.0,1
0,0.002,15.0,22.0,6.5,40.0,0,7.0,71.0,1
0,0.0,3.0,2.0,7.4,35.0,0,6.0,80.0,1
0,0.0,3.0,2.0,6.8,39.0,0,7.0,74.0,1
0,0.002,4.0,2.0,7.1,39.0,0,6.0,77.0,1
0,0.001,3.0,2.0,7.2,29.0,0,6.0,78.0,1
0,0.001,3.0,3.0,7.7,33.0,0,6.0,83.0,1
0,0.002,3.0,2.0,7.4,38.0,0,6.0,80.0,1
0,0.001,7.0,11.0,6.8,29.0,0,7.0,74.0,1
0,0.005,2.0,1.0,7.3,25.0,0,7.0,79.0,1
0,0.005,1.0,1.0,7.2,22.0,0,7.0,78.0,1
0,0.001,2.0,2.0,7.2,26.0,0,7.0,78.0,1
0,0.003,8.0,5.0,7.6,54.0,0,5.0,82.0,1
0,0.0,2.0,2.0,7.1,31.0,0,7.0,77.0,1
0,0.0,43.0,86.0,7.7,26.0,0,7.0,161.47445255474452,3
0,0.0,5.0,4.0,7.7,29.0,0,6.0,83.0,1
0,0.002,2.0,2.0,7.4,23.0,0,7.0,80.0,1
0,0.003,21.0,6.0,7.4,43.0,0,6.0,80.0,1
0,0.0,4.0,3.0,7.5,34.0,0,5.0,81.0,1
0,0.002,8.0,3.0,7.8,41.0,0,5.0,84.0,1
0,0.003,22.0,43.0,7.6,38.0,0,5.0,107.48148148148148,2
0,0.001,2.0,2.0,7.8,26.0,0,5.0,84.0,1
0,0.003,5.0,5.0,6.7,36.0,0,7.0,73.0,1
0,0.004,5.0,5.0,7.4,33.0,0,7.0,80.0,1
0,0.005,9.0,7.0,7.4,47.0,0,7.0,80.0,1
0,0.002,3.0,3.0,9.0,32.0,0,7.0,96.0,1
0,0.001,5.0,5.0,7.5,35.0,0,7.0,81.0,1
0,0.0,377.0,381.0,6.5,38.0,0,6.0,410.9699799866578,5
0,0.001,4.0,4.0,7.1,37.0,0,7.0,77.0,1
0,0.002,145.0,283.0,6.7,30.0,0,4.0,316.94094094094095,5
0,0.001,5.0,5.0,7.3,44.0,0,8.0,79.0,1
0,0.006999999999999999,4.0,3.0,6.9,22.0,0,3.0,75.0,1
0,0.009000000000000001,2.0,2.0,7.6,20.0,0,3.0,82.0,1
0,0.001,114.0,123.0,7.3,42.0,0,4.0,180.3795620437956,3
0,0.003,178.0,176.0,6.8,28.0,0,4.0,213.5075075075075,4
0,0.002,5.0,4.0,7.6,36.0,0,8.0,82.0,1
0,0.005,4.0,3.0,7.8,29.0,0,8.0,84.0,1
0,0.003,4.0,4.0,7.8,37.0,0,7.0,84.0,1
0,0.003,4.0,3.0,8.3,38.0,0,8.0,89.0,1
0,0.003,4.0,4.0,7.4,32.0,0,3.0,80.0,1
0,0.002,8.0,7.0,7.7,47.0,0,8.0,83.0,1
0,0.005,21.0,39.0,7.0,25.0,0,3.0,97.11111111111111,1
0,0.006999999999999999,3.0,2.0,7.3,24.0,0,3.0,79.0,1
0,0.011,2.0,1.0,7.0,19.0,0,3.0,76.0,1
0,0.006999999999999999,3.0,2.0,8.0,27.0,0,3.0,86.0,1
0,0.005,19.0,9.0,7.8,55.0,0,2.0,443.9824561403509,5
0,0.02,2.0,2.0,7.5,19.0,0,2.0,443.9824561403509,5
0,0.001,8.0,4.0,7.9,33.0,0,8.0,85.0,1
0,0.002,4.0,4.0,8.0,34.0,0,8.0,86.0,1
0,0.012,72.0,136.0,7.5,24.0,0,2.0,443.9824561403509,5
0,0.001,4.0,6.0,9.5,30.0,0,7.0,101.0,2
0,0.001,4.0,6.0,9.5,30.0,0,7.0,101.0,2
0,0.0,7.0,8.0,6.7,37.0,0,7.0,73.0,1
0,0.001,7.0,5.0,6.8,33.0,0,7.0,74.0,1
0,0.004,3.0,3.0,7.6,30.0,0,7.0,82.0,1
0,0.002,6.0,5.0,7.6,36.0,0,7.0,82.0,1
0,0.0,377.0,381.0,7.2,36.0,0,6.0,410.9699799866578,5
0,0.001,181.0,338.0,7.0,34.0,0,4.0,343.9179179179179,5
0,0.003,15.0,28.0,6.7,29.0,0,3.0,81.77889447236181,1
0,0.003,2.0,2.0,7.4,29.0,0,8.0,80.0,1
0,0.003,3.0,3.0,7.7,33.0,0,8.0,83.0,1
0,0.005,3.0,3.0,7.7,30.0,0,4.0,83.0,1
0,0.002,4.0,4.0,7.5,37.0,0,8.0,81.0,1
0,0.006,37.0,37.0,7.6,23.0,0,4.0,91.92592592592592,1
0,0.006,4.0,2.0,7.5,25.0,0,3.0,81.0,1
0,0.008,2.0,2.0,7.5,23.0,0,8.0,81.0,1
0,0.003,5.0,3.0,7.8,39.0,0,8.0,84.0,1
0,0.001,7.0,4.0,7.9,42.0,0,8.0,85.0,1
0,0.001,10.0,9.0,7.6,50.0,0,7.0,82.0,1
0,0.003,3.0,4.0,7.4,24.0,0,3.0,80.0,1
0,0.005,21.0,39.0,7.1,23.0,0,3.0,97.11111111111111,1
0,0.009000000000000001,2.0,1.0,6.8,20.0,0,3.0,74.0,1
0,0.006999999999999999,3.0,2.0,7.9,26.0,0,3.0,85.0,1
0,0.014,6.0,7.0,7.9,29.0,0,2.0,443.9824561403509,5
0,0.014,4.0,3.0,8.8,26.0,0,2.0,443.9824561403509,5
0,0.01,5.0,3.0,8.1,33.0,0,2.0,443.9824561403509,5
0,0.017,4.0,3.0,6.4,33.0,0,7.0,70.0,1
0,0.014,5.0,3.0,6.7,32.0,0,4.0,73.0,1
0,0.02,3.0,3.0,6.6,28.0,0,7.0,72.0,1
0,0.017,3.0,3.0,6.9,30.0,0,7.0,75.0,1
0,0.022,4.0,4.0,6.7,26.0,0,7.0,73.0,1
0,0.015,6.0,4.0,6.7,34.0,0,6.0,73.0,1
0,0.011,6.0,5.0,7.0,39.0,0,6.0,76.0,1
0,0.011,8.0,5.0,7.9,42.0,0,6.0,85.0,1
0,0.02,3.0,2.0,6.8,30.0,0,6.0,74.0,1
0,0.009000000000000001,8.0,15.0,7.0,70.0,0,5.0,76.0,1
0,0.011,6.0,5.0,6.9,38.0,0,5.0,75.0,1
0,0.011,5.0,5.0,7.0,40.0,0,5.0,76.0,1
0,0.013,3.0,3.0,7.0,42.0,0,5.0,76.0,1
0,0.013,6.0,7.0,7.3,37.0,0,5.0,79.0,1
0,0.011,3.0,2.0,7.7,46.0,0,5.0,83.0,1
0,0.024,5.0,4.0,7.1,24.0,0,4.0,77.0,1
0,0.024,3.0,2.0,7.2,27.0,0,4.0,78.0,1
0,0.02,4.0,3.0,7.2,31.0,0,3.0,78.0,1
0,0.011,9.0,5.0,7.0,42.0,0,3.0,76.0,1
0,0.015,4.0,3.0,7.3,26.0,0,4.0,79.0,1
0,0.011,6.0,4.0,7.3,35.0,0,4.0,79.0,1
0,0.01,10.0,8.0,7.0,43.0,0,4.0,76.0,1
0,0.016,6.0,3.0,7.4,28.0,0,4.0,80.0,1
0,0.015,6.0,4.0,7.6,34.0,0,4.0,82.0,1
0,0.011,10.0,4.0,7.4,29.0,0,3.0,80.0,1
0,0.011,14.0,5.0,7.3,42.0,0,3.0,79.0,1
0,0.009000000000000001,5.0,4.0,7.4,36.0,0,4.0,80.0,1
0,0.005,8.0,11.0,7.4,58.0,0,4.0,80.0,1
0,0.02,4.0,2.0,7.5,25.0,0,4.0,81.0,1
0,0.003,12.0,9.0,7.1,40.0,0,6.0,77.0,1
0,0.004,10.0,8.0,7.2,32.0,0,6.0,78.0,1
0,0.002,7.0,7.0,8.3,31.0,0,6.0,89.0,1
0,0.004,6.0,6.0,7.6,34.0,0,6.0,82.0,1
0,0.004,7.0,8.0,7.4,34.0,0,6.0,80.0,1
0,0.001,5.0,4.0,7.9,34.0,0,7.0,85.0,1
0,0.003,12.0,13.0,7.2,36.0,0,6.0,78.0,1
0,0.002,13.0,17.0,8.1,42.0,0,8.0,87.0,1
0,0.004,3.0,4.0,7.7,27.0,0,8.0,83.0,1
0,0.006999999999999999,5.0,5.0,7.0,28.0,0,6.0,76.0,1
0,0.006,7.0,8.0,7.9,34.0,0,6.0,85.0,1
0,0.002,6.0,9.0,7.5,50.0,0,6.0,81.0,1
0,0.004,8.0,9.0,7.3,32.0,0,7.0,79.0,1
0,0.006,123.0,237.0,8.6,26.0,0,8.0,243.42742742742743,4
0,0.006999999999999999,8.0,7.0,7.6,28.0,0,7.0,82.0,1
0,0.006999999999999999,6.0,7.0,8.1,27.0,0,7.0,87.0,1
0,0.006,5.0,7.0,8.2,32.0,0,7.0,88.0,1
0,0.004,22.0,8.0,12.9,32.0,0,8.0,157.75862068965517,3
0,0.0,12.0,9.0,7.9,36.0,0,6.0,85.0,1
0,0.003,7.0,7.0,7.2,30.0,0,6.0,78.0,1
0,0.003,6.0,6.0,8.0,34.0,0,6.0,86.0,1
0,0.001,7.0,6.0,7.4,37.0,0,8.0,80.0,1
0,0.003,5.0,7.0,7.9,29.0,0,8.0,85.0,1
0,0.008,8.0,7.0,8.2,25.0,0,6.0,88.0,1
0,0.003,9.0,8.0,8.2,33.0,0,6.0,88.0,1
0,0.006,6.0,8.0,7.4,28.0,0,5.0,80.0,1
0,0.003,5.0,3.0,8.1,31.0,0,7.0,87.0,1
0,0.006999999999999999,3.0,2.0,7.8,20.0,0,8.0,84.0,1
0,0.004,7.0,9.0,7.1,34.0,0,6.0,77.0,1
0,0.004,7.0,9.0,7.0,34.0,0,6.0,76.0,1
0,0.002,5.0,8.0,7.2,53.0,0,6.0,78.0,1
0,0.002,7.0,7.0,8.3,31.0,0,6.0,89.0,1
0,0.005,17.0,31.0,15.0,34.0,0,8.0,193.24137931034483,3
0,0.006,5.0,6.0,7.4,27.0,0,6.0,80.0,1
0,0.003,6.0,7.0,8.1,34.0,0,7.0,87.0,1
0,0.003,8.0,9.0,7.6,41.0,0,7.0,82.0,1
0,0.003,8.0,8.0,7.6,39.0,0,6.0,82.0,1
0,0.004,8.0,8.0,7.5,39.0,0,6.0,81.0,1
0,0.002,69.0,134.0,8.8,42.0,0,6.0,186.0,3
0,0.012,3.0,2.0,7.4,24.0,0,8.0,80.0,1
0,0.009000000000000001,6.0,4.0,7.9,22.0,0,8.0,85.0,1
0,0.006,5.0,3.0,8.2,29.0,0,8.0,88.0,1
0,0.005,4.0,3.0,7.6,33.0,0,8.0,82.0,1
0,0.006,123.0,237.0,8.6,26.0,0,8.0,243.42742742742743,4
0,0.006,6.0,7.0,8.4,29.0,0,7.0,90.0,1
0,0.006,6.0,6.0,8.1,28.0,0,7.0,87.0,1
0,0.003,6.0,6.0,8.0,33.0,0,6.0,86.0,1
0,0.004,4.0,4.0,7.5,32.0,0,8.0,81.0,1
0,0.002,5.0,4.0,61.2,37.0,0,9.0,12.987012987012987,0
0,0.006,14.0,27.0,7.5,25.0,0,8.0,81.0,1
0,0.002,12.0,8.0,8.0,33.0,0,6.0,86.0,1
0,0.003,8.0,8.0,8.1,30.0,0,6.0,87.0,1
0,0.005,10.0,20.0,8.0,22.0,0,8.0,86.0,1
0,0.006999999999999999,9.0,17.0,8.3,20.0,0,8.0,89.0,1
0,0.006,10.0,13.0,8.1,37.0,0,7.0,87.0,1
0,0.005,10.0,13.0,8.4,37.0,0,7.0,90.0,1
0,0.001,9.0,10.0,7.8,46.0,0,7.0,84.0,1
0,0.002,6.0,7.0,7.4,46.0,0,7.0,80.0,1
0,0.002,5.0,6.0,6.9,40.0,0,7.0,75.0,1
0,0.004,7.0,9.0,7.9,35.0,0,7.0,85.0,1
0,0.008,6.0,8.0,8.3,24.0,0,8.0,89.0,1
0,0.009000000000000001,5.0,7.0,7.6,26.0,0,7.0,82.0,1
0,0.0,6.0,7.0,7.5,58.0,0,7.0,81.0,1
0,0.006,7.0,10.0,7.2,34.0,0,7.0,78.0,1
0,0.006,8.0,9.0,7.6,31.0,0,7.0,82.0,1
0,0.006,5.0,4.0,8.2,29.0,0,7.0,88.0,1
0,0.006,4.0,4.0,8.6,28.0,0,7.0,92.0,1
0,0.014,4.0,6.0,7.8,23.0,0,7.0,84.0,1
0,0.009000000000000001,5.0,7.0,7.7,27.0,0,8.0,83.0,1
0,0.014,4.0,3.0,8.8,35.0,0,7.0,94.0,1
0,0.012,5.0,3.0,9.2,34.0,0,7.0,98.0,1
0,0.006999999999999999,6.0,6.0,8.5,29.0,0,8.0,91.0,1
0,0.003,5.0,6.0,8.4,31.0,0,8.0,90.0,1
0,0.006,6.0,6.0,8.3,36.0,0,8.0,89.0,1
0,0.004,7.0,9.0,9.3,30.0,0,8.0,99.0,1
0,0.004,6.0,7.0,8.0,27.0,0,8.0,86.0,1
0,0.001,4.0,4.0,9.1,30.0,0,7.0,97.0,1
0,0.006,5.0,7.0,11.8,28.0,0,8.0,139.86206896551727,2
0,0.003,3.0,2.0,8.7,23.0,0,7.0,93.0,1
0,0.003,11.0,9.0,7.6,37.0,0,8.0,82.0,1
0,0.003,5.0,7.0,8.4,28.0,0,8.0,90.0,1
0,0.003,4.0,5.0,7.7,40.0,0,7.0,83.0,1
0,0.002,6.0,9.0,7.0,62.0,0,6.0,76.0,1
0,0.008,7.0,8.0,7.9,28.0,0,7.0,85.0,1
0,0.002,5.0,5.0,4.8,38.0,0,8.0,54.0,1
0,0.006,5.0,9.0,10.0,29.0,0,8.0,109.44827586206897,2
0,0.002,6.0,6.0,7.6,36.0,0,7.0,82.0,1
0,0.013,4.0,7.0,8.9,23.0,0,8.0,95.0,1
0,0.015,6.0,4.0,8.4,28.0,0,7.0,90.0,1
0,0.012,5.0,3.0,9.9,39.0,0,7.0,107.75862068965517,2
0,0.009000000000000001,5.0,4.0,8.9,36.0,0,7.0,95.0,1
0,0.001,5.0,6.0,8.0,39.0,0,8.0,86.0,1
0,0.004,6.0,6.0,8.3,46.0,0,8.0,89.0,1
0,0.0,13.0,14.0,8.2,47.0,0,8.0,88.0,1
0,0.011,4.0,4.0,8.3,21.0,0,8.0,89.0,1
0,0.0,4.0,3.0,8.9,36.0,0,7.0,95.0,1
