timestamp,image_folder_path,image,greenness degree,cleanliness degree,crowdedness degree,noisy degree,skin feeling degree,stress degree,personal aqi degree,safety degree,hum,tem,uv,part_of_day_Afternoon,part_of_day_Evening,part_of_day_Morning,Not rush hour,Rush hour,distance_to_airport,num_people,num_motorcycles,num_cars,rms_contrast,Temperature,Dew Point,Humidity,Wind Speed,Pressure
2020-02-28 07:53:00,..\..\Data\Data HCM\_MNR_SENSOR_DATA_\emotion_tags\image_tag,22646-44678-1582851237.jpg,3.0,3.0,4.0,3.0,2.0,3.0,3.0,3.0,82.0,28.0,0.0,0.0,0.0,1.0,0.0,1.0,2.6238310895191885,14,11,3,67.38964419050109,25.0,17.77777777777778,65,5,29.82
2020-02-28 07:58:00,..\..\Data\Data HCM\_MNR_SENSOR_DATA_\emotion_tags\image_tag,22646-44678-1582851567.jpg,5.0,4.0,3.0,3.0,2.0,3.0,4.0,4.0,79.0,27.0,0.0,0.0,0.0,1.0,0.0,1.0,2.3072409411780925,8,7,3,56.08192676536954,25.0,17.77777777777778,65,5,29.82
2020-02-28 08:02:00,..\..\Data\Data HCM\_MNR_SENSOR_DATA_\emotion_tags\image_tag,22646-44678-1582852124.jpg,2.0,4.0,3.0,3.0,4.0,3.0,3.0,3.0,81.0,27.0,0.0,0.0,0.0,1.0,0.0,1.0,2.3072409411780925,15,8,1,69.40389870301546,26.11111111111111,17.77777777777778,61,6,29.85
2020-02-28 08:13:00,..\..\Data\Data HCM\_MNR_SENSOR_DATA_\emotion_tags\image_tag,22646-44678-1582852513.jpg,2.0,3.0,4.0,3.0,3.0,3.0,3.0,2.0,82.0,27.0,0.0,0.0,0.0,1.0,0.0,1.0,4.198610290901764,8,5,0,82.51699037343678,26.11111111111111,17.77777777777778,61,6,29.85
2020-02-28 08:17:00,..\..\Data\Data HCM\_MNR_SENSOR_DATA_\emotion_tags\image_tag,22646-44678-1582852742.jpg,5.0,5.0,3.0,3.0,4.0,4.0,4.0,4.0,80.0,28.0,0.0,0.0,0.0,1.0,0.0,1.0,4.198610290901764,3,2,0,64.66839588089518,26.11111111111111,17.77777777777778,61,6,29.85
2020-02-28 08:23:00,..\..\Data\Data HCM\_MNR_SENSOR_DATA_\emotion_tags\image_tag,22646-44678-1582853035.jpg,4.0,4.0,3.0,2.0,4.0,4.0,4.0,4.0,80.0,29.0,0.0,0.0,0.0,1.0,0.0,1.0,4.198610290901764,3,1,0,51.14684279346238,26.11111111111111,17.77777777777778,61,6,29.85
2020-02-28 08:26:00,..\..\Data\Data HCM\_MNR_SENSOR_DATA_\emotion_tags\image_tag,22646-44678-1582853243.jpg,3.0,3.0,3.0,3.0,3.0,3.0,3.0,3.0,77.0,29.0,0.0,0.0,0.0,1.0,0.0,1.0,4.198610290901764,15,6,1,64.68450974294808,26.11111111111111,17.77777777777778,61,6,29.85
2020-02-28 08:32:00,..\..\Data\Data HCM\_MNR_SENSOR_DATA_\emotion_tags\image_tag,22646-44678-1582853636.jpg,3.0,4.0,2.0,2.0,4.0,4.0,4.0,4.0,77.0,30.0,0.0,0.0,0.0,1.0,0.0,1.0,5.147828680575263,2,2,0,63.34433615714945,27.22222222222222,17.77777777777778,58,3,29.85
2020-02-28 08:42:00,..\..\Data\Data HCM\_MNR_SENSOR_DATA_\emotion_tags\image_tag,22646-44678-1582854208.jpg,4.0,4.0,3.0,3.0,3.0,4.0,4.0,4.0,71.0,28.0,0.0,0.0,0.0,1.0,0.0,1.0,5.147828680575263,4,4,0,60.14066183347554,27.22222222222222,17.77777777777778,58,3,29.85
2020-02-28 08:50:00,..\..\Data\Data HCM\_MNR_SENSOR_DATA_\emotion_tags\image_tag,22646-44678-1582854750.jpg,2.0,3.0,4.0,4.0,3.0,2.0,2.0,1.0,70.0,29.0,0.0,0.0,0.0,1.0,0.0,1.0,2.964489408884908,3,2,3,46.39288780280632,27.22222222222222,17.77777777777778,58,3,29.85
2020-02-28 12:21:00,..\..\Data\Data HCM\_MNR_SENSOR_DATA_\emotion_tags\image_tag,22646-44678-1582867379.jpg,4.0,3.0,4.0,4.0,2.0,2.0,2.0,2.0,65.0,34.0,0.0,1.0,0.0,0.0,1.0,0.0,2.5927916196567757,6,8,2,62.962275255922776,32.22222222222222,17.22222222222222,40,3,29.82
2020-02-28 12:26:00,..\..\Data\Data HCM\_MNR_SENSOR_DATA_\emotion_tags\image_tag,22646-44678-1582867614.jpg,2.0,2.0,3.0,3.0,2.0,2.0,2.0,2.0,61.0,37.0,0.0,1.0,0.0,0.0,1.0,0.0,2.5927916196567757,5,6,1,53.52672889412543,32.22222222222222,17.22222222222222,40,3,29.82
2020-02-28 12:29:00,..\..\Data\Data HCM\_MNR_SENSOR_DATA_\emotion_tags\image_tag,22646-44678-1582867879.jpg,2.0,2.0,3.0,3.0,2.0,2.0,2.0,2.0,68.0,37.0,0.0,1.0,0.0,0.0,1.0,0.0,2.5927916196567757,1,0,2,54.93503105704612,32.22222222222222,17.22222222222222,40,3,29.82
2020-02-28 12:40:00,..\..\Data\Data HCM\_MNR_SENSOR_DATA_\emotion_tags\image_tag,22646-44678-1582868441.jpg,2.0,2.0,2.0,2.0,2.0,2.0,2.0,2.0,69.0,35.0,0.0,1.0,0.0,0.0,1.0,0.0,4.832087982081858,1,2,1,60.84256775113133,32.22222222222222,15.0,36,3,29.79
2020-02-28 12:42:00,..\..\Data\Data HCM\_MNR_SENSOR_DATA_\emotion_tags\image_tag,22646-44678-1582868630.jpg,2.0,2.0,2.0,3.0,2.0,2.0,2.0,2.0,66.0,36.0,0.0,1.0,0.0,0.0,1.0,0.0,4.832087982081858,2,4,1,66.77740713756745,32.22222222222222,15.0,36,3,29.79
2020-02-28 12:47:00,..\..\Data\Data HCM\_MNR_SENSOR_DATA_\emotion_tags\image_tag,22646-44678-1582868906.jpg,1.0,1.0,3.0,3.0,1.0,2.0,2.0,1.0,59.0,37.0,0.0,1.0,0.0,0.0,1.0,0.0,4.832087982081858,0,0,2,60.04731923290517,32.22222222222222,15.0,36,3,29.79
2020-02-28 12:52:00,..\..\Data\Data HCM\_MNR_SENSOR_DATA_\emotion_tags\image_tag,22646-44678-1582869209.jpg,1.0,1.0,4.0,4.0,1.0,1.0,1.0,1.0,57.0,40.0,0.0,1.0,0.0,0.0,1.0,0.0,4.832087982081858,9,9,0,62.14530162529239,32.22222222222222,15.0,36,3,29.79
2020-02-28 12:57:00,..\..\Data\Data HCM\_MNR_SENSOR_DATA_\emotion_tags\image_tag,22646-44678-1582869512.jpg,2.0,2.0,3.0,3.0,1.0,1.0,1.0,1.0,67.0,42.0,0.0,1.0,0.0,0.0,1.0,0.0,4.715755772923994,6,12,0,61.05697550941868,32.22222222222222,15.0,36,3,29.79
2020-02-28 13:02:00,..\..\Data\Data HCM\_MNR_SENSOR_DATA_\emotion_tags\image_tag,22646-44678-1582869765.jpg,1.0,1.0,3.0,3.0,1.0,1.0,1.0,1.0,62.0,41.0,0.0,1.0,0.0,0.0,1.0,0.0,4.715755772923994,3,3,4,62.5250325556691,35.0,16.11111111111111,32,3,29.76
2020-02-28 13:05:00,..\..\Data\Data HCM\_MNR_SENSOR_DATA_\emotion_tags\image_tag,22646-44678-1582869983.jpg,2.0,2.0,4.0,4.0,1.0,1.0,1.0,1.0,63.0,40.0,0.0,1.0,0.0,0.0,1.0,0.0,4.715755772923994,5,4,2,66.64972275197903,35.0,16.11111111111111,32,3,29.76
2020-02-28 13:09:00,..\..\Data\Data HCM\_MNR_SENSOR_DATA_\emotion_tags\image_tag,22646-44678-1582870193.jpg,2.0,2.0,4.0,3.0,2.0,2.0,2.0,1.0,59.0,41.0,0.0,1.0,0.0,0.0,1.0,0.0,2.8359250839108663,5,4,3,63.80364183440649,35.0,16.11111111111111,32,3,29.76
2020-02-28 13:11:00,..\..\Data\Data HCM\_MNR_SENSOR_DATA_\emotion_tags\image_tag,22646-44678-1582870322.jpg,2.0,2.0,3.0,3.0,2.0,2.0,2.0,3.0,63.0,40.0,0.0,1.0,0.0,0.0,1.0,0.0,2.8359250839108663,4,4,3,56.98943764231923,35.0,16.11111111111111,32,3,29.76
2020-02-28 13:14:00,..\..\Data\Data HCM\_MNR_SENSOR_DATA_\emotion_tags\image_tag,22646-44678-1582870522.jpg,2.0,2.0,4.0,4.0,2.0,2.0,2.0,2.0,60.0,43.0,0.0,1.0,0.0,0.0,1.0,0.0,2.8359250839108663,12,9,2,66.26134486371285,35.0,16.11111111111111,32,3,29.76
2020-02-28 13:17:00,..\..\Data\Data HCM\_MNR_SENSOR_DATA_\emotion_tags\image_tag,22646-44678-1582870693.jpg,2.0,2.0,4.0,4.0,3.0,2.0,2.0,2.0,53.0,41.0,0.0,1.0,0.0,0.0,1.0,0.0,2.8359250839108663,5,6,2,48.73965900827545,35.0,16.11111111111111,32,3,29.76
2020-02-28 13:19:00,..\..\Data\Data HCM\_MNR_SENSOR_DATA_\emotion_tags\image_tag,22646-44678-1582870770.jpg,2.0,2.0,4.0,3.0,2.0,2.0,2.0,2.0,53.0,44.0,0.0,1.0,0.0,0.0,1.0,0.0,2.8359250839108663,7,2,1,63.36148389629627,35.0,16.11111111111111,32,3,29.76
2020-02-28 13:20:00,..\..\Data\Data HCM\_MNR_SENSOR_DATA_\emotion_tags\image_tag,22646-44678-1582870864.jpg,2.0,2.0,3.0,3.0,2.0,2.0,2.0,2.0,53.0,44.0,0.0,1.0,0.0,0.0,1.0,0.0,2.8359250839108663,2,2,2,52.22160914611347,35.0,16.11111111111111,32,3,29.76
2020-02-28 16:49:00,..\..\Data\Data HCM\_MNR_SENSOR_DATA_\emotion_tags\image_tag,22646-44678-1582883410.jpg,2.0,2.0,4.0,4.0,4.0,3.0,3.0,3.0,64.0,32.0,0.0,0.0,1.0,0.0,0.0,1.0,2.3967494788418207,9,6,0,68.45822336781995,31.11111111111111,17.77777777777778,46,15,29.73
2020-02-28 16:53:00,..\..\Data\Data HCM\_MNR_SENSOR_DATA_\emotion_tags\image_tag,22646-44678-1582884005.jpg,4.0,3.0,4.0,4.0,4.0,4.0,3.0,3.0,61.0,32.0,0.0,0.0,1.0,0.0,0.0,1.0,2.3967494788418207,7,6,1,61.929697592754835,31.11111111111111,17.77777777777778,46,15,29.73
2020-02-28 17:04:00,..\..\Data\Data HCM\_MNR_SENSOR_DATA_\emotion_tags\image_tag,22646-44678-1582884324.jpg,3.0,3.0,4.0,4.0,4.0,4.0,4.0,4.0,43.0,32.0,0.0,0.0,1.0,0.0,0.0,1.0,2.8237396544475883,5,2,5,63.442533848332026,31.11111111111111,17.22222222222222,43,13,29.73
2020-02-28 17:07:00,..\..\Data\Data HCM\_MNR_SENSOR_DATA_\emotion_tags\image_tag,22646-44678-1582884453.jpg,3.0,3.0,4.0,4.0,4.0,3.0,3.0,3.0,42.0,32.0,0.0,0.0,1.0,0.0,0.0,1.0,2.8237396544475883,8,6,2,69.64252293913694,31.11111111111111,17.22222222222222,43,13,29.73
2020-02-28 17:09:00,..\..\Data\Data HCM\_MNR_SENSOR_DATA_\emotion_tags\image_tag,22646-44678-1582884593.jpg,3.0,2.0,4.0,4.0,4.0,3.0,3.0,3.0,42.0,32.0,0.0,0.0,1.0,0.0,0.0,1.0,2.8237396544475883,5,4,2,65.17787263054497,31.11111111111111,17.22222222222222,43,13,29.73
2020-02-28 17:14:00,..\..\Data\Data HCM\_MNR_SENSOR_DATA_\emotion_tags\image_tag,22646-44678-1582884894.jpg,3.0,3.0,4.0,4.0,4.0,3.0,3.0,3.0,46.0,32.0,0.0,0.0,1.0,0.0,0.0,1.0,2.8237396544475883,11,6,0,80.6554942230308,31.11111111111111,17.22222222222222,43,13,29.73
2020-02-28 17:15:00,..\..\Data\Data HCM\_MNR_SENSOR_DATA_\emotion_tags\image_tag,22646-44678-1582884978.jpg,2.0,2.0,5.0,4.0,4.0,3.0,3.0,3.0,46.0,31.0,0.0,0.0,1.0,0.0,0.0,1.0,2.8237396544475883,6,5,5,66.85865005725337,31.11111111111111,17.22222222222222,43,13,29.73
2020-02-28 17:16:00,..\..\Data\Data HCM\_MNR_SENSOR_DATA_\emotion_tags\image_tag,22646-44678-1582885075.jpg,2.0,2.0,4.0,4.0,4.0,3.0,3.0,3.0,47.0,31.0,0.0,0.0,1.0,0.0,0.0,1.0,2.8237396544475883,8,6,0,86.41652488575836,31.11111111111111,17.22222222222222,43,13,29.73
2020-02-28 17:23:00,..\..\Data\Data HCM\_MNR_SENSOR_DATA_\emotion_tags\image_tag,22646-44678-1582885456.jpg,2.0,3.0,4.0,4.0,4.0,3.0,3.0,3.0,49.0,32.0,0.0,0.0,1.0,0.0,0.0,1.0,4.811684359158321,9,6,0,67.45777736197373,31.11111111111111,17.22222222222222,43,13,29.73
2020-02-28 17:35:00,..\..\Data\Data HCM\_MNR_SENSOR_DATA_\emotion_tags\image_tag,22646-44678-1582886144.jpg,1.0,2.0,4.0,4.0,3.0,2.0,2.0,2.0,48.0,31.0,0.0,0.0,1.0,0.0,0.0,1.0,4.811684359158321,11,10,1,77.42065143946479,30.0,17.22222222222222,45,10,29.73
2020-02-28 17:40:00,..\..\Data\Data HCM\_MNR_SENSOR_DATA_\emotion_tags\image_tag,22646-44678-1582886448.jpg,1.0,2.0,4.0,4.0,4.0,3.0,3.0,3.0,48.0,31.0,0.0,0.0,1.0,0.0,0.0,1.0,3.973020338055584,8,6,0,76.63056680780778,30.0,17.22222222222222,45,10,29.73
2020-02-28 17:43:00,..\..\Data\Data HCM\_MNR_SENSOR_DATA_\emotion_tags\image_tag,22646-44678-1582886641.jpg,2.0,2.0,4.0,4.0,4.0,3.0,3.0,3.0,50.0,31.0,0.0,0.0,1.0,0.0,0.0,1.0,3.973020338055584,12,9,0,86.80862764903436,30.0,17.22222222222222,45,10,29.73
2020-02-28 17:46:00,..\..\Data\Data HCM\_MNR_SENSOR_DATA_\emotion_tags\image_tag,22646-44678-1582886834.jpg,1.0,2.0,4.0,4.0,4.0,3.0,3.0,3.0,50.0,31.0,0.0,0.0,1.0,0.0,0.0,1.0,3.973020338055584,9,1,0,67.69604533540323,30.0,17.22222222222222,45,10,29.73
2020-02-28 17:52:00,..\..\Data\Data HCM\_MNR_SENSOR_DATA_\emotion_tags\image_tag,22646-44678-1582887201.jpg,1.0,2.0,3.0,3.0,4.0,3.0,3.0,3.0,52.0,31.0,0.0,0.0,1.0,0.0,0.0,1.0,3.973020338055584,7,7,4,82.54024731740924,30.0,17.22222222222222,45,10,29.73
2020-02-28 17:59:00,..\..\Data\Data HCM\_MNR_SENSOR_DATA_\emotion_tags\image_tag,22646-44678-1582887563.jpg,2.0,2.0,5.0,5.0,4.0,3.0,3.0,3.0,54.0,31.0,0.0,0.0,1.0,0.0,0.0,1.0,2.240871711588565,10,7,3,77.23243727208607,30.0,17.22222222222222,45,10,29.73
2020-02-29 09:06:00,..\..\Data\Data HCM\_MNR_SENSOR_DATA_\emotion_tags\image_tag,22646-44678-1582942069.jpg,2.0,3.0,3.0,3.0,4.0,3.0,3.0,3.0,67.0,32.0,0.0,0.0,0.0,1.0,0.0,1.0,3.3680460040654734,6,4,2,75.42572667095128,28.88888888888889,18.88888888888889,55,6,29.85
2020-02-29 09:11:00,..\..\Data\Data HCM\_MNR_SENSOR_DATA_\emotion_tags\image_tag,22646-44678-1582942310.jpg,2.0,3.0,3.0,3.0,4.0,3.0,3.0,3.0,67.0,32.0,0.0,0.0,0.0,1.0,0.0,1.0,3.3680460040654734,5,2,2,56.65561504881603,28.88888888888889,18.88888888888889,55,6,29.85
2020-02-29 09:15:00,..\..\Data\Data HCM\_MNR_SENSOR_DATA_\emotion_tags\image_tag,22646-44678-1582942547.jpg,1.0,2.0,3.0,4.0,4.0,4.0,4.0,3.0,67.0,32.0,0.0,0.0,0.0,1.0,0.0,1.0,3.3680460040654734,7,4,0,63.74586079886043,28.88888888888889,18.88888888888889,55,6,29.85
2020-02-29 09:20:00,..\..\Data\Data HCM\_MNR_SENSOR_DATA_\emotion_tags\image_tag,22646-44678-1582942848.jpg,2.0,3.0,3.0,3.0,4.0,3.0,3.0,3.0,67.0,32.0,0.0,0.0,0.0,1.0,0.0,1.0,3.3680460040654734,9,5,2,75.76807563212719,28.88888888888889,18.88888888888889,55,6,29.85
2020-02-29 09:23:00,..\..\Data\Data HCM\_MNR_SENSOR_DATA_\emotion_tags\image_tag,22646-44678-1582943064.jpg,1.0,2.0,3.0,3.0,3.0,3.0,3.0,3.0,67.0,32.0,0.0,0.0,0.0,1.0,0.0,1.0,5.225498068981291,14,13,1,49.294784965124514,28.88888888888889,18.88888888888889,55,6,29.85
2020-02-29 09:25:00,..\..\Data\Data HCM\_MNR_SENSOR_DATA_\emotion_tags\image_tag,22646-44678-1582943159.jpg,1.0,2.0,3.0,3.0,4.0,4.0,3.0,3.0,67.0,32.0,0.0,0.0,0.0,1.0,0.0,1.0,5.225498068981291,9,4,0,71.72446287325661,28.88888888888889,18.88888888888889,55,6,29.85
2020-02-29 09:28:00,..\..\Data\Data HCM\_MNR_SENSOR_DATA_\emotion_tags\image_tag,22646-44678-1582943347.jpg,3.0,4.0,3.0,3.0,4.0,4.0,4.0,4.0,67.0,32.0,0.0,0.0,0.0,1.0,0.0,1.0,5.225498068981291,3,4,3,64.2040242712852,28.88888888888889,18.88888888888889,55,6,29.85
2020-02-29 09:30:00,..\..\Data\Data HCM\_MNR_SENSOR_DATA_\emotion_tags\image_tag,22646-44678-1582943483.jpg,4.0,4.0,3.0,3.0,5.0,4.0,4.0,4.0,67.0,32.0,0.0,0.0,0.0,1.0,0.0,1.0,5.225498068981291,13,9,0,74.72601087141372,30.0,17.77777777777778,48,6,29.85
2020-02-29 09:33:00,..\..\Data\Data HCM\_MNR_SENSOR_DATA_\emotion_tags\image_tag,22646-44678-1582943661.jpg,4.0,4.0,3.0,2.0,5.0,4.0,4.0,4.0,67.0,32.0,0.0,0.0,0.0,1.0,0.0,1.0,5.225498068981291,2,2,0,72.29090626056635,30.0,17.77777777777778,48,6,29.85
2020-02-29 09:37:00,..\..\Data\Data HCM\_MNR_SENSOR_DATA_\emotion_tags\image_tag,22646-44678-1582943904.jpg,5.0,5.0,2.0,2.0,5.0,4.0,4.0,4.0,67.0,32.0,0.0,0.0,0.0,1.0,0.0,1.0,5.225498068981291,1,2,1,67.21818102902023,30.0,17.77777777777778,48,6,29.85
2020-02-29 09:41:00,..\..\Data\Data HCM\_MNR_SENSOR_DATA_\emotion_tags\image_tag,22646-44678-1582944101.jpg,3.0,3.0,4.0,4.0,3.0,3.0,3.0,3.0,67.0,32.0,0.0,0.0,0.0,1.0,0.0,1.0,4.311316225966489,8,5,2,59.79709179102049,30.0,17.77777777777778,48,6,29.85
2020-02-29 09:42:00,..\..\Data\Data HCM\_MNR_SENSOR_DATA_\emotion_tags\image_tag,22646-44678-1582944174.jpg,3.0,3.0,4.0,4.0,3.0,3.0,3.0,3.0,67.0,32.0,0.0,0.0,0.0,1.0,0.0,1.0,4.311316225966489,7,6,1,54.26541252195509,30.0,17.77777777777778,48,6,29.85
2020-02-29 09:44:00,..\..\Data\Data HCM\_MNR_SENSOR_DATA_\emotion_tags\image_tag,22646-44678-1582944290.jpg,3.0,3.0,4.0,4.0,3.0,3.0,3.0,3.0,67.0,32.0,0.0,0.0,0.0,1.0,0.0,1.0,4.311316225966489,8,4,4,62.16920764438701,30.0,17.77777777777778,48,6,29.85
2020-02-29 09:48:00,..\..\Data\Data HCM\_MNR_SENSOR_DATA_\emotion_tags\image_tag,22646-44678-1582944548.jpg,3.0,3.0,4.0,4.0,3.0,3.0,3.0,3.0,67.0,32.0,0.0,0.0,0.0,1.0,0.0,1.0,4.311316225966489,9,5,2,59.75790399824571,30.0,17.77777777777778,48,6,29.85
2020-02-29 09:52:00,..\..\Data\Data HCM\_MNR_SENSOR_DATA_\emotion_tags\image_tag,22646-44678-1582944781.jpg,2.0,3.0,4.0,4.0,3.0,3.0,3.0,3.0,67.0,32.0,0.0,0.0,0.0,1.0,0.0,1.0,4.311316225966489,3,3,5,50.26571260748679,30.0,17.77777777777778,48,6,29.85
2020-02-29 09:54:00,..\..\Data\Data HCM\_MNR_SENSOR_DATA_\emotion_tags\image_tag,22646-44678-1582944934.jpg,5.0,4.0,3.0,3.0,4.0,4.0,4.0,4.0,67.0,32.0,0.0,0.0,0.0,1.0,0.0,1.0,4.311316225966489,3,4,2,53.469142206673574,30.0,17.77777777777778,48,6,29.85
2020-02-29 09:59:00,..\..\Data\Data HCM\_MNR_SENSOR_DATA_\emotion_tags\image_tag,22646-44678-1582945174.jpg,3.0,3.0,4.0,4.0,3.0,3.0,3.0,3.0,67.0,32.0,0.0,0.0,0.0,1.0,0.0,1.0,2.2424088599732794,11,5,4,55.73364061590108,30.0,17.77777777777778,48,6,29.85
2020-02-29 10:10:00,..\..\Data\Data HCM\_MNR_SENSOR_DATA_\emotion_tags\image_tag,22646-44678-1582945856.jpg,2.0,3.0,4.0,4.0,3.0,3.0,3.0,3.0,67.0,32.0,0.0,0.0,0.0,1.0,1.0,0.0,2.2424088599732794,6,10,1,66.03429134971834,31.11111111111111,17.77777777777778,46,7,29.85
2020-02-29 10:14:00,..\..\Data\Data HCM\_MNR_SENSOR_DATA_\emotion_tags\image_tag,22646-44678-1582946109.jpg,2.0,3.0,4.0,4.0,3.0,3.0,3.0,3.0,67.0,32.0,0.0,0.0,0.0,1.0,1.0,0.0,2.4014782464947237,10,6,0,69.6147126354348,31.11111111111111,17.77777777777778,46,7,29.85
2020-02-29 10:19:00,..\..\Data\Data HCM\_MNR_SENSOR_DATA_\emotion_tags\image_tag,22646-44678-1582946373.jpg,5.0,4.0,4.0,4.0,3.0,3.0,3.0,4.0,67.0,32.0,0.0,0.0,0.0,1.0,1.0,0.0,2.4014782464947237,11,10,0,70.8655431587612,31.11111111111111,17.77777777777778,46,7,29.85
2020-02-29 11:58:00,..\..\Data\Data HCM\_MNR_SENSOR_DATA_\emotion_tags\image_tag,22646-44678-1582952394.jpg,2.0,3.0,4.0,4.0,2.0,2.0,2.0,2.0,61.0,39.0,1.0,0.0,0.0,1.0,1.0,0.0,2.3965662184675907,12,8,0,64.92684360356219,32.77777777777778,17.22222222222222,38,7,29.79
2020-02-29 12:03:00,..\..\Data\Data HCM\_MNR_SENSOR_DATA_\emotion_tags\image_tag,22646-44678-1582952644.jpg,4.0,3.0,4.0,4.0,2.0,3.0,3.0,3.0,54.0,42.0,1.0,1.0,0.0,0.0,1.0,0.0,2.3965662184675907,8,9,3,62.57808661852263,32.77777777777778,17.22222222222222,38,6,29.79
2020-02-29 12:07:00,..\..\Data\Data HCM\_MNR_SENSOR_DATA_\emotion_tags\image_tag,22646-44678-1582952894.jpg,2.0,2.0,4.0,4.0,2.0,2.0,2.0,2.0,52.0,38.0,0.0,1.0,0.0,0.0,1.0,0.0,2.3965662184675907,5,3,1,53.181001470073525,32.77777777777778,17.22222222222222,38,6,29.79
2020-02-29 12:14:00,..\..\Data\Data HCM\_MNR_SENSOR_DATA_\emotion_tags\image_tag,22646-44678-1582953284.jpg,3.0,3.0,3.0,3.0,3.0,3.0,3.0,3.0,51.0,42.0,0.0,1.0,0.0,0.0,1.0,0.0,4.4542912010336035,1,1,0,54.737427361913284,32.77777777777778,17.22222222222222,38,6,29.79
2020-02-29 12:17:00,..\..\Data\Data HCM\_MNR_SENSOR_DATA_\emotion_tags\image_tag,22646-44678-1582953500.jpg,3.0,3.0,4.0,4.0,2.0,3.0,2.0,2.0,58.0,39.0,0.0,1.0,0.0,0.0,1.0,0.0,4.4542912010336035,5,0,3,73.16220839299872,32.77777777777778,17.22222222222222,38,6,29.79
2020-02-29 12:21:00,..\..\Data\Data HCM\_MNR_SENSOR_DATA_\emotion_tags\image_tag,22646-44678-1582953687.jpg,3.0,2.0,3.0,3.0,2.0,2.0,3.0,3.0,47.0,41.0,1.0,1.0,0.0,0.0,1.0,0.0,4.4542912010336035,9,9,2,71.81900861383431,32.77777777777778,17.22222222222222,38,6,29.79
2020-02-29 12:29:00,..\..\Data\Data HCM\_MNR_SENSOR_DATA_\emotion_tags\image_tag,22646-44678-1582954218.jpg,2.0,2.0,4.0,4.0,2.0,2.0,2.0,2.0,57.0,40.0,1.0,1.0,0.0,0.0,1.0,0.0,3.960083573718105,9,3,0,76.13914090758301,32.77777777777778,17.22222222222222,38,6,29.79
2020-02-29 12:41:00,..\..\Data\Data HCM\_MNR_SENSOR_DATA_\emotion_tags\image_tag,22646-44678-1582954884.jpg,2.0,2.0,4.0,4.0,2.0,2.0,2.0,2.0,57.0,43.0,1.0,1.0,0.0,0.0,1.0,0.0,3.960083573718105,10,7,2,74.28494205050472,32.77777777777778,17.77777777777778,41,5,29.76
2020-02-29 12:44:00,..\..\Data\Data HCM\_MNR_SENSOR_DATA_\emotion_tags\image_tag,22646-44678-1582955090.jpg,2.0,2.0,4.0,4.0,2.0,2.0,2.0,2.0,61.0,40.0,0.0,1.0,0.0,0.0,1.0,0.0,3.960083573718105,2,3,6,68.49639061074085,32.77777777777778,17.77777777777778,41,5,29.76
2020-02-29 16:43:00,..\..\Data\Data HCM\_MNR_SENSOR_DATA_\emotion_tags\image_tag,22646-44678-1582969430.jpg,2.0,3.0,4.0,4.0,3.0,3.0,3.0,3.0,63.0,40.0,1.0,0.0,1.0,0.0,0.0,1.0,2.7791099888271966,8,6,0,68.2672244358694,32.22222222222222,20.0,49,12,29.7
2020-02-29 16:48:00,..\..\Data\Data HCM\_MNR_SENSOR_DATA_\emotion_tags\image_tag,22646-44678-1582969765.jpg,1.0,3.0,3.0,3.0,3.0,3.0,3.0,3.0,75.0,32.0,0.0,0.0,1.0,0.0,0.0,1.0,2.7791099888271966,3,5,0,61.937362139840424,32.22222222222222,20.0,49,12,29.7
2020-02-29 16:55:00,..\..\Data\Data HCM\_MNR_SENSOR_DATA_\emotion_tags\image_tag,22646-44678-1582970150.jpg,1.0,3.0,4.0,4.0,4.0,4.0,4.0,4.0,73.0,32.0,0.0,0.0,1.0,0.0,0.0,1.0,2.7791099888271966,8,7,2,68.20640437100347,32.22222222222222,20.0,49,12,29.7
2020-02-29 17:02:00,..\..\Data\Data HCM\_MNR_SENSOR_DATA_\emotion_tags\image_tag,22646-44678-1582970563.jpg,1.0,2.0,4.0,4.0,4.0,3.0,3.0,3.0,71.0,32.0,0.0,0.0,1.0,0.0,0.0,1.0,5.223817080153297,4,2,5,63.73091819999086,31.11111111111111,20.0,52,12,29.73
2020-02-29 17:10:00,..\..\Data\Data HCM\_MNR_SENSOR_DATA_\emotion_tags\image_tag,22646-44678-1582971092.jpg,3.0,4.0,3.0,3.0,4.0,4.0,4.0,4.0,72.0,31.0,0.0,0.0,1.0,0.0,0.0,1.0,5.223817080153297,5,1,3,68.42601167828371,31.11111111111111,20.0,52,12,29.73
2020-02-29 17:14:00,..\..\Data\Data HCM\_MNR_SENSOR_DATA_\emotion_tags\image_tag,22646-44678-1582971430.jpg,2.0,3.0,5.0,5.0,4.0,3.0,3.0,3.0,71.0,31.0,0.0,0.0,1.0,0.0,0.0,1.0,5.223817080153297,2,2,5,63.443711297076035,31.11111111111111,20.0,52,12,29.73
2020-02-29 17:23:00,..\..\Data\Data HCM\_MNR_SENSOR_DATA_\emotion_tags\image_tag,22646-44678-1582971903.jpg,3.0,4.0,5.0,5.0,5.0,4.0,4.0,4.0,74.0,31.0,0.0,0.0,1.0,0.0,0.0,1.0,2.7812551314265765,2,1,8,74.79521402048233,31.11111111111111,20.0,52,12,29.73
2020-02-29 17:29:00,..\..\Data\Data HCM\_MNR_SENSOR_DATA_\emotion_tags\image_tag,22646-44678-1582972209.jpg,2.0,3.0,5.0,5.0,4.0,3.0,3.0,3.0,76.0,31.0,0.0,0.0,1.0,0.0,0.0,1.0,2.7812551314265765,6,6,3,84.55436946391382,31.11111111111111,20.0,52,12,29.73
2020-02-29 17:46:00,..\..\Data\Data HCM\_MNR_SENSOR_DATA_\emotion_tags\image_tag,22646-44678-1582973264.jpg,2.0,3.0,5.0,5.0,4.0,4.0,4.0,4.0,91.0,32.0,0.0,0.0,1.0,0.0,0.0,1.0,1.8260832463959416,10,11,1,79.73409448378331,30.0,20.0,55,9,29.73
2020-02-29 18:01:00,..\..\Data\Data HCM\_MNR_SENSOR_DATA_\emotion_tags\image_tag,22646-44678-1582974128.jpg,3.0,4.0,2.0,2.0,4.0,4.0,4.0,4.0,91.0,32.0,0.0,0.0,1.0,0.0,0.0,1.0,1.8260832463959416,4,7,2,76.39945404025349,28.88888888888889,20.0,58,10,29.73
2020-03-01 07:51:00,..\..\Data\Data HCM\_MNR_SENSOR_DATA_\emotion_tags\image_tag,22646-44678-1583024044.jpg,2.0,3.0,4.0,4.0,4.0,4.0,4.0,4.0,91.0,32.0,0.0,0.0,0.0,1.0,0.0,1.0,1.7942608634518116,6,2,2,72.16431878772698,27.22222222222222,22.22222222222222,74,2,29.85
2020-03-01 07:59:00,..\..\Data\Data HCM\_MNR_SENSOR_DATA_\emotion_tags\image_tag,22646-44678-1583024419.jpg,4.0,4.0,3.0,3.0,4.0,4.0,4.0,4.0,86.0,30.0,0.0,0.0,0.0,1.0,0.0,1.0,1.7942608634518116,12,7,0,73.34285535502191,27.22222222222222,22.22222222222222,74,2,29.85
2020-03-01 08:04:00,..\..\Data\Data HCM\_MNR_SENSOR_DATA_\emotion_tags\image_tag,22646-44678-1583024716.jpg,2.0,3.0,3.0,3.0,4.0,4.0,4.0,4.0,85.0,29.0,0.0,0.0,0.0,1.0,0.0,1.0,1.7942608634518116,12,10,1,76.28338413471313,27.77777777777778,21.11111111111111,66,2,29.85
2020-03-01 08:10:00,..\..\Data\Data HCM\_MNR_SENSOR_DATA_\emotion_tags\image_tag,22646-44678-1583025022.jpg,2.0,3.0,3.0,3.0,4.0,4.0,4.0,4.0,85.0,30.0,0.0,0.0,0.0,1.0,0.0,1.0,4.190769802088732,1,2,2,79.60091981464646,27.77777777777778,21.11111111111111,66,2,29.85
2020-03-01 08:15:00,..\..\Data\Data HCM\_MNR_SENSOR_DATA_\emotion_tags\image_tag,22646-44678-1583025380.jpg,4.0,4.0,2.0,2.0,4.0,4.0,4.0,4.0,86.0,29.0,0.0,0.0,0.0,1.0,0.0,1.0,4.190769802088732,10,2,1,67.79883840237767,27.77777777777778,21.11111111111111,66,2,29.85
2020-03-01 08:21:00,..\..\Data\Data HCM\_MNR_SENSOR_DATA_\emotion_tags\image_tag,22646-44678-1583025698.jpg,1.0,3.0,2.0,2.0,4.0,4.0,4.0,4.0,88.0,29.0,0.0,0.0,0.0,1.0,0.0,1.0,4.190769802088732,7,2,1,67.20437216161693,27.77777777777778,21.11111111111111,66,2,29.85
2020-03-01 08:31:00,..\..\Data\Data HCM\_MNR_SENSOR_DATA_\emotion_tags\image_tag,22646-44678-1583026326.jpg,2.0,3.0,2.0,2.0,4.0,4.0,4.0,4.0,85.0,30.0,0.0,0.0,0.0,1.0,0.0,1.0,3.400195833711558,7,3,0,66.49188021952703,27.77777777777778,21.11111111111111,66,2,29.85
2020-03-01 08:35:00,..\..\Data\Data HCM\_MNR_SENSOR_DATA_\emotion_tags\image_tag,22646-44678-1583026568.jpg,2.0,4.0,2.0,2.0,4.0,4.0,4.0,4.0,85.0,31.0,0.0,0.0,0.0,1.0,0.0,1.0,3.400195833711558,3,3,2,51.5418886919466,27.77777777777778,21.11111111111111,66,2,29.85
2020-03-01 08:40:00,..\..\Data\Data HCM\_MNR_SENSOR_DATA_\emotion_tags\image_tag,22646-44678-1583026874.jpg,3.0,3.0,2.0,2.0,4.0,4.0,3.0,3.0,82.0,31.0,0.0,0.0,0.0,1.0,0.0,1.0,3.400195833711558,4,5,3,63.393064196148615,27.77777777777778,21.11111111111111,66,2,29.85
2020-03-01 08:42:00,..\..\Data\Data HCM\_MNR_SENSOR_DATA_\emotion_tags\image_tag,22646-44678-1583027018.jpg,3.0,3.0,3.0,3.0,3.0,3.0,3.0,3.0,79.0,33.0,0.0,0.0,0.0,1.0,0.0,1.0,3.400195833711558,7,6,3,53.65910801105821,27.77777777777778,21.11111111111111,66,2,29.85
2020-03-01 08:47:00,..\..\Data\Data HCM\_MNR_SENSOR_DATA_\emotion_tags\image_tag,22646-44678-1583027284.jpg,2.0,3.0,3.0,3.0,3.0,3.0,3.0,3.0,79.0,33.0,0.0,0.0,0.0,1.0,0.0,1.0,1.8283233477342271,12,7,0,53.91450330911295,27.77777777777778,21.11111111111111,66,2,29.85
2020-03-01 08:51:00,..\..\Data\Data HCM\_MNR_SENSOR_DATA_\emotion_tags\image_tag,22646-44678-1583027499.jpg,2.0,2.0,3.0,3.0,3.0,3.0,3.0,3.0,79.0,33.0,0.0,0.0,0.0,1.0,0.0,1.0,1.8283233477342271,7,10,1,50.858326824428865,27.77777777777778,21.11111111111111,66,2,29.85
2020-03-01 08:53:00,..\..\Data\Data HCM\_MNR_SENSOR_DATA_\emotion_tags\image_tag,22646-44678-1583027643.jpg,2.0,3.0,3.0,2.0,3.0,3.0,3.0,3.0,79.0,33.0,0.0,0.0,0.0,1.0,0.0,1.0,1.8283233477342271,4,2,0,51.53811084277892,27.77777777777778,21.11111111111111,66,2,29.85
2020-03-01 08:56:00,..\..\Data\Data HCM\_MNR_SENSOR_DATA_\emotion_tags\image_tag,22646-44678-1583027812.jpg,3.0,3.0,2.0,2.0,3.0,3.0,3.0,3.0,79.0,33.0,0.0,0.0,0.0,1.0,0.0,1.0,1.8283233477342271,3,2,1,51.614639196284905,27.77777777777778,21.11111111111111,66,2,29.85
2020-03-01 08:58:00,..\..\Data\Data HCM\_MNR_SENSOR_DATA_\emotion_tags\image_tag,22646-44678-1583027956.jpg,2.0,2.0,2.0,2.0,3.0,3.0,3.0,3.0,79.0,33.0,0.0,0.0,0.0,1.0,0.0,1.0,1.8283233477342271,6,7,1,58.07084895010454,27.77777777777778,21.11111111111111,66,2,29.85
2020-03-01 09:01:00,..\..\Data\Data HCM\_MNR_SENSOR_DATA_\emotion_tags\image_tag,22646-44678-1583028136.jpg,2.0,2.0,3.0,3.0,3.0,3.0,3.0,4.0,79.0,33.0,0.0,0.0,0.0,1.0,0.0,1.0,1.8283233477342271,13,8,0,64.75418058694189,30.0,20.0,55,6,29.85
2020-03-01 09:55:00,..\..\Data\Data HCM\_MNR_SENSOR_DATA_\emotion_tags\image_tag,22646-44678-1583031355.jpg,5.0,5.0,5.0,5.0,5.0,5.0,5.0,5.0,79.0,33.0,0.0,0.0,0.0,1.0,0.0,1.0,1.6115426957382748,0,0,0,89.07363373673144,31.11111111111111,20.0,52,7,29.88
2020-03-01 12:10:00,..\..\Data\Data HCM\_MNR_SENSOR_DATA_\emotion_tags\image_tag,22895-44678-1583039519.jpg,3.0,3.0,4.0,4.0,2.0,2.0,3.0,3.0,79.0,33.0,0.0,1.0,0.0,0.0,1.0,0.0,2.1319780909505783,9,9,0,62.513572243342274,33.888888888888886,18.88888888888889,41,6,29.79
2020-03-01 12:13:00,..\..\Data\Data HCM\_MNR_SENSOR_DATA_\emotion_tags\image_tag,22895-44678-1583039664.jpg,2.0,3.0,3.0,3.0,3.0,3.0,3.0,3.0,79.0,33.0,0.0,1.0,0.0,0.0,1.0,0.0,2.1319780909505783,10,7,1,67.60419737809328,33.888888888888886,18.88888888888889,41,6,29.79
2020-03-01 12:21:00,..\..\Data\Data HCM\_MNR_SENSOR_DATA_\emotion_tags\image_tag,22895-44678-1583040123.jpg,3.0,3.0,4.0,4.0,2.0,3.0,3.0,3.0,79.0,33.0,0.0,1.0,0.0,0.0,1.0,0.0,2.1319780909505783,13,6,0,77.22346061952733,33.888888888888886,18.88888888888889,41,6,29.79
2020-03-01 12:23:00,..\..\Data\Data HCM\_MNR_SENSOR_DATA_\emotion_tags\image_tag,22895-44678-1583040280.jpg,4.0,4.0,3.0,3.0,3.0,3.0,3.0,3.0,76.0,39.0,0.0,1.0,0.0,0.0,1.0,0.0,2.1319780909505783,9,6,3,65.60700324995217,33.888888888888886,18.88888888888889,41,6,29.79
2020-03-01 12:26:00,..\..\Data\Data HCM\_MNR_SENSOR_DATA_\emotion_tags\image_tag,22895-44678-1583040452.jpg,3.0,3.0,3.0,3.0,3.0,3.0,3.0,3.0,76.0,39.0,0.0,1.0,0.0,0.0,1.0,0.0,2.614029457958729,4,0,7,67.1611400838213,33.888888888888886,18.88888888888889,41,6,29.79
2020-03-01 12:30:00,..\..\Data\Data HCM\_MNR_SENSOR_DATA_\emotion_tags\image_tag,22895-44678-1583040727.jpg,2.0,2.0,2.0,3.0,2.0,2.0,2.0,2.0,77.0,39.0,0.0,1.0,0.0,0.0,1.0,0.0,2.614029457958729,1,0,1,55.37323985467805,33.888888888888886,17.77777777777778,38,3,29.79
2020-03-01 12:45:00,..\..\Data\Data HCM\_MNR_SENSOR_DATA_\emotion_tags\image_tag,22895-44678-1583041534.jpg,2.0,2.0,3.0,3.0,2.0,2.0,2.0,2.0,77.0,39.0,0.0,1.0,0.0,0.0,1.0,0.0,4.152886072072368,6,7,2,58.09191121770094,33.888888888888886,17.77777777777778,38,3,29.79
2020-03-01 12:51:00,..\..\Data\Data HCM\_MNR_SENSOR_DATA_\emotion_tags\image_tag,22895-44678-1583041931.jpg,3.0,2.0,2.0,2.0,2.0,2.0,2.0,2.0,77.0,39.0,0.0,1.0,0.0,0.0,1.0,0.0,4.152886072072368,1,0,1,66.05873018291946,33.888888888888886,17.77777777777778,38,3,29.79
2020-03-01 13:00:00,..\..\Data\Data HCM\_MNR_SENSOR_DATA_\emotion_tags\image_tag,22895-44678-1583042466.jpg,1.0,1.0,2.0,2.0,1.0,2.0,2.0,2.0,77.0,39.0,0.0,1.0,0.0,0.0,1.0,0.0,4.337645201450138,8,5,0,64.18863754580212,35.0,17.77777777777778,36,5,29.76
2020-03-01 13:08:00,..\..\Data\Data HCM\_MNR_SENSOR_DATA_\emotion_tags\image_tag,22895-44678-1583042937.jpg,1.0,1.0,2.0,2.0,2.0,2.0,2.0,2.0,77.0,39.0,0.0,1.0,0.0,0.0,1.0,0.0,4.337645201450138,5,5,3,60.093481320131175,35.0,17.77777777777778,36,5,29.76
2020-03-01 13:12:00,..\..\Data\Data HCM\_MNR_SENSOR_DATA_\emotion_tags\image_tag,22895-44678-1583043197.jpg,1.0,2.0,2.0,2.0,2.0,2.0,2.0,2.0,77.0,39.0,0.0,1.0,0.0,0.0,1.0,0.0,4.337645201450138,2,2,2,61.7200671983908,35.0,17.77777777777778,36,5,29.76
2020-03-01 13:19:00,..\..\Data\Data HCM\_MNR_SENSOR_DATA_\emotion_tags\image_tag,22895-44678-1583043576.jpg,2.0,2.0,3.0,3.0,2.0,2.0,2.0,2.0,77.0,39.0,0.0,1.0,0.0,0.0,1.0,0.0,2.398515618907028,6,8,2,59.18454110397798,35.0,17.77777777777778,36,5,29.76
2020-03-01 13:23:00,..\..\Data\Data HCM\_MNR_SENSOR_DATA_\emotion_tags\image_tag,22895-44678-1583043843.jpg,2.0,2.0,3.0,3.0,2.0,2.0,2.0,2.0,77.0,39.0,0.0,1.0,0.0,0.0,1.0,0.0,2.398515618907028,8,9,3,59.60095967888032,35.0,17.77777777777778,36,5,29.76
2020-03-01 13:31:00,..\..\Data\Data HCM\_MNR_SENSOR_DATA_\emotion_tags\image_tag,22895-44678-1583044293.jpg,1.0,2.0,3.0,3.0,2.0,2.0,2.0,2.0,77.0,39.0,0.0,1.0,0.0,0.0,1.0,0.0,2.398515618907028,7,6,1,66.09042163572805,35.0,17.22222222222222,34,5,29.76
2020-03-01 13:33:00,..\..\Data\Data HCM\_MNR_SENSOR_DATA_\emotion_tags\image_tag,22895-44678-1583044455.jpg,2.0,3.0,3.0,3.0,3.0,3.0,3.0,3.0,77.0,39.0,0.0,1.0,0.0,0.0,1.0,0.0,2.398515618907028,5,5,3,66.30844007697021,35.0,17.22222222222222,34,5,29.76
2020-03-01 13:36:00,..\..\Data\Data HCM\_MNR_SENSOR_DATA_\emotion_tags\image_tag,22895-44678-1583044627.jpg,1.0,1.0,4.0,3.0,2.0,2.0,2.0,2.0,77.0,39.0,0.0,1.0,0.0,0.0,1.0,0.0,2.0569501138720883,3,1,0,64.02466851693397,35.0,17.22222222222222,34,5,29.76
2020-03-01 16:50:00,..\..\Data\Data HCM\_MNR_SENSOR_DATA_\emotion_tags\image_tag,22895-44678-1583056257.jpg,2.0,3.0,4.0,4.0,3.0,3.0,3.0,3.0,81.0,34.0,0.0,0.0,1.0,0.0,0.0,1.0,2.396681937392536,8,4,0,73.48913067107362,32.22222222222222,20.0,49,9,29.7
2020-03-01 16:56:00,..\..\Data\Data HCM\_MNR_SENSOR_DATA_\emotion_tags\image_tag,22895-44678-1583056620.jpg,4.0,4.0,4.0,4.0,4.0,4.0,4.0,5.0,84.0,33.0,0.0,0.0,1.0,0.0,0.0,1.0,2.396681937392536,2,2,5,69.53068730449489,32.22222222222222,20.0,49,9,29.7
2020-03-01 17:00:00,..\..\Data\Data HCM\_MNR_SENSOR_DATA_\emotion_tags\image_tag,22895-44678-1583056836.jpg,2.0,3.0,4.0,4.0,4.0,4.0,4.0,4.0,81.0,33.0,0.0,0.0,1.0,0.0,0.0,1.0,2.396681937392536,10,4,2,63.70054684513715,32.22222222222222,20.0,49,9,29.7
2020-03-01 17:04:00,..\..\Data\Data HCM\_MNR_SENSOR_DATA_\emotion_tags\image_tag,22895-44678-1583057100.jpg,3.0,3.0,4.0,4.0,4.0,4.0,4.0,4.0,82.0,33.0,0.0,0.0,1.0,0.0,0.0,1.0,2.396681937392536,10,8,0,63.95959478364064,32.22222222222222,20.0,49,9,29.7
2020-03-01 17:11:00,..\..\Data\Data HCM\_MNR_SENSOR_DATA_\emotion_tags\image_tag,22895-44678-1583057512.jpg,4.0,4.0,4.0,4.0,4.0,4.0,4.0,4.0,84.0,32.0,0.0,0.0,1.0,0.0,0.0,1.0,4.80578201403075,8,5,1,65.32646281661988,32.22222222222222,20.0,49,9,29.7
2020-03-01 17:13:00,..\..\Data\Data HCM\_MNR_SENSOR_DATA_\emotion_tags\image_tag,22895-44678-1583057691.jpg,4.0,4.0,3.0,4.0,4.0,4.0,4.0,4.0,81.0,32.0,0.0,0.0,1.0,0.0,0.0,1.0,4.80578201403075,9,8,0,56.540973023246096,32.22222222222222,20.0,49,9,29.7
2020-03-01 17:17:00,..\..\Data\Data HCM\_MNR_SENSOR_DATA_\emotion_tags\image_tag,22895-44678-1583057879.jpg,3.0,4.0,2.0,2.0,4.0,4.0,4.0,4.0,87.0,32.0,0.0,0.0,1.0,0.0,0.0,1.0,4.80578201403075,5,3,1,78.80765584856134,32.22222222222222,20.0,49,9,29.7
2020-03-01 17:26:00,..\..\Data\Data HCM\_MNR_SENSOR_DATA_\emotion_tags\image_tag,22895-44678-1583058411.jpg,3.0,3.0,4.0,4.0,4.0,4.0,4.0,4.0,90.0,32.0,0.0,0.0,1.0,0.0,0.0,1.0,3.969815416337179,9,6,0,77.36869603468506,32.22222222222222,20.0,49,9,29.7
2020-03-01 17:30:00,..\..\Data\Data HCM\_MNR_SENSOR_DATA_\emotion_tags\image_tag,22895-44678-1583058663.jpg,1.0,2.0,4.0,4.0,4.0,3.0,4.0,4.0,92.0,31.0,0.0,0.0,1.0,0.0,0.0,1.0,3.969815416337179,7,6,1,77.8875613306097,31.11111111111111,20.0,52,9,29.73
2020-03-01 17:38:00,..\..\Data\Data HCM\_MNR_SENSOR_DATA_\emotion_tags\image_tag,22895-44678-1583059116.jpg,2.0,3.0,4.0,4.0,4.0,4.0,4.0,4.0,86.0,31.0,0.0,0.0,1.0,0.0,0.0,1.0,3.969815416337179,7,3,2,81.92274919747878,31.11111111111111,20.0,52,9,29.73
2020-03-01 17:43:00,..\..\Data\Data HCM\_MNR_SENSOR_DATA_\emotion_tags\image_tag,22895-44678-1583059445.jpg,2.0,3.0,4.0,4.0,4.0,4.0,4.0,4.0,85.0,32.0,0.0,0.0,1.0,0.0,0.0,1.0,2.134211946984585,5,3,3,78.4491765749347,31.11111111111111,20.0,52,9,29.73
2020-03-02 07:58:00,..\..\Data\Data HCM\_MNR_SENSOR_DATA_\emotion_tags\image_tag,22895-44678-1583110762.jpg,2.0,3.0,5.0,5.0,4.0,4.0,4.0,4.0,99.0,31.0,0.0,0.0,0.0,1.0,0.0,1.0,2.2305799351709905,12,7,0,78.37586545166813,27.22222222222222,21.11111111111111,70,7,29.82
2020-03-02 08:05:00,..\..\Data\Data HCM\_MNR_SENSOR_DATA_\emotion_tags\image_tag,22895-44678-1583111138.jpg,3.0,3.0,5.0,4.0,4.0,4.0,4.0,3.0,99.0,30.0,0.0,0.0,0.0,1.0,0.0,1.0,2.2305799351709905,9,9,1,69.35248483445207,27.77777777777778,21.11111111111111,66,8,29.82
2020-03-02 08:07:00,..\..\Data\Data HCM\_MNR_SENSOR_DATA_\emotion_tags\image_tag,22895-44678-1583111278.jpg,2.0,3.0,5.0,5.0,3.0,3.0,3.0,3.0,99.0,29.0,0.0,0.0,0.0,1.0,0.0,1.0,2.2305799351709905,13,4,0,86.51484118127128,27.77777777777778,21.11111111111111,66,8,29.82
2020-03-02 08:09:00,..\..\Data\Data HCM\_MNR_SENSOR_DATA_\emotion_tags\image_tag,22895-44678-1583111395.jpg,3.0,3.0,5.0,5.0,4.0,3.0,3.0,3.0,99.0,28.0,0.0,0.0,0.0,1.0,0.0,1.0,2.2305799351709905,12,7,1,73.67858974746541,27.77777777777778,21.11111111111111,66,8,29.82
2020-03-02 08:16:00,..\..\Data\Data HCM\_MNR_SENSOR_DATA_\emotion_tags\image_tag,22895-44678-1583111824.jpg,3.0,4.0,5.0,5.0,4.0,4.0,4.0,4.0,95.0,30.0,0.0,0.0,0.0,1.0,0.0,1.0,4.8139970286596325,14,4,0,82.41336243130709,27.77777777777778,21.11111111111111,66,8,29.82
2020-03-02 08:18:00,..\..\Data\Data HCM\_MNR_SENSOR_DATA_\emotion_tags\image_tag,22895-44678-1583111960.jpg,3.0,3.0,4.0,4.0,4.0,4.0,4.0,4.0,94.0,29.0,0.0,0.0,0.0,1.0,0.0,1.0,4.8139970286596325,8,5,1,73.83823464100787,27.77777777777778,21.11111111111111,66,8,29.82
2020-03-02 08:22:00,..\..\Data\Data HCM\_MNR_SENSOR_DATA_\emotion_tags\image_tag,22895-44678-1583112210.jpg,2.0,2.0,4.0,4.0,4.0,3.0,3.0,3.0,93.0,31.0,0.0,0.0,0.0,1.0,0.0,1.0,4.8139970286596325,8,3,0,66.77860168252013,27.77777777777778,21.11111111111111,66,8,29.82
2020-03-02 08:30:00,..\..\Data\Data HCM\_MNR_SENSOR_DATA_\emotion_tags\image_tag,22895-44678-1583112691.jpg,2.0,2.0,4.0,4.0,3.0,3.0,3.0,3.0,88.0,30.0,0.0,0.0,0.0,1.0,0.0,1.0,4.8139970286596325,14,12,1,61.40007584152455,28.88888888888889,20.0,58,10,29.85
2020-03-02 08:37:00,..\..\Data\Data HCM\_MNR_SENSOR_DATA_\emotion_tags\image_tag,22895-44678-1583113059.jpg,2.0,3.0,5.0,5.0,4.0,4.0,4.0,4.0,89.0,30.0,0.0,0.0,0.0,1.0,0.0,1.0,3.411754398293985,5,2,1,59.95624931693688,28.88888888888889,20.0,58,10,29.85
2020-03-02 08:42:00,..\..\Data\Data HCM\_MNR_SENSOR_DATA_\emotion_tags\image_tag,22895-44678-1583113358.jpg,2.0,3.0,5.0,5.0,4.0,4.0,4.0,4.0,88.0,32.0,0.0,0.0,0.0,1.0,0.0,1.0,3.411754398293985,7,0,2,62.579352547090274,28.88888888888889,20.0,58,10,29.85
2020-03-02 08:45:00,..\..\Data\Data HCM\_MNR_SENSOR_DATA_\emotion_tags\image_tag,22895-44678-1583113565.jpg,2.0,3.0,5.0,5.0,4.0,4.0,4.0,4.0,88.0,33.0,0.0,0.0,0.0,1.0,0.0,1.0,3.411754398293985,7,3,2,83.46490508202207,28.88888888888889,20.0,58,10,29.85
2020-03-02 08:49:00,..\..\Data\Data HCM\_MNR_SENSOR_DATA_\emotion_tags\image_tag,22895-44678-1583113810.jpg,3.0,4.0,4.0,5.0,4.0,4.0,4.0,4.0,97.0,32.0,0.0,0.0,0.0,1.0,0.0,1.0,3.411754398293985,6,6,4,79.619475072652,28.88888888888889,20.0,58,10,29.85
2020-03-02 11:52:00,..\..\Data\Data HCM\_MNR_SENSOR_DATA_\emotion_tags\image_tag,22895-44678-1583124787.jpg,3.0,3.0,5.0,5.0,2.0,2.0,2.0,2.0,84.0,36.0,0.0,0.0,0.0,1.0,1.0,0.0,2.232651959514643,10,3,4,72.39462284936391,32.77777777777778,18.88888888888889,43,7,29.82
2020-03-02 11:58:00,..\..\Data\Data HCM\_MNR_SENSOR_DATA_\emotion_tags\image_tag,22895-44678-1583125116.jpg,3.0,3.0,5.0,5.0,2.0,2.0,2.0,2.0,70.0,38.0,0.0,0.0,0.0,1.0,1.0,0.0,2.232651959514643,8,11,3,74.67657832994875,32.77777777777778,18.88888888888889,43,7,29.82
2020-03-02 12:00:00,..\..\Data\Data HCM\_MNR_SENSOR_DATA_\emotion_tags\image_tag,22895-44678-1583125269.jpg,3.0,3.0,5.0,5.0,2.0,2.0,2.0,2.0,70.0,38.0,0.0,1.0,0.0,0.0,1.0,0.0,2.232651959514643,4,5,1,59.85183336618598,33.888888888888886,18.88888888888889,41,6,29.79
2020-03-02 12:02:00,..\..\Data\Data HCM\_MNR_SENSOR_DATA_\emotion_tags\image_tag,22895-44678-1583125366.jpg,2.0,2.0,5.0,5.0,2.0,2.0,2.0,2.0,70.0,38.0,0.0,1.0,0.0,0.0,1.0,0.0,2.232651959514643,5,2,6,55.04361702426923,33.888888888888886,18.88888888888889,41,6,29.79
2020-03-02 12:09:00,..\..\Data\Data HCM\_MNR_SENSOR_DATA_\emotion_tags\image_tag,22895-44678-1583125800.jpg,2.0,2.0,5.0,5.0,2.0,2.0,2.0,2.0,70.0,38.0,0.0,1.0,0.0,0.0,1.0,0.0,4.168401565096117,7,7,1,67.61371196012335,33.888888888888886,18.88888888888889,41,6,29.79
2020-03-02 12:15:00,..\..\Data\Data HCM\_MNR_SENSOR_DATA_\emotion_tags\image_tag,22895-44678-1583126176.jpg,4.0,3.0,4.0,4.0,2.0,3.0,3.0,3.0,70.0,38.0,0.0,1.0,0.0,0.0,1.0,0.0,4.168401565096117,6,3,1,55.146117669637434,33.888888888888886,18.88888888888889,41,6,29.79
2020-03-02 12:19:00,..\..\Data\Data HCM\_MNR_SENSOR_DATA_\emotion_tags\image_tag,22895-44678-1583126371.jpg,4.0,3.0,4.0,4.0,2.0,3.0,3.0,3.0,70.0,38.0,0.0,1.0,0.0,0.0,1.0,0.0,4.168401565096117,12,3,0,63.41698417644902,33.888888888888886,18.88888888888889,41,6,29.79
2020-03-02 12:22:00,..\..\Data\Data HCM\_MNR_SENSOR_DATA_\emotion_tags\image_tag,22895-44678-1583126558.jpg,2.0,3.0,2.0,2.0,2.0,3.0,3.0,3.0,70.0,38.0,0.0,1.0,0.0,0.0,1.0,0.0,4.168401565096117,6,6,0,53.931706277272475,33.888888888888886,18.88888888888889,41,6,29.79
2020-03-02 12:29:00,..\..\Data\Data HCM\_MNR_SENSOR_DATA_\emotion_tags\image_tag,22895-44678-1583127008.jpg,3.0,3.0,3.0,2.0,2.0,3.0,3.0,3.0,70.0,38.0,0.0,1.0,0.0,0.0,1.0,0.0,3.9678334083983664,7,5,1,68.97648559797513,33.888888888888886,18.88888888888889,41,6,29.79
2020-03-02 12:33:00,..\..\Data\Data HCM\_MNR_SENSOR_DATA_\emotion_tags\image_tag,22895-44678-1583127244.jpg,2.0,2.0,4.0,4.0,3.0,3.0,3.0,3.0,70.0,38.0,0.0,1.0,0.0,0.0,1.0,0.0,3.9678334083983664,8,8,1,56.00719314004213,35.0,18.88888888888889,39,6,29.76
2020-03-02 12:37:00,..\..\Data\Data HCM\_MNR_SENSOR_DATA_\emotion_tags\image_tag,22895-44678-1583127522.jpg,2.0,2.0,4.0,3.0,3.0,3.0,3.0,3.0,70.0,38.0,0.0,1.0,0.0,0.0,1.0,0.0,3.9678334083983664,7,7,1,66.46587970219923,35.0,18.88888888888889,39,6,29.76
2020-03-02 12:42:00,..\..\Data\Data HCM\_MNR_SENSOR_DATA_\emotion_tags\image_tag,22895-44678-1583127799.jpg,2.0,2.0,4.0,4.0,3.0,3.0,3.0,3.0,70.0,38.0,0.0,1.0,0.0,0.0,1.0,0.0,3.9678334083983664,7,4,2,63.94774805190179,35.0,18.88888888888889,39,6,29.76
2020-03-02 12:45:00,..\..\Data\Data HCM\_MNR_SENSOR_DATA_\emotion_tags\image_tag,22895-44678-1583127973.jpg,3.0,2.0,4.0,4.0,2.0,2.0,2.0,2.0,70.0,38.0,0.0,1.0,0.0,0.0,1.0,0.0,2.240012951068897,10,4,1,58.75594755213432,35.0,18.88888888888889,39,6,29.76
2020-03-02 17:25:00,..\..\Data\Data HCM\_MNR_SENSOR_DATA_\emotion_tags\image_tag,22895-44678-1583144774.jpg,2.0,3.0,5.0,4.0,4.0,4.0,4.0,4.0,70.0,31.0,0.0,0.0,1.0,0.0,0.0,1.0,3.2729710606433158,8,7,3,69.46849565353595,32.22222222222222,21.11111111111111,52,12,29.73
2020-03-02 17:28:00,..\..\Data\Data HCM\_MNR_SENSOR_DATA_\emotion_tags\image_tag,22895-44678-1583144951.jpg,2.0,3.0,4.0,4.0,4.0,4.0,4.0,4.0,70.0,32.0,0.0,0.0,1.0,0.0,0.0,1.0,3.2729710606433158,10,7,1,83.53246659831727,32.22222222222222,21.11111111111111,52,12,29.73
2020-03-02 17:37:00,..\..\Data\Data HCM\_MNR_SENSOR_DATA_\emotion_tags\image_tag,22895-44678-1583145457.jpg,3.0,3.0,4.0,4.0,4.0,4.0,4.0,4.0,74.0,32.0,0.0,0.0,1.0,0.0,0.0,1.0,3.2729710606433158,7,5,2,85.03801921683805,31.11111111111111,21.11111111111111,55,9,29.73
2020-03-02 17:42:00,..\..\Data\Data HCM\_MNR_SENSOR_DATA_\emotion_tags\image_tag,22895-44678-1583145794.jpg,2.0,3.0,4.0,3.0,4.0,4.0,4.0,4.0,72.0,32.0,0.0,0.0,1.0,0.0,0.0,1.0,5.169942873189839,5,4,1,75.77144746819194,31.11111111111111,21.11111111111111,55,9,29.73
2020-03-02 17:44:00,..\..\Data\Data HCM\_MNR_SENSOR_DATA_\emotion_tags\image_tag,22895-44678-1583145921.jpg,2.0,3.0,4.0,3.0,4.0,4.0,4.0,4.0,76.0,31.0,0.0,0.0,1.0,0.0,0.0,1.0,5.169942873189839,2,2,3,85.04911839836964,31.11111111111111,21.11111111111111,55,9,29.73
2020-03-02 17:53:00,..\..\Data\Data HCM\_MNR_SENSOR_DATA_\emotion_tags\image_tag,22895-44678-1583146428.jpg,3.0,3.0,5.0,4.0,4.0,4.0,4.0,4.0,77.0,31.0,0.0,0.0,1.0,0.0,0.0,1.0,5.169942873189839,7,4,0,80.23447037154324,31.11111111111111,21.11111111111111,55,9,29.73
2020-03-02 17:57:00,..\..\Data\Data HCM\_MNR_SENSOR_DATA_\emotion_tags\image_tag,22895-44678-1583146671.jpg,2.0,3.0,5.0,4.0,4.0,4.0,4.0,4.0,79.0,31.0,0.0,0.0,1.0,0.0,0.0,1.0,5.169942873189839,13,6,0,72.8122266458389,31.11111111111111,21.11111111111111,55,9,29.73
2020-03-02 18:31:00,..\..\Data\Data HCM\_MNR_SENSOR_DATA_\emotion_tags\image_tag,22895-44678-1583148745.jpg,5.0,5.0,5.0,5.0,5.0,5.0,5.0,5.0,79.0,31.0,0.0,0.0,1.0,0.0,0.0,1.0,1.6093756259181984,0,0,0,3.5464485356098163,30.0,20.0,55,16,29.76
2020-03-03 08:01:00,..\..\Data\Data HCM\_MNR_SENSOR_DATA_\emotion_tags\image_tag,22895-44678-1583197378.jpg,4.0,4.0,4.0,3.0,4.0,4.0,4.0,4.0,78.0,31.0,0.0,0.0,0.0,1.0,0.0,1.0,2.2254656657939043,5,6,3,80.10019010456243,27.77777777777778,21.11111111111111,66,3,29.85
2020-03-03 08:04:00,..\..\Data\Data HCM\_MNR_SENSOR_DATA_\emotion_tags\image_tag,22895-44678-1583197520.jpg,5.0,4.0,4.0,4.0,5.0,5.0,4.0,4.0,80.0,30.0,0.0,0.0,0.0,1.0,0.0,1.0,2.2254656657939043,9,10,1,75.58144732824681,27.77777777777778,21.11111111111111,66,3,29.85
2020-03-03 08:07:00,..\..\Data\Data HCM\_MNR_SENSOR_DATA_\emotion_tags\image_tag,22895-44678-1583197647.jpg,4.0,3.0,4.0,4.0,4.0,4.0,4.0,4.0,80.0,30.0,0.0,0.0,0.0,1.0,0.0,1.0,2.2254656657939043,10,7,0,73.8316904515778,27.77777777777778,21.11111111111111,66,3,29.85
2020-03-03 08:09:00,..\..\Data\Data HCM\_MNR_SENSOR_DATA_\emotion_tags\image_tag,22895-44678-1583197816.jpg,3.0,3.0,4.0,4.0,4.0,4.0,4.0,4.0,80.0,30.0,0.0,0.0,0.0,1.0,0.0,1.0,2.2254656657939043,6,6,4,68.54433214689776,27.77777777777778,21.11111111111111,66,3,29.85
2020-03-03 08:14:00,..\..\Data\Data HCM\_MNR_SENSOR_DATA_\emotion_tags\image_tag,22895-44678-1583198108.jpg,3.0,3.0,4.0,5.0,4.0,4.0,4.0,4.0,79.0,29.0,0.0,0.0,0.0,1.0,0.0,1.0,3.0954843621009314,9,7,3,60.42717953415106,27.77777777777778,21.11111111111111,66,3,29.85
2020-03-03 08:16:00,..\..\Data\Data HCM\_MNR_SENSOR_DATA_\emotion_tags\image_tag,22895-44678-1583198244.jpg,2.0,3.0,4.0,5.0,4.0,4.0,4.0,4.0,80.0,30.0,0.0,0.0,0.0,1.0,0.0,1.0,3.0954843621009314,9,8,4,59.5584656624339,27.77777777777778,21.11111111111111,66,3,29.85
2020-03-03 08:23:00,..\..\Data\Data HCM\_MNR_SENSOR_DATA_\emotion_tags\image_tag,22895-44678-1583198616.jpg,4.0,4.0,4.0,4.0,4.0,4.0,4.0,4.0,82.0,29.0,0.0,0.0,0.0,1.0,0.0,1.0,3.0954843621009314,9,6,2,80.92011714244998,27.77777777777778,21.11111111111111,66,3,29.85
2020-03-03 08:26:00,..\..\Data\Data HCM\_MNR_SENSOR_DATA_\emotion_tags\image_tag,22895-44678-1583198808.jpg,4.0,4.0,4.0,4.0,4.0,4.0,4.0,4.0,80.0,29.0,0.0,0.0,0.0,1.0,0.0,1.0,4.822936084953792,7,3,4,72.70406278150587,27.77777777777778,21.11111111111111,66,3,29.85
2020-03-03 08:31:00,..\..\Data\Data HCM\_MNR_SENSOR_DATA_\emotion_tags\image_tag,22895-44678-1583199069.jpg,2.0,3.0,4.0,4.0,4.0,4.0,4.0,4.0,78.0,30.0,0.0,0.0,0.0,1.0,0.0,1.0,4.822936084953792,14,9,1,71.8981864693412,27.77777777777778,21.11111111111111,66,3,29.88
2020-03-03 08:42:00,..\..\Data\Data HCM\_MNR_SENSOR_DATA_\emotion_tags\image_tag,22895-44678-1583199762.jpg,2.0,3.0,4.0,4.0,4.0,3.0,3.0,3.0,75.0,31.0,0.0,0.0,0.0,1.0,0.0,1.0,3.4089937910125205,5,4,1,57.770340194609744,27.77777777777778,21.11111111111111,66,3,29.88
2020-03-03 08:47:00,..\..\Data\Data HCM\_MNR_SENSOR_DATA_\emotion_tags\image_tag,22895-44678-1583200069.jpg,1.0,2.0,4.0,4.0,4.0,4.0,4.0,4.0,74.0,30.0,0.0,0.0,0.0,1.0,0.0,1.0,3.4089937910125205,8,7,0,67.958457157991,27.77777777777778,21.11111111111111,66,3,29.88
2020-03-03 08:51:00,..\..\Data\Data HCM\_MNR_SENSOR_DATA_\emotion_tags\image_tag,22895-44678-1583200313.jpg,1.0,3.0,4.0,4.0,4.0,4.0,4.0,4.0,71.0,31.0,0.0,0.0,0.0,1.0,0.0,1.0,3.4089937910125205,3,9,4,74.93355837577789,27.77777777777778,21.11111111111111,66,3,29.88
2020-03-03 08:54:00,..\..\Data\Data HCM\_MNR_SENSOR_DATA_\emotion_tags\image_tag,22895-44678-1583200479.jpg,3.0,4.0,4.0,4.0,4.0,4.0,4.0,4.0,72.0,31.0,0.0,0.0,0.0,1.0,0.0,1.0,3.4089937910125205,3,1,0,77.73964589963654,27.77777777777778,21.11111111111111,66,3,29.88
2020-03-03 12:08:00,..\..\Data\Data HCM\_MNR_SENSOR_DATA_\emotion_tags\image_tag,22895-44678-1583212129.jpg,4.0,3.0,4.0,4.0,2.0,3.0,3.0,3.0,64.0,38.0,0.0,1.0,0.0,0.0,1.0,0.0,2.609031432235393,10,7,5,58.55014556260432,32.77777777777778,17.22222222222222,38,6,29.82
2020-03-03 12:11:00,..\..\Data\Data HCM\_MNR_SENSOR_DATA_\emotion_tags\image_tag,22895-44678-1583212318.jpg,2.0,3.0,4.0,4.0,2.0,3.0,3.0,3.0,64.0,38.0,0.0,1.0,0.0,0.0,1.0,0.0,2.609031432235393,5,2,1,53.15973007494937,32.77777777777778,17.22222222222222,38,6,29.82
2020-03-03 12:16:00,..\..\Data\Data HCM\_MNR_SENSOR_DATA_\emotion_tags\image_tag,22895-44678-1583212640.jpg,2.0,2.0,4.0,4.0,2.0,3.0,3.0,3.0,64.0,38.0,0.0,1.0,0.0,0.0,1.0,0.0,2.609031432235393,6,5,2,65.54328379404842,32.77777777777778,17.22222222222222,38,6,29.82
2020-03-03 12:21:00,..\..\Data\Data HCM\_MNR_SENSOR_DATA_\emotion_tags\image_tag,22895-44678-1583212918.jpg,4.0,3.0,4.0,4.0,3.0,3.0,3.0,3.0,64.0,38.0,0.0,1.0,0.0,0.0,1.0,0.0,2.609031432235393,2,2,0,61.230514255671466,32.77777777777778,17.22222222222222,38,6,29.82
2020-03-03 12:24:00,..\..\Data\Data HCM\_MNR_SENSOR_DATA_\emotion_tags\image_tag,22895-44678-1583213078.jpg,4.0,3.0,4.0,4.0,3.0,3.0,3.0,3.0,64.0,38.0,0.0,1.0,0.0,0.0,1.0,0.0,4.810934773965268,7,3,1,65.00746543755065,32.77777777777778,17.22222222222222,38,6,29.82
2020-03-03 12:27:00,..\..\Data\Data HCM\_MNR_SENSOR_DATA_\emotion_tags\image_tag,22895-44678-1583213280.jpg,2.0,2.0,4.0,4.0,2.0,2.0,2.0,2.0,64.0,38.0,0.0,1.0,0.0,0.0,1.0,0.0,4.810934773965268,8,6,0,59.175471258700135,32.77777777777778,17.22222222222222,38,6,29.82
2020-03-03 12:33:00,..\..\Data\Data HCM\_MNR_SENSOR_DATA_\emotion_tags\image_tag,22895-44678-1583213668.jpg,1.0,2.0,3.0,3.0,1.0,2.0,2.0,2.0,64.0,38.0,0.0,1.0,0.0,0.0,1.0,0.0,4.810934773965268,10,8,0,57.31180687971221,33.888888888888886,17.77777777777778,38,3,29.79
2020-03-03 12:36:00,..\..\Data\Data HCM\_MNR_SENSOR_DATA_\emotion_tags\image_tag,22895-44678-1583213838.jpg,2.0,2.0,4.0,4.0,2.0,3.0,3.0,3.0,64.0,38.0,0.0,1.0,0.0,0.0,1.0,0.0,4.810934773965268,7,6,0,74.24244307721295,33.888888888888886,17.77777777777778,38,3,29.79
2020-03-03 12:44:00,..\..\Data\Data HCM\_MNR_SENSOR_DATA_\emotion_tags\image_tag,22895-44678-1583214299.jpg,2.0,3.0,4.0,4.0,2.0,2.0,2.0,2.0,64.0,38.0,0.0,1.0,0.0,0.0,1.0,0.0,2.8261789310410412,4,2,2,57.43628085515178,33.888888888888886,17.77777777777778,38,3,29.79
2020-03-03 12:48:00,..\..\Data\Data HCM\_MNR_SENSOR_DATA_\emotion_tags\image_tag,22895-44678-1583214604.jpg,2.0,2.0,4.0,4.0,2.0,2.0,2.0,2.0,64.0,38.0,0.0,1.0,0.0,0.0,1.0,0.0,2.8261789310410412,9,2,4,56.716687027995825,33.888888888888886,17.77777777777778,38,3,29.79
2020-03-03 12:54:00,..\..\Data\Data HCM\_MNR_SENSOR_DATA_\emotion_tags\image_tag,22895-44678-1583214877.jpg,2.0,2.0,4.0,4.0,2.0,2.0,2.0,2.0,64.0,38.0,0.0,1.0,0.0,0.0,1.0,0.0,2.8261789310410412,3,6,0,54.00964441625013,33.888888888888886,17.77777777777778,38,3,29.79
2020-03-04 09:37:00,..\..\Data\Data HCM\_MNR_SENSOR_DATA_\emotion_tags\image_tag,22895-44678-1583289461.jpg,4.0,4.0,5.0,5.0,4.0,4.0,4.0,4.0,55.0,32.0,0.0,0.0,0.0,1.0,0.0,1.0,2.4483142457854457,11,13,3,72.8656634837887,28.88888888888889,20.0,58,2,29.88
2020-03-04 09:40:00,..\..\Data\Data HCM\_MNR_SENSOR_DATA_\emotion_tags\image_tag,22895-44678-1583289687.jpg,3.0,3.0,5.0,5.0,4.0,4.0,4.0,4.0,81.0,32.0,0.0,0.0,0.0,1.0,0.0,1.0,2.4483142457854457,4,5,1,66.25873864505621,28.88888888888889,20.0,58,2,29.88
2020-03-04 09:43:00,..\..\Data\Data HCM\_MNR_SENSOR_DATA_\emotion_tags\image_tag,22895-44678-1583289807.jpg,3.0,3.0,5.0,5.0,3.0,3.0,3.0,3.0,76.0,34.0,0.0,0.0,0.0,1.0,0.0,1.0,2.4483142457854457,7,4,1,60.55063588379171,28.88888888888889,20.0,58,2,29.88
2020-03-04 09:46:00,..\..\Data\Data HCM\_MNR_SENSOR_DATA_\emotion_tags\image_tag,22895-44678-1583289998.jpg,3.0,3.0,5.0,5.0,3.0,3.0,3.0,3.0,69.0,32.0,0.0,0.0,0.0,1.0,0.0,1.0,2.4483142457854457,4,3,1,74.56641348111734,28.88888888888889,20.0,58,2,29.88
2020-03-04 09:48:00,..\..\Data\Data HCM\_MNR_SENSOR_DATA_\emotion_tags\image_tag,22895-44678-1583290112.jpg,2.0,3.0,4.0,4.0,4.0,4.0,4.0,3.0,71.0,33.0,0.0,0.0,0.0,1.0,0.0,1.0,2.4483142457854457,8,2,5,65.85422385414054,28.88888888888889,20.0,58,2,29.88
2020-03-04 09:53:00,..\..\Data\Data HCM\_MNR_SENSOR_DATA_\emotion_tags\image_tag,22895-44678-1583290434.jpg,4.0,4.0,4.0,4.0,4.0,4.0,4.0,4.0,74.0,31.0,0.0,0.0,0.0,1.0,0.0,1.0,4.855726443370384,4,4,0,66.33399244670832,28.88888888888889,20.0,58,2,29.88
2020-03-04 09:56:00,..\..\Data\Data HCM\_MNR_SENSOR_DATA_\emotion_tags\image_tag,22895-44678-1583290591.jpg,4.0,4.0,4.0,4.0,4.0,4.0,4.0,4.0,74.0,32.0,0.0,0.0,0.0,1.0,0.0,1.0,4.855726443370384,9,8,2,75.14913870171979,28.88888888888889,20.0,58,2,29.88
2020-03-04 10:05:00,..\..\Data\Data HCM\_MNR_SENSOR_DATA_\emotion_tags\image_tag,22895-44678-1583291159.jpg,2.0,3.0,4.0,4.0,4.0,3.0,3.0,3.0,73.0,33.0,0.0,0.0,0.0,1.0,1.0,0.0,4.855726443370384,8,5,2,69.39125904408961,30.0,20.0,55,3,29.88
2020-03-04 10:09:00,..\..\Data\Data HCM\_MNR_SENSOR_DATA_\emotion_tags\image_tag,22895-44678-1583291388.jpg,2.0,3.0,4.0,4.0,4.0,3.0,3.0,3.0,73.0,32.0,0.0,0.0,0.0,1.0,1.0,0.0,3.96310116964366,4,5,3,70.86291462404247,30.0,20.0,55,3,29.88
2020-03-04 10:13:00,..\..\Data\Data HCM\_MNR_SENSOR_DATA_\emotion_tags\image_tag,22895-44678-1583291636.jpg,2.0,2.0,4.0,4.0,3.0,3.0,3.0,3.0,71.0,32.0,0.0,0.0,0.0,1.0,1.0,0.0,3.96310116964366,13,3,1,69.61931832885165,30.0,20.0,55,3,29.88
2020-03-04 10:17:00,..\..\Data\Data HCM\_MNR_SENSOR_DATA_\emotion_tags\image_tag,22895-44678-1583291886.jpg,2.0,2.0,4.0,4.0,3.0,3.0,3.0,3.0,72.0,33.0,0.0,0.0,0.0,1.0,1.0,0.0,3.96310116964366,5,7,2,64.1281858383031,30.0,20.0,55,3,29.88
2020-03-04 10:21:00,..\..\Data\Data HCM\_MNR_SENSOR_DATA_\emotion_tags\image_tag,22895-44678-1583292083.jpg,2.0,3.0,4.0,4.0,3.0,3.0,3.0,3.0,74.0,33.0,0.0,0.0,0.0,1.0,1.0,0.0,3.96310116964366,8,5,2,76.78781819588664,30.0,20.0,55,3,29.88
2020-03-04 10:23:00,..\..\Data\Data HCM\_MNR_SENSOR_DATA_\emotion_tags\image_tag,22895-44678-1583292237.jpg,2.0,2.0,3.0,3.0,3.0,3.0,3.0,3.0,79.0,34.0,0.0,0.0,0.0,1.0,1.0,0.0,3.96310116964366,4,4,2,77.84584685156382,30.0,20.0,55,3,29.88
2020-03-04 12:17:00,..\..\Data\Data HCM\_MNR_SENSOR_DATA_\emotion_tags\image_tag,22895-44678-1583299065.jpg,4.0,3.0,5.0,5.0,3.0,3.0,3.0,3.0,71.0,36.0,0.0,1.0,0.0,0.0,1.0,0.0,2.2665899613387137,6,10,3,59.64726105235579,32.77777777777778,18.88888888888889,43,3,29.82
2020-03-04 12:20:00,..\..\Data\Data HCM\_MNR_SENSOR_DATA_\emotion_tags\image_tag,22895-44678-1583299272.jpg,2.0,2.0,5.0,5.0,3.0,3.0,3.0,3.0,66.0,37.0,0.0,1.0,0.0,0.0,1.0,0.0,2.2665899613387137,3,6,3,59.85681181249485,32.77777777777778,18.88888888888889,43,3,29.82
2020-03-04 12:22:00,..\..\Data\Data HCM\_MNR_SENSOR_DATA_\emotion_tags\image_tag,22895-44678-1583299402.jpg,2.0,2.0,4.0,4.0,3.0,3.0,3.0,3.0,67.0,37.0,0.0,1.0,0.0,0.0,1.0,0.0,2.2665899613387137,1,1,5,64.13417172574911,32.77777777777778,18.88888888888889,43,3,29.82
2020-03-04 12:25:00,..\..\Data\Data HCM\_MNR_SENSOR_DATA_\emotion_tags\image_tag,22895-44678-1583299552.jpg,2.0,2.0,4.0,4.0,3.0,3.0,3.0,3.0,74.0,36.0,0.0,1.0,0.0,0.0,1.0,0.0,2.2665899613387137,1,1,2,59.812860566103936,32.77777777777778,18.88888888888889,43,3,29.82
2020-03-04 12:31:00,..\..\Data\Data HCM\_MNR_SENSOR_DATA_\emotion_tags\image_tag,22895-44678-1583299910.jpg,4.0,3.0,4.0,4.0,3.0,3.0,3.0,3.0,75.0,36.0,1.0,1.0,0.0,0.0,1.0,0.0,4.876151993380595,0,0,3,62.27158000430815,32.77777777777778,18.88888888888889,43,6,29.79
2020-03-04 12:34:00,..\..\Data\Data HCM\_MNR_SENSOR_DATA_\emotion_tags\image_tag,22895-44678-1583300081.jpg,4.0,4.0,4.0,4.0,3.0,3.0,3.0,3.0,77.0,39.0,1.0,1.0,0.0,0.0,1.0,0.0,4.876151993380595,6,5,1,66.67180388283775,32.77777777777778,18.88888888888889,43,6,29.79
2020-03-04 12:37:00,..\..\Data\Data HCM\_MNR_SENSOR_DATA_\emotion_tags\image_tag,22895-44678-1583300294.jpg,1.0,2.0,4.0,4.0,2.0,2.0,2.0,2.0,74.0,40.0,1.0,1.0,0.0,0.0,1.0,0.0,4.876151993380595,5,6,1,68.19357667227001,32.77777777777778,18.88888888888889,43,6,29.79
2020-03-04 12:42:00,..\..\Data\Data HCM\_MNR_SENSOR_DATA_\emotion_tags\image_tag,22895-44678-1583300570.jpg,1.0,2.0,4.0,4.0,3.0,3.0,3.0,3.0,83.0,41.0,0.0,1.0,0.0,0.0,1.0,0.0,4.876151993380595,6,5,1,71.48030750398193,32.77777777777778,18.88888888888889,43,6,29.79
2020-03-04 12:49:00,..\..\Data\Data HCM\_MNR_SENSOR_DATA_\emotion_tags\image_tag,22895-44678-1583301009.jpg,2.0,2.0,4.0,4.0,2.0,2.0,2.0,2.0,83.0,40.0,1.0,1.0,0.0,0.0,1.0,0.0,3.4002681606715353,6,6,2,66.12855388551576,32.77777777777778,18.88888888888889,43,6,29.79
2020-03-04 12:55:00,..\..\Data\Data HCM\_MNR_SENSOR_DATA_\emotion_tags\image_tag,22895-44678-1583301334.jpg,2.0,2.0,3.0,3.0,2.0,2.0,2.0,2.0,71.0,41.0,1.0,1.0,0.0,0.0,1.0,0.0,3.4002681606715353,8,6,1,64.21806253420253,32.77777777777778,18.88888888888889,43,6,29.79
2020-03-04 12:58:00,..\..\Data\Data HCM\_MNR_SENSOR_DATA_\emotion_tags\image_tag,22895-44678-1583301530.jpg,2.0,3.0,3.0,3.0,3.0,3.0,3.0,3.0,77.0,42.0,0.0,1.0,0.0,0.0,1.0,0.0,3.4002681606715353,3,8,3,70.76626797587492,32.77777777777778,18.88888888888889,43,6,29.79
2020-03-04 13:00:00,..\..\Data\Data HCM\_MNR_SENSOR_DATA_\emotion_tags\image_tag,22895-44678-1583301646.jpg,2.0,3.0,4.0,4.0,3.0,3.0,3.0,3.0,78.0,40.0,0.0,1.0,0.0,0.0,1.0,0.0,3.4002681606715353,5,6,1,68.05738472525871,32.77777777777778,18.88888888888889,43,8,29.76
2020-03-04 17:08:00,..\..\Data\Data HCM\_MNR_SENSOR_DATA_\emotion_tags\image_tag,22895-44678-1583316505.jpg,4.0,4.0,5.0,5.0,4.0,4.0,4.0,4.0,91.0,32.0,0.0,0.0,1.0,0.0,0.0,1.0,2.5328729954945564,4,4,3,64.53222502341954,31.11111111111111,20.0,52,13,29.73
2020-03-04 17:10:00,..\..\Data\Data HCM\_MNR_SENSOR_DATA_\emotion_tags\image_tag,22895-44678-1583316678.jpg,2.0,3.0,5.0,5.0,4.0,4.0,4.0,4.0,87.0,31.0,0.0,0.0,1.0,0.0,0.0,1.0,2.5328729954945564,8,7,3,65.35213636557533,31.11111111111111,20.0,52,13,29.73
2020-03-04 17:14:00,..\..\Data\Data HCM\_MNR_SENSOR_DATA_\emotion_tags\image_tag,22895-44678-1583316894.jpg,2.0,3.0,4.0,4.0,4.0,4.0,4.0,4.0,87.0,31.0,0.0,0.0,1.0,0.0,0.0,1.0,2.5328729954945564,9,8,0,73.07213740741307,31.11111111111111,20.0,52,13,29.73
2020-03-04 17:18:00,..\..\Data\Data HCM\_MNR_SENSOR_DATA_\emotion_tags\image_tag,22895-44678-1583317157.jpg,4.0,4.0,5.0,5.0,4.0,4.0,4.0,4.0,86.0,30.0,0.0,0.0,1.0,0.0,0.0,1.0,2.5328729954945564,18,7,0,89.20113811779757,31.11111111111111,20.0,52,13,29.73
2020-03-04 17:22:00,..\..\Data\Data HCM\_MNR_SENSOR_DATA_\emotion_tags\image_tag,22895-44678-1583317344.jpg,4.0,4.0,4.0,4.0,4.0,4.0,4.0,4.0,86.0,31.0,0.0,0.0,1.0,0.0,0.0,1.0,2.5328729954945564,6,2,2,67.70546568049369,31.11111111111111,20.0,52,13,29.73
2020-03-04 17:24:00,..\..\Data\Data HCM\_MNR_SENSOR_DATA_\emotion_tags\image_tag,22895-44678-1583317494.jpg,2.0,3.0,4.0,4.0,4.0,4.0,4.0,4.0,84.0,30.0,0.0,0.0,1.0,0.0,0.0,1.0,5.184178315659661,6,7,0,72.73272556623506,31.11111111111111,20.0,52,13,29.73
2020-03-04 17:31:00,..\..\Data\Data HCM\_MNR_SENSOR_DATA_\emotion_tags\image_tag,22895-44678-1583317931.jpg,2.0,3.0,4.0,4.0,4.0,3.0,3.0,3.0,93.0,31.0,0.0,0.0,1.0,0.0,0.0,1.0,5.184178315659661,13,6,1,86.63101085148298,30.0,20.0,55,12,29.73
2020-03-04 17:39:00,..\..\Data\Data HCM\_MNR_SENSOR_DATA_\emotion_tags\image_tag,22895-44678-1583318374.jpg,2.0,3.0,5.0,5.0,4.0,4.0,3.0,3.0,96.0,30.0,0.0,0.0,1.0,0.0,0.0,1.0,5.184178315659661,6,4,1,81.75554072565787,30.0,20.0,55,12,29.73
2020-03-04 17:44:00,..\..\Data\Data HCM\_MNR_SENSOR_DATA_\emotion_tags\image_tag,22895-44678-1583318749.jpg,3.0,3.0,5.0,5.0,4.0,3.0,3.0,3.0,80.0,31.0,0.0,0.0,1.0,0.0,0.0,1.0,2.2318781753872616,13,6,0,78.87586059787655,30.0,20.0,55,12,29.73
2020-03-05 07:41:00,..\..\Data\Data HCM\_MNR_SENSOR_DATA_\emotion_tags\image_tag,22895-44678-1583368934.jpg,2.0,3.0,5.0,5.0,4.0,4.0,4.0,4.0,96.0,28.0,0.0,0.0,0.0,1.0,0.0,1.0,2.3962253816710355,17,9,0,75.66054270473211,27.77777777777778,21.11111111111111,66,12,29.85
2020-03-05 07:46:00,..\..\Data\Data HCM\_MNR_SENSOR_DATA_\emotion_tags\image_tag,22895-44678-1583369274.jpg,5.0,4.0,5.0,5.0,4.0,3.0,3.0,4.0,93.0,28.0,0.0,0.0,0.0,1.0,0.0,1.0,2.3962253816710355,8,6,0,77.65994934795228,27.77777777777778,21.11111111111111,66,12,29.85
2020-03-05 07:50:00,..\..\Data\Data HCM\_MNR_SENSOR_DATA_\emotion_tags\image_tag,22895-44678-1583369481.jpg,2.0,3.0,5.0,5.0,4.0,4.0,2.0,4.0,98.0,29.0,0.0,0.0,0.0,1.0,0.0,1.0,2.3962253816710355,21,5,0,78.81789901899899,27.77777777777778,21.11111111111111,66,12,29.85
2020-03-05 07:53:00,..\..\Data\Data HCM\_MNR_SENSOR_DATA_\emotion_tags\image_tag,22895-44678-1583369646.jpg,2.0,3.0,5.0,5.0,4.0,4.0,2.0,4.0,99.0,29.0,0.0,0.0,0.0,1.0,0.0,1.0,2.3962253816710355,17,3,0,84.0480996472712,27.77777777777778,21.11111111111111,66,12,29.85
2020-03-05 07:56:00,..\..\Data\Data HCM\_MNR_SENSOR_DATA_\emotion_tags\image_tag,22895-44678-1583369857.jpg,2.0,2.0,5.0,5.0,4.0,2.0,4.0,3.0,99.0,29.0,0.0,0.0,0.0,1.0,0.0,1.0,4.167300647663692,16,4,0,82.13628115415517,27.77777777777778,21.11111111111111,66,12,29.85
2020-03-05 08:03:00,..\..\Data\Data HCM\_MNR_SENSOR_DATA_\emotion_tags\image_tag,22895-44678-1583370247.jpg,4.0,4.0,5.0,5.0,4.0,4.0,1.0,4.0,99.0,30.0,0.0,0.0,0.0,1.0,0.0,1.0,4.167300647663692,8,8,3,85.1217046581113,27.77777777777778,21.11111111111111,66,8,29.85
2020-03-05 08:05:00,..\..\Data\Data HCM\_MNR_SENSOR_DATA_\emotion_tags\image_tag,22895-44678-1583370384.jpg,4.0,4.0,5.0,5.0,4.0,4.0,2.0,4.0,99.0,29.0,0.0,0.0,0.0,1.0,0.0,1.0,4.167300647663692,9,8,0,73.60795459769047,27.77777777777778,21.11111111111111,66,8,29.85
2020-03-05 08:11:00,..\..\Data\Data HCM\_MNR_SENSOR_DATA_\emotion_tags\image_tag,22895-44678-1583370733.jpg,1.0,3.0,2.0,2.0,4.0,4.0,2.0,4.0,99.0,29.0,0.0,0.0,0.0,1.0,0.0,1.0,5.218414939998898,5,7,2,71.21781861730692,27.77777777777778,21.11111111111111,66,8,29.85
2020-03-05 08:18:00,..\..\Data\Data HCM\_MNR_SENSOR_DATA_\emotion_tags\image_tag,22895-44678-1583371111.jpg,1.0,2.0,5.0,5.0,4.0,4.0,3.0,4.0,98.0,29.0,0.0,0.0,0.0,1.0,0.0,1.0,5.218414939998898,16,3,0,71.15260681930788,27.77777777777778,21.11111111111111,66,8,29.85
2020-03-05 08:21:00,..\..\Data\Data HCM\_MNR_SENSOR_DATA_\emotion_tags\image_tag,22895-44678-1583371338.jpg,3.0,3.0,4.0,4.0,4.0,3.0,2.0,3.0,97.0,30.0,0.0,0.0,0.0,1.0,0.0,1.0,5.218414939998898,6,5,2,61.9120949273811,27.77777777777778,21.11111111111111,66,8,29.85
2020-03-05 08:26:00,..\..\Data\Data HCM\_MNR_SENSOR_DATA_\emotion_tags\image_tag,22895-44678-1583371591.jpg,1.0,2.0,4.0,4.0,4.0,3.0,3.0,3.0,99.0,30.0,0.0,0.0,0.0,1.0,0.0,1.0,5.218414939998898,10,10,1,61.849425350125244,27.77777777777778,21.11111111111111,66,8,29.85
2020-03-05 08:31:00,..\..\Data\Data HCM\_MNR_SENSOR_DATA_\emotion_tags\image_tag,22895-44678-1583371913.jpg,2.0,3.0,4.0,4.0,4.0,4.0,2.0,4.0,99.0,30.0,0.0,0.0,0.0,1.0,0.0,1.0,2.6858064801412755,7,4,1,75.9122489433148,28.88888888888889,21.11111111111111,62,10,29.88
2020-03-05 08:34:00,..\..\Data\Data HCM\_MNR_SENSOR_DATA_\emotion_tags\image_tag,22895-44678-1583372099.jpg,2.0,3.0,5.0,5.0,4.0,4.0,2.0,3.0,87.0,31.0,0.0,0.0,0.0,1.0,0.0,1.0,2.6858064801412755,13,8,3,73.1678538903337,28.88888888888889,21.11111111111111,62,10,29.88
2020-03-05 08:37:00,..\..\Data\Data HCM\_MNR_SENSOR_DATA_\emotion_tags\image_tag,22895-44678-1583372274.jpg,2.0,2.0,5.0,5.0,4.0,3.0,2.0,3.0,86.0,32.0,0.0,0.0,0.0,1.0,0.0,1.0,2.6858064801412755,8,10,3,61.844330881975814,28.88888888888889,21.11111111111111,62,10,29.88
2020-03-05 12:02:00,..\..\Data\Data HCM\_MNR_SENSOR_DATA_\emotion_tags\image_tag,22895-44678-1583384603.jpg,4.0,3.0,5.0,5.0,2.0,2.0,4.0,2.0,34.0,40.0,0.0,1.0,0.0,0.0,1.0,0.0,2.5528369548051204,3,6,4,53.39391572832095,32.77777777777778,17.77777777777778,41,8,29.82
2020-03-05 12:05:00,..\..\Data\Data HCM\_MNR_SENSOR_DATA_\emotion_tags\image_tag,22895-44678-1583384795.jpg,2.0,2.0,5.0,5.0,2.0,2.0,4.0,3.0,33.0,41.0,0.0,1.0,0.0,0.0,1.0,0.0,2.5528369548051204,8,9,1,57.34793540530162,32.77777777777778,17.77777777777778,41,8,29.82
2020-03-05 12:09:00,..\..\Data\Data HCM\_MNR_SENSOR_DATA_\emotion_tags\image_tag,22895-44678-1583385000.jpg,2.0,2.0,5.0,5.0,2.0,2.0,4.0,2.0,52.0,42.0,1.0,1.0,0.0,0.0,1.0,0.0,2.5528369548051204,1,1,2,59.58461133091162,32.77777777777778,17.77777777777778,41,8,29.82
2020-03-05 12:10:00,..\..\Data\Data HCM\_MNR_SENSOR_DATA_\emotion_tags\image_tag,22895-44678-1583385085.jpg,2.0,2.0,5.0,5.0,2.0,2.0,4.0,2.0,51.0,42.0,1.0,1.0,0.0,0.0,1.0,0.0,2.5528369548051204,6,4,6,54.54170894703271,32.77777777777778,17.77777777777778,41,8,29.82
2020-03-05 12:14:00,..\..\Data\Data HCM\_MNR_SENSOR_DATA_\emotion_tags\image_tag,22895-44678-1583385326.jpg,4.0,4.0,3.0,3.0,3.0,3.0,3.0,3.0,57.0,38.0,0.0,1.0,0.0,0.0,1.0,0.0,2.5528369548051204,3,2,2,57.78732072260425,32.77777777777778,17.77777777777778,41,8,29.82
2020-03-05 12:17:00,..\..\Data\Data HCM\_MNR_SENSOR_DATA_\emotion_tags\image_tag,22895-44678-1583385491.jpg,4.0,3.0,4.0,3.0,3.0,3.0,4.0,3.0,62.0,36.0,0.0,1.0,0.0,0.0,1.0,0.0,4.8259398802743165,8,5,2,67.77327150395948,32.77777777777778,17.77777777777778,41,8,29.82
2020-03-05 12:20:00,..\..\Data\Data HCM\_MNR_SENSOR_DATA_\emotion_tags\image_tag,22895-44678-1583385678.jpg,4.0,3.0,4.0,4.0,3.0,3.0,3.0,3.0,65.0,37.0,0.0,1.0,0.0,0.0,1.0,0.0,4.8259398802743165,8,8,1,76.48173260731609,32.77777777777778,17.77777777777778,41,8,29.82
2020-03-05 12:27:00,..\..\Data\Data HCM\_MNR_SENSOR_DATA_\emotion_tags\image_tag,22895-44678-1583386103.jpg,1.0,2.0,3.0,3.0,3.0,3.0,3.0,3.0,59.0,36.0,0.0,1.0,0.0,0.0,1.0,0.0,4.8259398802743165,7,3,1,60.334940744775174,32.77777777777778,17.77777777777778,41,8,29.82
2020-03-05 12:35:00,..\..\Data\Data HCM\_MNR_SENSOR_DATA_\emotion_tags\image_tag,22895-44678-1583386534.jpg,2.0,3.0,3.0,3.0,3.0,3.0,3.0,3.0,59.0,37.0,0.0,1.0,0.0,0.0,1.0,0.0,3.202561632503542,4,6,1,66.90363629721024,33.888888888888886,17.77777777777778,38,8,29.79
2020-03-05 12:38:00,..\..\Data\Data HCM\_MNR_SENSOR_DATA_\emotion_tags\image_tag,22895-44678-1583386731.jpg,1.0,2.0,4.0,3.0,2.0,2.0,4.0,2.0,59.0,37.0,0.0,1.0,0.0,0.0,1.0,0.0,3.202561632503542,5,2,0,71.5708005138687,33.888888888888886,17.77777777777778,38,8,29.79
2020-03-05 12:42:00,..\..\Data\Data HCM\_MNR_SENSOR_DATA_\emotion_tags\image_tag,22895-44678-1583386953.jpg,2.0,2.0,3.0,3.0,2.0,2.0,4.0,2.0,61.0,37.0,0.0,1.0,0.0,0.0,1.0,0.0,3.202561632503542,8,8,1,73.85870250229516,33.888888888888886,17.77777777777778,38,8,29.79
2020-03-05 12:44:00,..\..\Data\Data HCM\_MNR_SENSOR_DATA_\emotion_tags\image_tag,22895-44678-1583387116.jpg,3.0,3.0,4.0,4.0,2.0,2.0,4.0,2.0,60.0,38.0,1.0,1.0,0.0,0.0,1.0,0.0,3.202561632503542,9,7,1,66.99635874589437,33.888888888888886,17.77777777777778,38,8,29.79
2020-03-05 16:54:00,..\..\Data\Data HCM\_MNR_SENSOR_DATA_\emotion_tags\image_tag,22895-44678-1583402086.jpg,4.0,3.0,5.0,5.0,4.0,4.0,3.0,4.0,90.0,31.0,0.0,0.0,1.0,0.0,0.0,1.0,2.599931392339044,8,9,1,57.50146634424007,31.11111111111111,18.88888888888889,49,10,29.73
2020-03-05 16:57:00,..\..\Data\Data HCM\_MNR_SENSOR_DATA_\emotion_tags\image_tag,22895-44678-1583402260.jpg,2.0,3.0,5.0,5.0,4.0,4.0,3.0,4.0,90.0,31.0,0.0,0.0,1.0,0.0,0.0,1.0,2.599931392339044,8,4,1,73.3586632111335,31.11111111111111,18.88888888888889,49,10,29.73
2020-03-05 17:00:00,..\..\Data\Data HCM\_MNR_SENSOR_DATA_\emotion_tags\image_tag,22895-44678-1583402536.jpg,2.0,3.0,5.0,5.0,4.0,3.0,3.0,3.0,89.0,31.0,0.0,0.0,1.0,0.0,0.0,1.0,2.599931392339044,9,6,3,74.58439785637607,31.11111111111111,20.0,52,10,29.76
2020-03-05 17:04:00,..\..\Data\Data HCM\_MNR_SENSOR_DATA_\emotion_tags\image_tag,22895-44678-1583402712.jpg,2.0,3.0,5.0,5.0,4.0,4.0,3.0,4.0,91.0,32.0,0.0,0.0,1.0,0.0,0.0,1.0,2.599931392339044,8,6,1,66.39910363572474,31.11111111111111,20.0,52,10,29.76
2020-03-05 17:10:00,..\..\Data\Data HCM\_MNR_SENSOR_DATA_\emotion_tags\image_tag,22895-44678-1583403043.jpg,4.0,4.0,5.0,5.0,4.0,3.0,3.0,4.0,91.0,32.0,0.0,0.0,1.0,0.0,0.0,1.0,4.839458770895119,8,5,3,73.14441111939658,31.11111111111111,20.0,52,10,29.76
2020-03-05 17:12:00,..\..\Data\Data HCM\_MNR_SENSOR_DATA_\emotion_tags\image_tag,22895-44678-1583403184.jpg,4.0,4.0,5.0,5.0,4.0,4.0,3.0,4.0,91.0,31.0,0.0,0.0,1.0,0.0,0.0,1.0,4.839458770895119,14,6,0,63.035896886597754,31.11111111111111,20.0,52,10,29.76
2020-03-05 17:16:00,..\..\Data\Data HCM\_MNR_SENSOR_DATA_\emotion_tags\image_tag,22895-44678-1583403397.jpg,1.0,2.0,3.0,3.0,4.0,4.0,3.0,4.0,92.0,31.0,0.0,0.0,1.0,0.0,0.0,1.0,4.839458770895119,4,4,2,63.671335543988455,31.11111111111111,20.0,52,10,29.76
2020-03-05 17:17:00,..\..\Data\Data HCM\_MNR_SENSOR_DATA_\emotion_tags\image_tag,22895-44678-1583403488.jpg,1.0,2.0,5.0,5.0,4.0,4.0,3.0,4.0,91.0,30.0,0.0,0.0,1.0,0.0,0.0,1.0,4.839458770895119,4,6,3,84.26388282816629,31.11111111111111,20.0,52,10,29.76
2020-03-05 17:25:00,..\..\Data\Data HCM\_MNR_SENSOR_DATA_\emotion_tags\image_tag,22895-44678-1583403934.jpg,2.0,3.0,4.0,4.0,4.0,4.0,3.0,3.0,97.0,31.0,0.0,0.0,1.0,0.0,0.0,1.0,4.839458770895119,7,7,1,81.12843375389916,31.11111111111111,20.0,52,10,29.76
2020-03-05 17:33:00,..\..\Data\Data HCM\_MNR_SENSOR_DATA_\emotion_tags\image_tag,22895-44678-1583404433.jpg,2.0,3.0,5.0,5.0,3.0,3.0,3.0,3.0,96.0,31.0,0.0,0.0,1.0,0.0,0.0,1.0,2.8132697916396303,1,2,4,83.02619115566003,30.0,21.11111111111111,58,8,29.76
2020-03-05 17:37:00,..\..\Data\Data HCM\_MNR_SENSOR_DATA_\emotion_tags\image_tag,22895-44678-1583404640.jpg,2.0,3.0,5.0,5.0,4.0,4.0,3.0,3.0,97.0,31.0,0.0,0.0,1.0,0.0,0.0,1.0,2.8132697916396303,2,2,2,76.8837775232099,30.0,21.11111111111111,58,8,29.76
2020-03-05 17:42:00,..\..\Data\Data HCM\_MNR_SENSOR_DATA_\emotion_tags\image_tag,22895-44678-1583404959.jpg,3.0,3.0,5.0,5.0,4.0,4.0,3.0,4.0,99.0,32.0,0.0,0.0,1.0,0.0,0.0,1.0,2.8132697916396303,8,7,2,76.45411363994427,30.0,21.11111111111111,58,8,29.76
2020-03-06 07:42:00,..\..\Data\Data HCM\_MNR_SENSOR_DATA_\emotion_tags\image_tag,22895-44678-1583455349.jpg,4.0,4.0,5.0,5.0,4.0,3.0,2.0,4.0,79.0,30.0,0.0,0.0,0.0,1.0,0.0,1.0,2.243503123996724,5,6,0,72.6468159475676,27.22222222222222,21.11111111111111,70,9,29.88
2020-03-06 07:45:00,..\..\Data\Data HCM\_MNR_SENSOR_DATA_\emotion_tags\image_tag,22895-44678-1583455542.jpg,4.0,4.0,5.0,5.0,4.0,4.0,2.0,4.0,79.0,29.0,0.0,0.0,0.0,1.0,0.0,1.0,2.243503123996724,13,6,1,62.47704389932435,27.22222222222222,21.11111111111111,70,9,29.88
2020-03-06 07:49:00,..\..\Data\Data HCM\_MNR_SENSOR_DATA_\emotion_tags\image_tag,22895-44678-1583455816.jpg,2.0,3.0,5.0,5.0,4.0,4.0,2.0,4.0,79.0,28.0,0.0,0.0,0.0,1.0,0.0,1.0,2.243503123996724,8,3,3,69.02727555581849,27.22222222222222,21.11111111111111,70,9,29.88
2020-03-06 07:52:00,..\..\Data\Data HCM\_MNR_SENSOR_DATA_\emotion_tags\image_tag,22895-44678-1583455947.jpg,2.0,3.0,4.0,4.0,4.0,4.0,3.0,3.0,99.0,28.0,0.0,0.0,0.0,1.0,0.0,1.0,2.243503123996724,12,14,1,71.83792717147796,27.22222222222222,21.11111111111111,70,9,29.88
2020-03-06 07:53:00,..\..\Data\Data HCM\_MNR_SENSOR_DATA_\emotion_tags\image_tag,22895-44678-1583456037.jpg,2.0,3.0,5.0,5.0,4.0,4.0,3.0,3.0,99.0,28.0,0.0,0.0,0.0,1.0,0.0,1.0,2.243503123996724,12,6,0,78.3341264554597,27.22222222222222,21.11111111111111,70,9,29.88
2020-03-06 07:59:00,..\..\Data\Data HCM\_MNR_SENSOR_DATA_\emotion_tags\image_tag,22895-44678-1583456394.jpg,4.0,4.0,3.0,3.0,4.0,4.0,1.0,4.0,99.0,28.0,0.0,0.0,0.0,1.0,0.0,1.0,4.711184626438512,8,7,0,68.2372867877969,27.22222222222222,21.11111111111111,70,9,29.88
2020-03-06 08:02:00,..\..\Data\Data HCM\_MNR_SENSOR_DATA_\emotion_tags\image_tag,22895-44678-1583456575.jpg,4.0,4.0,3.0,3.0,4.0,4.0,2.0,4.0,99.0,29.0,0.0,0.0,0.0,1.0,0.0,1.0,4.711184626438512,10,5,1,82.0575995425069,27.77777777777778,21.11111111111111,66,10,29.91
2020-03-06 08:04:00,..\..\Data\Data HCM\_MNR_SENSOR_DATA_\emotion_tags\image_tag,22895-44678-1583456715.jpg,4.0,3.0,5.0,5.0,4.0,3.0,3.0,4.0,99.0,29.0,0.0,0.0,0.0,1.0,0.0,1.0,4.711184626438512,12,5,1,83.86756404839545,27.77777777777778,21.11111111111111,66,10,29.91
2020-03-06 08:08:00,..\..\Data\Data HCM\_MNR_SENSOR_DATA_\emotion_tags\image_tag,22895-44678-1583456928.jpg,1.0,2.0,4.0,4.0,3.0,3.0,3.0,3.0,99.0,29.0,0.0,0.0,0.0,1.0,0.0,1.0,4.711184626438512,7,6,1,67.9149908660697,27.77777777777778,21.11111111111111,66,10,29.91
2020-03-06 08:13:00,..\..\Data\Data HCM\_MNR_SENSOR_DATA_\emotion_tags\image_tag,22895-44678-1583457249.jpg,1.0,2.0,3.0,3.0,3.0,3.0,3.0,3.0,99.0,30.0,0.0,0.0,0.0,1.0,0.0,1.0,4.711184626438512,17,3,0,72.86516397281412,27.77777777777778,21.11111111111111,66,10,29.91
2020-03-06 08:20:00,..\..\Data\Data HCM\_MNR_SENSOR_DATA_\emotion_tags\image_tag,22895-44678-1583457647.jpg,1.0,2.0,5.0,5.0,4.0,3.0,3.0,4.0,99.0,30.0,0.0,0.0,0.0,1.0,0.0,1.0,4.151392006493408,10,9,1,71.44649916066867,27.77777777777778,21.11111111111111,66,10,29.91
2020-03-06 08:25:00,..\..\Data\Data HCM\_MNR_SENSOR_DATA_\emotion_tags\image_tag,22895-44678-1583457934.jpg,1.0,2.0,4.0,4.0,4.0,3.0,3.0,4.0,99.0,30.0,0.0,0.0,0.0,1.0,0.0,1.0,4.151392006493408,7,5,0,74.90579132263393,27.77777777777778,21.11111111111111,66,10,29.91
2020-03-06 08:28:00,..\..\Data\Data HCM\_MNR_SENSOR_DATA_\emotion_tags\image_tag,22895-44678-1583458123.jpg,2.0,3.0,5.0,5.0,4.0,3.0,3.0,3.0,99.0,30.0,0.0,0.0,0.0,1.0,0.0,1.0,4.151392006493408,12,9,1,80.17144692205702,27.77777777777778,21.11111111111111,66,10,29.91
2020-03-06 08:31:00,..\..\Data\Data HCM\_MNR_SENSOR_DATA_\emotion_tags\image_tag,22895-44678-1583458311.jpg,3.0,3.0,5.0,5.0,4.0,3.0,3.0,3.0,99.0,30.0,0.0,0.0,0.0,1.0,0.0,1.0,2.239732525739396,4,8,1,72.03454434751616,27.77777777777778,21.11111111111111,66,8,29.91
2020-03-06 12:02:00,..\..\Data\Data HCM\_MNR_SENSOR_DATA_\emotion_tags\image_tag,22895-44678-1583470979.jpg,4.0,4.0,5.0,5.0,4.0,3.0,3.0,4.0,73.0,35.0,0.0,1.0,0.0,0.0,1.0,0.0,2.3067698539339285,5,1,5,56.3442759026632,32.22222222222222,18.88888888888889,46,8,29.91
2020-03-06 12:04:00,..\..\Data\Data HCM\_MNR_SENSOR_DATA_\emotion_tags\image_tag,22895-44678-1583471117.jpg,4.0,3.0,5.0,5.0,4.0,3.0,3.0,4.0,71.0,34.0,0.0,1.0,0.0,0.0,1.0,0.0,2.3067698539339285,2,1,1,55.4230479197335,32.22222222222222,18.88888888888889,46,8,29.91
2020-03-06 12:08:00,..\..\Data\Data HCM\_MNR_SENSOR_DATA_\emotion_tags\image_tag,22895-44678-1583471359.jpg,2.0,3.0,5.0,5.0,3.0,3.0,3.0,3.0,79.0,34.0,0.0,1.0,0.0,0.0,1.0,0.0,2.3067698539339285,2,2,2,71.3923275005082,32.22222222222222,18.88888888888889,46,8,29.91
2020-03-06 12:10:00,..\..\Data\Data HCM\_MNR_SENSOR_DATA_\emotion_tags\image_tag,22895-44678-1583471469.jpg,2.0,3.0,4.0,4.0,3.0,4.0,3.0,3.0,80.0,35.0,0.0,1.0,0.0,0.0,1.0,0.0,2.3067698539339285,5,0,2,65.0202204129689,32.22222222222222,18.88888888888889,46,8,29.91
2020-03-06 12:13:00,..\..\Data\Data HCM\_MNR_SENSOR_DATA_\emotion_tags\image_tag,22895-44678-1583471651.jpg,2.0,3.0,4.0,4.0,3.0,3.0,3.0,3.0,87.0,35.0,0.0,1.0,0.0,0.0,1.0,0.0,2.3067698539339285,5,2,0,63.69310167080552,32.22222222222222,18.88888888888889,46,8,29.91
2020-03-06 12:18:00,..\..\Data\Data HCM\_MNR_SENSOR_DATA_\emotion_tags\image_tag,22895-44678-1583471936.jpg,4.0,4.0,2.0,2.0,4.0,4.0,3.0,4.0,86.0,34.0,0.0,1.0,0.0,0.0,1.0,0.0,4.656438270009697,3,3,0,69.33686636657707,32.22222222222222,18.88888888888889,46,8,29.91
2020-03-06 12:21:00,..\..\Data\Data HCM\_MNR_SENSOR_DATA_\emotion_tags\image_tag,22895-44678-1583472085.jpg,4.0,3.0,4.0,4.0,3.0,3.0,3.0,3.0,85.0,35.0,0.0,1.0,0.0,0.0,1.0,0.0,4.656438270009697,6,5,1,64.5821361690097,32.22222222222222,18.88888888888889,46,8,29.91
2020-03-06 12:25:00,..\..\Data\Data HCM\_MNR_SENSOR_DATA_\emotion_tags\image_tag,22895-44678-1583472379.jpg,4.0,3.0,4.0,4.0,3.0,3.0,3.0,3.0,81.0,36.0,0.0,1.0,0.0,0.0,1.0,0.0,4.656438270009697,9,8,2,56.415526347249795,32.22222222222222,18.88888888888889,46,8,29.91
2020-03-06 12:29:00,..\..\Data\Data HCM\_MNR_SENSOR_DATA_\emotion_tags\image_tag,22895-44678-1583472596.jpg,1.0,2.0,3.0,3.0,2.0,2.0,4.0,2.0,76.0,37.0,0.0,1.0,0.0,0.0,1.0,0.0,4.656438270009697,5,5,0,61.15309427904485,32.22222222222222,18.88888888888889,46,8,29.91
2020-03-06 12:33:00,..\..\Data\Data HCM\_MNR_SENSOR_DATA_\emotion_tags\image_tag,22895-44678-1583472856.jpg,1.0,2.0,3.0,3.0,2.0,2.0,4.0,3.0,76.0,39.0,1.0,1.0,0.0,0.0,1.0,0.0,4.7285630203567335,3,5,1,57.71177393110736,33.888888888888886,17.77777777777778,38,7,29.88
2020-03-06 12:38:00,..\..\Data\Data HCM\_MNR_SENSOR_DATA_\emotion_tags\image_tag,22895-44678-1583473129.jpg,2.0,3.0,3.0,3.0,2.0,2.0,4.0,2.0,75.0,41.0,1.0,1.0,0.0,0.0,1.0,0.0,4.7285630203567335,6,7,0,59.57614018786828,33.888888888888886,17.77777777777778,38,7,29.88
2020-03-06 12:42:00,..\..\Data\Data HCM\_MNR_SENSOR_DATA_\emotion_tags\image_tag,22895-44678-1583473362.jpg,1.0,3.0,4.0,4.0,2.0,2.0,4.0,2.0,80.0,38.0,0.0,1.0,0.0,0.0,1.0,0.0,4.7285630203567335,5,8,2,61.68383611189682,33.888888888888886,17.77777777777778,38,7,29.88
2020-03-06 12:46:00,..\..\Data\Data HCM\_MNR_SENSOR_DATA_\emotion_tags\image_tag,22895-44678-1583473619.jpg,2.0,3.0,4.0,4.0,2.0,2.0,4.0,2.0,79.0,38.0,0.0,1.0,0.0,0.0,1.0,0.0,4.7285630203567335,4,6,1,66.38802588054347,33.888888888888886,17.77777777777778,38,7,29.88
2020-03-06 12:50:00,..\..\Data\Data HCM\_MNR_SENSOR_DATA_\emotion_tags\image_tag,22895-44678-1583473865.jpg,2.0,3.0,4.0,4.0,3.0,3.0,3.0,3.0,78.0,38.0,0.0,1.0,0.0,0.0,1.0,0.0,2.537797568519468,8,6,3,68.78685804293653,33.888888888888886,17.77777777777778,38,7,29.88
2020-03-06 12:53:00,..\..\Data\Data HCM\_MNR_SENSOR_DATA_\emotion_tags\image_tag,22895-44678-1583474020.jpg,2.0,3.0,4.0,4.0,3.0,3.0,3.0,3.0,78.0,35.0,0.0,1.0,0.0,0.0,1.0,0.0,2.537797568519468,6,3,2,73.11475717717286,33.888888888888886,17.77777777777778,38,7,29.88
2020-03-06 16:54:00,..\..\Data\Data HCM\_MNR_SENSOR_DATA_\emotion_tags\image_tag,22895-44678-1583488526.jpg,2.0,3.0,5.0,5.0,3.0,3.0,3.0,3.0,63.0,33.0,0.0,0.0,1.0,0.0,0.0,1.0,2.2325097531474354,8,9,2,71.84411678283129,32.22222222222222,17.77777777777778,43,9,29.79
2020-03-06 16:57:00,..\..\Data\Data HCM\_MNR_SENSOR_DATA_\emotion_tags\image_tag,22895-44678-1583488712.jpg,5.0,4.0,5.0,5.0,4.0,4.0,2.0,4.0,62.0,33.0,0.0,0.0,1.0,0.0,0.0,1.0,2.2325097531474354,10,8,1,58.43889291975702,32.22222222222222,17.77777777777778,43,9,29.79
2020-03-06 17:00:00,..\..\Data\Data HCM\_MNR_SENSOR_DATA_\emotion_tags\image_tag,22895-44678-1583488851.jpg,4.0,3.0,4.0,4.0,4.0,4.0,2.0,4.0,63.0,31.0,0.0,0.0,1.0,0.0,0.0,1.0,2.2325097531474354,4,5,3,69.62008425478871,31.11111111111111,17.77777777777778,46,8,29.79
2020-03-06 17:05:00,..\..\Data\Data HCM\_MNR_SENSOR_DATA_\emotion_tags\image_tag,22895-44678-1583489217.jpg,2.0,3.0,5.0,5.0,4.0,3.0,3.0,4.0,63.0,33.0,0.0,0.0,1.0,0.0,0.0,1.0,2.2325097531474354,8,7,2,76.51707917168501,31.11111111111111,17.77777777777778,46,8,29.79
2020-03-06 17:08:00,..\..\Data\Data HCM\_MNR_SENSOR_DATA_\emotion_tags\image_tag,22895-44678-1583489318.jpg,2.0,3.0,5.0,5.0,4.0,3.0,4.0,2.0,71.0,31.0,0.0,0.0,1.0,0.0,0.0,1.0,2.2325097531474354,5,5,3,66.41108291818189,31.11111111111111,17.77777777777778,46,8,29.79
2020-03-06 17:17:00,..\..\Data\Data HCM\_MNR_SENSOR_DATA_\emotion_tags\image_tag,22895-44678-1583489910.jpg,4.0,3.0,5.0,5.0,4.0,4.0,3.0,3.0,72.0,31.0,0.0,0.0,1.0,0.0,0.0,1.0,4.802869606416861,11,3,4,68.94007242511631,31.11111111111111,17.77777777777778,46,8,29.79
2020-03-06 17:21:00,..\..\Data\Data HCM\_MNR_SENSOR_DATA_\emotion_tags\image_tag,22895-44678-1583490130.jpg,1.0,2.0,5.0,5.0,4.0,3.0,3.0,3.0,71.0,30.0,0.0,0.0,1.0,0.0,0.0,1.0,4.802869606416861,8,8,0,80.65201924554042,31.11111111111111,17.77777777777778,46,8,29.79
2020-03-06 17:26:00,..\..\Data\Data HCM\_MNR_SENSOR_DATA_\emotion_tags\image_tag,22895-44678-1583490440.jpg,1.0,3.0,4.0,4.0,3.0,3.0,4.0,3.0,72.0,31.0,0.0,0.0,1.0,0.0,0.0,1.0,4.802869606416861,8,11,3,79.22984004197151,31.11111111111111,17.77777777777778,46,8,29.79
2020-03-06 17:31:00,..\..\Data\Data HCM\_MNR_SENSOR_DATA_\emotion_tags\image_tag,22895-44678-1583490732.jpg,2.0,3.0,4.0,4.0,4.0,4.0,3.0,4.0,71.0,31.0,0.0,0.0,1.0,0.0,0.0,1.0,4.802869606416861,12,8,1,78.11146356181064,30.0,17.77777777777778,48,10,29.79
2020-03-06 17:35:00,..\..\Data\Data HCM\_MNR_SENSOR_DATA_\emotion_tags\image_tag,22895-44678-1583490992.jpg,1.0,2.0,4.0,4.0,4.0,4.0,3.0,3.0,71.0,30.0,0.0,0.0,1.0,0.0,0.0,1.0,3.957380709538033,15,5,1,69.19380437935008,30.0,17.77777777777778,48,10,29.79
2020-03-06 17:39:00,..\..\Data\Data HCM\_MNR_SENSOR_DATA_\emotion_tags\image_tag,22895-44678-1583491226.jpg,1.0,3.0,4.0,4.0,3.0,3.0,4.0,3.0,72.0,30.0,0.0,0.0,1.0,0.0,0.0,1.0,3.957380709538033,8,7,0,71.35023357305005,30.0,17.77777777777778,48,10,29.79
2020-03-06 17:42:00,..\..\Data\Data HCM\_MNR_SENSOR_DATA_\emotion_tags\image_tag,22895-44678-1583491375.jpg,2.0,2.0,5.0,5.0,3.0,3.0,3.0,4.0,71.0,31.0,0.0,0.0,1.0,0.0,0.0,1.0,3.957380709538033,8,12,0,74.89606366848638,30.0,17.77777777777778,48,10,29.79
2020-03-06 17:48:00,..\..\Data\Data HCM\_MNR_SENSOR_DATA_\emotion_tags\image_tag,22895-44678-1583491739.jpg,3.0,3.0,5.0,5.0,4.0,4.0,4.0,2.0,72.0,32.0,0.0,0.0,1.0,0.0,0.0,1.0,2.2426532004420485,10,10,0,79.7017473399432,30.0,17.77777777777778,48,10,29.79
