timestamp,day,month,year,time,partofday,is_RushHour,distance_to_airport,image_folder_path,image,lat,lon,greenness degree,cleanliness degree,crowdedness degree,noisy degree,skin feeling degree,stress degree,personal aqi degree,safety degree,hum,tem,uv
2020-02-28 07:53:00,28,2,2020,07:53:00,Morning,Rush hour,2.6238310895191885,..\..\Data\Data HCM\_MNR_SENSOR_DATA_\emotion_tags\image_tag,22646-44678-1582851237.jpg,10.79441173161828,106.65040819775152,3.0,3.0,4.0,3.0,2.0,3.0,3.0,3.0,82.0,28.0,0.0
2020-02-28 07:58:00,28,2,2020,07:58:00,Morning,Rush hour,2.3072409411780925,..\..\Data\Data HCM\_MNR_SENSOR_DATA_\emotion_tags\image_tag,22646-44678-1582851567.jpg,10.800867864858212,106.66308647864956,5.0,4.0,3.0,3.0,2.0,3.0,4.0,4.0,79.0,27.0,0.0
2020-02-28 08:02:00,28,2,2020,08:02:00,Morning,Rush hour,2.3072409411780925,..\..\Data\Data HCM\_MNR_SENSOR_DATA_\emotion_tags\image_tag,22646-44678-1582852124.jpg,10.800867864858212,106.66308647864956,2.0,4.0,3.0,3.0,4.0,3.0,3.0,3.0,81.0,27.0,0.0
2020-02-28 08:13:00,28,2,2020,08:13:00,Morning,Rush hour,4.1986102909017635,..\..\Data\Data HCM\_MNR_SENSOR_DATA_\emotion_tags\image_tag,22646-44678-1582852513.jpg,10.792992824177766,106.67996873978755,2.0,3.0,4.0,3.0,3.0,3.0,3.0,2.0,82.0,27.0,0.0
2020-02-28 08:17:00,28,2,2020,08:17:00,Morning,Rush hour,4.1986102909017635,..\..\Data\Data HCM\_MNR_SENSOR_DATA_\emotion_tags\image_tag,22646-44678-1582852742.jpg,10.792992824177766,106.67996873978755,5.0,5.0,3.0,3.0,4.0,4.0,4.0,4.0,80.0,28.0,0.0
2020-02-28 08:23:00,28,2,2020,08:23:00,Morning,Rush hour,4.1986102909017635,..\..\Data\Data HCM\_MNR_SENSOR_DATA_\emotion_tags\image_tag,22646-44678-1582853035.jpg,10.792992824177766,106.67996873978755,4.0,4.0,3.0,2.0,4.0,4.0,4.0,4.0,80.0,29.0,0.0
2020-02-28 08:26:00,28,2,2020,08:26:00,Morning,Rush hour,4.1986102909017635,..\..\Data\Data HCM\_MNR_SENSOR_DATA_\emotion_tags\image_tag,22646-44678-1582853243.jpg,10.792992824177766,106.67996873978755,3.0,3.0,3.0,3.0,3.0,3.0,3.0,3.0,77.0,29.0,0.0
2020-02-28 08:32:00,28,2,2020,08:32:00,Morning,Rush hour,5.147828680575264,..\..\Data\Data HCM\_MNR_SENSOR_DATA_\emotion_tags\image_tag,22646-44678-1582853636.jpg,10.78024281481843,106.67844114010794,3.0,4.0,2.0,2.0,4.0,4.0,4.0,4.0,77.0,30.0,0.0
2020-02-28 08:42:00,28,2,2020,08:42:00,Morning,Rush hour,5.147828680575264,..\..\Data\Data HCM\_MNR_SENSOR_DATA_\emotion_tags\image_tag,22646-44678-1582854208.jpg,10.78024281481843,106.67844114010794,4.0,4.0,3.0,3.0,3.0,4.0,4.0,4.0,71.0,28.0,0.0
2020-02-28 08:50:00,28,2,2020,08:50:00,Morning,Rush hour,2.9644894088849076,..\..\Data\Data HCM\_MNR_SENSOR_DATA_\emotion_tags\image_tag,22646-44678-1582854750.jpg,10.7916977780714,106.6556175441572,2.0,3.0,4.0,4.0,3.0,2.0,2.0,1.0,70.0,29.0,0.0
2020-02-28 12:21:00,28,2,2020,12:21:00,Afternoon,Not rush hour,2.5927916196567753,..\..\Data\Data HCM\_MNR_SENSOR_DATA_\emotion_tags\image_tag,22646-44678-1582867379.jpg,10.80036345473306,106.66669662260568,4.0,3.0,4.0,4.0,2.0,2.0,2.0,2.0,65.0,34.0,0.0
2020-02-28 12:26:00,28,2,2020,12:26:00,Afternoon,Not rush hour,2.5927916196567753,..\..\Data\Data HCM\_MNR_SENSOR_DATA_\emotion_tags\image_tag,22646-44678-1582867614.jpg,10.80036345473306,106.66669662260568,2.0,2.0,3.0,3.0,2.0,2.0,2.0,2.0,61.0,37.0,0.0
2020-02-28 12:29:00,28,2,2020,12:29:00,Afternoon,Not rush hour,2.5927916196567753,..\..\Data\Data HCM\_MNR_SENSOR_DATA_\emotion_tags\image_tag,22646-44678-1582867879.jpg,10.80036345473306,106.66669662260568,2.0,2.0,3.0,3.0,2.0,2.0,2.0,2.0,68.0,37.0,0.0
2020-02-28 12:40:00,28,2,2020,12:40:00,Afternoon,Not rush hour,4.832087982081859,..\..\Data\Data HCM\_MNR_SENSOR_DATA_\emotion_tags\image_tag,22646-44678-1582868441.jpg,10.786155005474631,106.681269972246,2.0,2.0,2.0,2.0,2.0,2.0,2.0,2.0,69.0,35.0,0.0
2020-02-28 12:42:00,28,2,2020,12:42:00,Afternoon,Not rush hour,4.832087982081859,..\..\Data\Data HCM\_MNR_SENSOR_DATA_\emotion_tags\image_tag,22646-44678-1582868630.jpg,10.786155005474631,106.681269972246,2.0,2.0,2.0,3.0,2.0,2.0,2.0,2.0,66.0,36.0,0.0
2020-02-28 12:47:00,28,2,2020,12:47:00,Afternoon,Not rush hour,4.832087982081859,..\..\Data\Data HCM\_MNR_SENSOR_DATA_\emotion_tags\image_tag,22646-44678-1582868906.jpg,10.786155005474631,106.681269972246,1.0,1.0,3.0,3.0,1.0,2.0,2.0,1.0,59.0,37.0,0.0
2020-02-28 12:52:00,28,2,2020,12:52:00,Afternoon,Not rush hour,4.832087982081859,..\..\Data\Data HCM\_MNR_SENSOR_DATA_\emotion_tags\image_tag,22646-44678-1582869209.jpg,10.786155005474631,106.681269972246,1.0,1.0,4.0,4.0,1.0,1.0,1.0,1.0,57.0,40.0,0.0
2020-02-28 12:57:00,28,2,2020,12:57:00,Afternoon,Not rush hour,4.715755772923994,..\..\Data\Data HCM\_MNR_SENSOR_DATA_\emotion_tags\image_tag,22646-44678-1582869512.jpg,10.781918736184744,106.6738588829587,2.0,2.0,3.0,3.0,1.0,1.0,1.0,1.0,67.0,42.0,0.0
2020-02-28 13:02:00,28,2,2020,13:02:00,Afternoon,Not rush hour,4.715755772923994,..\..\Data\Data HCM\_MNR_SENSOR_DATA_\emotion_tags\image_tag,22646-44678-1582869765.jpg,10.781918736184744,106.6738588829587,1.0,1.0,3.0,3.0,1.0,1.0,1.0,1.0,62.0,41.0,0.0
2020-02-28 13:05:00,28,2,2020,13:05:00,Afternoon,Not rush hour,4.715755772923994,..\..\Data\Data HCM\_MNR_SENSOR_DATA_\emotion_tags\image_tag,22646-44678-1582869983.jpg,10.781918736184744,106.6738588829587,2.0,2.0,4.0,4.0,1.0,1.0,1.0,1.0,63.0,40.0,0.0
2020-02-28 13:09:00,28,2,2020,13:09:00,Afternoon,Not rush hour,2.835925083910866,..\..\Data\Data HCM\_MNR_SENSOR_DATA_\emotion_tags\image_tag,22646-44678-1582870193.jpg,10.792613937701237,106.65369334006887,2.0,2.0,4.0,3.0,2.0,2.0,2.0,1.0,59.0,41.0,0.0
2020-02-28 13:11:00,28,2,2020,13:11:00,Afternoon,Not rush hour,2.835925083910866,..\..\Data\Data HCM\_MNR_SENSOR_DATA_\emotion_tags\image_tag,22646-44678-1582870322.jpg,10.792613937701237,106.65369334006887,2.0,2.0,3.0,3.0,2.0,2.0,2.0,3.0,63.0,40.0,0.0
2020-02-28 13:14:00,28,2,2020,13:14:00,Afternoon,Not rush hour,2.835925083910866,..\..\Data\Data HCM\_MNR_SENSOR_DATA_\emotion_tags\image_tag,22646-44678-1582870522.jpg,10.792613937701237,106.65369334006887,2.0,2.0,4.0,4.0,2.0,2.0,2.0,2.0,60.0,43.0,0.0
2020-02-28 13:17:00,28,2,2020,13:17:00,Afternoon,Not rush hour,2.835925083910866,..\..\Data\Data HCM\_MNR_SENSOR_DATA_\emotion_tags\image_tag,22646-44678-1582870693.jpg,10.792613937701237,106.65369334006887,2.0,2.0,4.0,4.0,3.0,2.0,2.0,2.0,53.0,41.0,0.0
2020-02-28 13:19:00,28,2,2020,13:19:00,Afternoon,Not rush hour,2.835925083910866,..\..\Data\Data HCM\_MNR_SENSOR_DATA_\emotion_tags\image_tag,22646-44678-1582870770.jpg,10.792613937701237,106.65369334006887,2.0,2.0,4.0,3.0,2.0,2.0,2.0,2.0,53.0,44.0,0.0
2020-02-28 13:20:00,28,2,2020,13:20:00,Afternoon,Not rush hour,2.835925083910866,..\..\Data\Data HCM\_MNR_SENSOR_DATA_\emotion_tags\image_tag,22646-44678-1582870864.jpg,10.792613937701237,106.65369334006887,2.0,2.0,3.0,3.0,2.0,2.0,2.0,2.0,53.0,44.0,0.0
2020-02-28 16:49:00,28,2,2020,16:49:00,Evening,Rush hour,2.396749478841821,..\..\Data\Data HCM\_MNR_SENSOR_DATA_\emotion_tags\image_tag,22646-44678-1582883410.jpg,10.79755438208182,106.65812168246569,2.0,2.0,4.0,4.0,4.0,3.0,3.0,3.0,64.0,32.0,0.0
2020-02-28 16:53:00,28,2,2020,16:53:00,Evening,Rush hour,2.396749478841821,..\..\Data\Data HCM\_MNR_SENSOR_DATA_\emotion_tags\image_tag,22646-44678-1582884005.jpg,10.79755438208182,106.65812168246569,4.0,3.0,4.0,4.0,4.0,4.0,3.0,3.0,61.0,32.0,0.0
2020-02-28 17:04:00,28,2,2020,17:04:00,Evening,Rush hour,2.8237396544475883,..\..\Data\Data HCM\_MNR_SENSOR_DATA_\emotion_tags\image_tag,22646-44678-1582884324.jpg,10.799521888614118,106.66890175521743,3.0,3.0,4.0,4.0,4.0,4.0,4.0,4.0,43.0,32.0,0.0
2020-02-28 17:07:00,28,2,2020,17:07:00,Evening,Rush hour,2.8237396544475883,..\..\Data\Data HCM\_MNR_SENSOR_DATA_\emotion_tags\image_tag,22646-44678-1582884453.jpg,10.799521888614118,106.66890175521743,3.0,3.0,4.0,4.0,4.0,3.0,3.0,3.0,42.0,32.0,0.0
2020-02-28 17:09:00,28,2,2020,17:09:00,Evening,Rush hour,2.8237396544475883,..\..\Data\Data HCM\_MNR_SENSOR_DATA_\emotion_tags\image_tag,22646-44678-1582884593.jpg,10.799521888614118,106.66890175521743,3.0,2.0,4.0,4.0,4.0,3.0,3.0,3.0,42.0,32.0,0.0
2020-02-28 17:14:00,28,2,2020,17:14:00,Evening,Rush hour,2.8237396544475883,..\..\Data\Data HCM\_MNR_SENSOR_DATA_\emotion_tags\image_tag,22646-44678-1582884894.jpg,10.799521888614118,106.66890175521743,3.0,3.0,4.0,4.0,4.0,3.0,3.0,3.0,46.0,32.0,0.0
2020-02-28 17:15:00,28,2,2020,17:15:00,Evening,Rush hour,2.8237396544475883,..\..\Data\Data HCM\_MNR_SENSOR_DATA_\emotion_tags\image_tag,22646-44678-1582884978.jpg,10.799521888614118,106.66890175521743,2.0,2.0,5.0,4.0,4.0,3.0,3.0,3.0,46.0,31.0,0.0
2020-02-28 17:16:00,28,2,2020,17:16:00,Evening,Rush hour,2.8237396544475883,..\..\Data\Data HCM\_MNR_SENSOR_DATA_\emotion_tags\image_tag,22646-44678-1582885075.jpg,10.799521888614118,106.66890175521743,2.0,2.0,4.0,4.0,4.0,3.0,3.0,3.0,47.0,31.0,0.0
2020-02-28 17:23:00,28,2,2020,17:23:00,Evening,Rush hour,4.811684359158321,..\..\Data\Data HCM\_MNR_SENSOR_DATA_\emotion_tags\image_tag,22646-44678-1582885456.jpg,10.786499850197325,106.68137185031206,2.0,3.0,4.0,4.0,4.0,3.0,3.0,3.0,49.0,32.0,0.0
2020-02-28 17:35:00,28,2,2020,17:35:00,Evening,Rush hour,4.811684359158321,..\..\Data\Data HCM\_MNR_SENSOR_DATA_\emotion_tags\image_tag,22646-44678-1582886144.jpg,10.786499850197325,106.68137185031206,1.0,2.0,4.0,4.0,3.0,2.0,2.0,2.0,48.0,31.0,0.0
2020-02-28 17:40:00,28,2,2020,17:40:00,Evening,Rush hour,3.9730203380555835,..\..\Data\Data HCM\_MNR_SENSOR_DATA_\emotion_tags\image_tag,22646-44678-1582886448.jpg,10.785778832623672,106.66689124467048,1.0,2.0,4.0,4.0,4.0,3.0,3.0,3.0,48.0,31.0,0.0
2020-02-28 17:43:00,28,2,2020,17:43:00,Evening,Rush hour,3.9730203380555835,..\..\Data\Data HCM\_MNR_SENSOR_DATA_\emotion_tags\image_tag,22646-44678-1582886641.jpg,10.785778832623672,106.66689124467048,2.0,2.0,4.0,4.0,4.0,3.0,3.0,3.0,50.0,31.0,0.0
2020-02-28 17:46:00,28,2,2020,17:46:00,Evening,Rush hour,3.9730203380555835,..\..\Data\Data HCM\_MNR_SENSOR_DATA_\emotion_tags\image_tag,22646-44678-1582886834.jpg,10.785778832623672,106.66689124467048,1.0,2.0,4.0,4.0,4.0,3.0,3.0,3.0,50.0,31.0,0.0
2020-02-28 17:52:00,28,2,2020,17:52:00,Evening,Rush hour,3.9730203380555835,..\..\Data\Data HCM\_MNR_SENSOR_DATA_\emotion_tags\image_tag,22646-44678-1582887201.jpg,10.785778832623672,106.66689124467048,1.0,2.0,3.0,3.0,4.0,3.0,3.0,3.0,52.0,31.0,0.0
2020-02-28 17:59:00,28,2,2020,17:59:00,Evening,Rush hour,2.240871711588565,..\..\Data\Data HCM\_MNR_SENSOR_DATA_\emotion_tags\image_tag,22646-44678-1582887563.jpg,10.80026385456556,106.66091167676935,2.0,2.0,5.0,5.0,4.0,3.0,3.0,3.0,54.0,31.0,0.0
2020-02-29 09:06:00,29,2,2020,09:06:00,Morning,Rush hour,3.3680460040654734,..\..\Data\Data HCM\_MNR_SENSOR_DATA_\emotion_tags\image_tag,22646-44678-1582942069.jpg,10.789130008135004,106.6605040426802,2.0,3.0,3.0,3.0,4.0,3.0,3.0,3.0,67.0,32.0,0.0
2020-02-29 09:11:00,29,2,2020,09:11:00,Morning,Rush hour,3.3680460040654734,..\..\Data\Data HCM\_MNR_SENSOR_DATA_\emotion_tags\image_tag,22646-44678-1582942310.jpg,10.789130008135004,106.6605040426802,2.0,3.0,3.0,3.0,4.0,3.0,3.0,3.0,67.0,32.0,0.0
2020-02-29 09:15:00,29,2,2020,09:15:00,Morning,Rush hour,3.3680460040654734,..\..\Data\Data HCM\_MNR_SENSOR_DATA_\emotion_tags\image_tag,22646-44678-1582942547.jpg,10.789130008135004,106.6605040426802,1.0,2.0,3.0,4.0,4.0,4.0,4.0,3.0,67.0,32.0,0.0
2020-02-29 09:20:00,29,2,2020,09:20:00,Morning,Rush hour,3.3680460040654734,..\..\Data\Data HCM\_MNR_SENSOR_DATA_\emotion_tags\image_tag,22646-44678-1582942848.jpg,10.789130008135004,106.6605040426802,2.0,3.0,3.0,3.0,4.0,3.0,3.0,3.0,67.0,32.0,0.0
2020-02-29 09:23:00,29,2,2020,09:23:00,Morning,Rush hour,5.225498068981291,..\..\Data\Data HCM\_MNR_SENSOR_DATA_\emotion_tags\image_tag,22646-44678-1582943064.jpg,10.779504969183831,106.67860975634892,1.0,2.0,3.0,3.0,3.0,3.0,3.0,3.0,67.0,32.0,0.0
2020-02-29 09:25:00,29,2,2020,09:25:00,Morning,Rush hour,5.225498068981291,..\..\Data\Data HCM\_MNR_SENSOR_DATA_\emotion_tags\image_tag,22646-44678-1582943159.jpg,10.779504969183831,106.67860975634892,1.0,2.0,3.0,3.0,4.0,4.0,3.0,3.0,67.0,32.0,0.0
2020-02-29 09:28:00,29,2,2020,09:28:00,Morning,Rush hour,5.225498068981291,..\..\Data\Data HCM\_MNR_SENSOR_DATA_\emotion_tags\image_tag,22646-44678-1582943347.jpg,10.779504969183831,106.67860975634892,3.0,4.0,3.0,3.0,4.0,4.0,4.0,4.0,67.0,32.0,0.0
2020-02-29 09:30:00,29,2,2020,09:30:00,Morning,Rush hour,5.225498068981291,..\..\Data\Data HCM\_MNR_SENSOR_DATA_\emotion_tags\image_tag,22646-44678-1582943483.jpg,10.779504969183831,106.67860975634892,4.0,4.0,3.0,3.0,5.0,4.0,4.0,4.0,67.0,32.0,0.0
2020-02-29 09:33:00,29,2,2020,09:33:00,Morning,Rush hour,5.225498068981291,..\..\Data\Data HCM\_MNR_SENSOR_DATA_\emotion_tags\image_tag,22646-44678-1582943661.jpg,10.779504969183831,106.67860975634892,4.0,4.0,3.0,2.0,5.0,4.0,4.0,4.0,67.0,32.0,0.0
2020-02-29 09:37:00,29,2,2020,09:37:00,Morning,Rush hour,5.225498068981291,..\..\Data\Data HCM\_MNR_SENSOR_DATA_\emotion_tags\image_tag,22646-44678-1582943904.jpg,10.779504969183831,106.67860975634892,5.0,5.0,2.0,2.0,5.0,4.0,4.0,4.0,67.0,32.0,0.0
2020-02-29 09:41:00,29,2,2020,09:41:00,Morning,Rush hour,4.311316225966489,..\..\Data\Data HCM\_MNR_SENSOR_DATA_\emotion_tags\image_tag,22646-44678-1582944101.jpg,10.792409561457292,106.68082080300844,3.0,3.0,4.0,4.0,3.0,3.0,3.0,3.0,67.0,32.0,0.0
2020-02-29 09:42:00,29,2,2020,09:42:00,Morning,Rush hour,4.311316225966489,..\..\Data\Data HCM\_MNR_SENSOR_DATA_\emotion_tags\image_tag,22646-44678-1582944174.jpg,10.792409561457292,106.68082080300844,3.0,3.0,4.0,4.0,3.0,3.0,3.0,3.0,67.0,32.0,0.0
2020-02-29 09:44:00,29,2,2020,09:44:00,Morning,Rush hour,4.311316225966489,..\..\Data\Data HCM\_MNR_SENSOR_DATA_\emotion_tags\image_tag,22646-44678-1582944290.jpg,10.792409561457292,106.68082080300844,3.0,3.0,4.0,4.0,3.0,3.0,3.0,3.0,67.0,32.0,0.0
2020-02-29 09:48:00,29,2,2020,09:48:00,Morning,Rush hour,4.311316225966489,..\..\Data\Data HCM\_MNR_SENSOR_DATA_\emotion_tags\image_tag,22646-44678-1582944548.jpg,10.792409561457292,106.68082080300844,3.0,3.0,4.0,4.0,3.0,3.0,3.0,3.0,67.0,32.0,0.0
2020-02-29 09:52:00,29,2,2020,09:52:00,Morning,Rush hour,4.311316225966489,..\..\Data\Data HCM\_MNR_SENSOR_DATA_\emotion_tags\image_tag,22646-44678-1582944781.jpg,10.792409561457292,106.68082080300844,2.0,3.0,4.0,4.0,3.0,3.0,3.0,3.0,67.0,32.0,0.0
2020-02-29 09:54:00,29,2,2020,09:54:00,Morning,Rush hour,4.311316225966489,..\..\Data\Data HCM\_MNR_SENSOR_DATA_\emotion_tags\image_tag,22646-44678-1582944934.jpg,10.792409561457292,106.68082080300844,5.0,4.0,3.0,3.0,4.0,4.0,4.0,4.0,67.0,32.0,0.0
2020-02-29 09:59:00,29,2,2020,09:59:00,Morning,Rush hour,2.242408859973279,..\..\Data\Data HCM\_MNR_SENSOR_DATA_\emotion_tags\image_tag,22646-44678-1582945174.jpg,10.800943660141465,106.66212324283812,3.0,3.0,4.0,4.0,3.0,3.0,3.0,3.0,67.0,32.0,0.0
2020-02-29 10:10:00,29,2,2020,10:10:00,Morning,Not rush hour,2.242408859973279,..\..\Data\Data HCM\_MNR_SENSOR_DATA_\emotion_tags\image_tag,22646-44678-1582945856.jpg,10.800943660141465,106.66212324283812,2.0,3.0,4.0,4.0,3.0,3.0,3.0,3.0,67.0,32.0,0.0
2020-02-29 10:14:00,29,2,2020,10:14:00,Morning,Not rush hour,2.4014782464947233,..\..\Data\Data HCM\_MNR_SENSOR_DATA_\emotion_tags\image_tag,22646-44678-1582946109.jpg,10.797465803930649,106.6579867331018,2.0,3.0,4.0,4.0,3.0,3.0,3.0,3.0,67.0,32.0,0.0
2020-02-29 10:19:00,29,2,2020,10:19:00,Morning,Not rush hour,2.4014782464947233,..\..\Data\Data HCM\_MNR_SENSOR_DATA_\emotion_tags\image_tag,22646-44678-1582946373.jpg,10.797465803930649,106.6579867331018,5.0,4.0,4.0,4.0,3.0,3.0,3.0,4.0,67.0,32.0,0.0
2020-02-29 11:58:00,29,2,2020,11:58:00,Morning,Not rush hour,2.3965662184675907,..\..\Data\Data HCM\_MNR_SENSOR_DATA_\emotion_tags\image_tag,22646-44678-1582952394.jpg,10.797508412003904,106.65797469225878,2.0,3.0,4.0,4.0,2.0,2.0,2.0,2.0,61.0,39.0,1.0
2020-02-29 12:03:00,29,2,2020,12:03:00,Afternoon,Not rush hour,2.3965662184675907,..\..\Data\Data HCM\_MNR_SENSOR_DATA_\emotion_tags\image_tag,22646-44678-1582952644.jpg,10.797508412003904,106.65797469225878,4.0,3.0,4.0,4.0,2.0,3.0,3.0,3.0,54.0,42.0,1.0
2020-02-29 12:07:00,29,2,2020,12:07:00,Afternoon,Not rush hour,2.3965662184675907,..\..\Data\Data HCM\_MNR_SENSOR_DATA_\emotion_tags\image_tag,22646-44678-1582952894.jpg,10.797508412003904,106.65797469225878,2.0,2.0,4.0,4.0,2.0,2.0,2.0,2.0,52.0,38.0,0.0
2020-02-29 12:14:00,29,2,2020,12:14:00,Afternoon,Not rush hour,4.454291201033603,..\..\Data\Data HCM\_MNR_SENSOR_DATA_\emotion_tags\image_tag,22646-44678-1582953284.jpg,10.791598214050481,106.6818374762212,3.0,3.0,3.0,3.0,3.0,3.0,3.0,3.0,51.0,42.0,0.0
2020-02-29 12:17:00,29,2,2020,12:17:00,Afternoon,Not rush hour,4.454291201033603,..\..\Data\Data HCM\_MNR_SENSOR_DATA_\emotion_tags\image_tag,22646-44678-1582953500.jpg,10.791598214050481,106.6818374762212,3.0,3.0,4.0,4.0,2.0,3.0,2.0,2.0,58.0,39.0,0.0
2020-02-29 12:21:00,29,2,2020,12:21:00,Afternoon,Not rush hour,4.454291201033603,..\..\Data\Data HCM\_MNR_SENSOR_DATA_\emotion_tags\image_tag,22646-44678-1582953687.jpg,10.791598214050481,106.6818374762212,3.0,2.0,3.0,3.0,2.0,2.0,3.0,3.0,47.0,41.0,1.0
2020-02-29 12:29:00,29,2,2020,12:29:00,Afternoon,Not rush hour,3.960083573718105,..\..\Data\Data HCM\_MNR_SENSOR_DATA_\emotion_tags\image_tag,22646-44678-1582954218.jpg,10.785841847381327,106.66675078303729,2.0,2.0,4.0,4.0,2.0,2.0,2.0,2.0,57.0,40.0,1.0
2020-02-29 12:41:00,29,2,2020,12:41:00,Afternoon,Not rush hour,3.960083573718105,..\..\Data\Data HCM\_MNR_SENSOR_DATA_\emotion_tags\image_tag,22646-44678-1582954884.jpg,10.785841847381327,106.66675078303729,2.0,2.0,4.0,4.0,2.0,2.0,2.0,2.0,57.0,43.0,1.0
2020-02-29 12:44:00,29,2,2020,12:44:00,Afternoon,Not rush hour,3.960083573718105,..\..\Data\Data HCM\_MNR_SENSOR_DATA_\emotion_tags\image_tag,22646-44678-1582955090.jpg,10.785841847381327,106.66675078303729,2.0,2.0,4.0,4.0,2.0,2.0,2.0,2.0,61.0,40.0,0.0
2020-02-29 16:43:00,29,2,2020,16:43:00,Evening,Rush hour,2.7791099888271966,..\..\Data\Data HCM\_MNR_SENSOR_DATA_\emotion_tags\image_tag,22646-44678-1582969430.jpg,10.793068097214148,106.65299095807742,2.0,3.0,4.0,4.0,3.0,3.0,3.0,3.0,63.0,40.0,1.0
2020-02-29 16:48:00,29,2,2020,16:48:00,Evening,Rush hour,2.7791099888271966,..\..\Data\Data HCM\_MNR_SENSOR_DATA_\emotion_tags\image_tag,22646-44678-1582969765.jpg,10.793068097214148,106.65299095807742,1.0,3.0,3.0,3.0,3.0,3.0,3.0,3.0,75.0,32.0,0.0
2020-02-29 16:55:00,29,2,2020,16:55:00,Evening,Rush hour,2.7791099888271966,..\..\Data\Data HCM\_MNR_SENSOR_DATA_\emotion_tags\image_tag,22646-44678-1582970150.jpg,10.793068097214148,106.65299095807742,1.0,3.0,4.0,4.0,4.0,4.0,4.0,4.0,73.0,32.0,0.0
2020-02-29 17:02:00,29,2,2020,17:02:00,Evening,Rush hour,5.223817080153297,..\..\Data\Data HCM\_MNR_SENSOR_DATA_\emotion_tags\image_tag,22646-44678-1582970563.jpg,10.779523540138056,106.67860992102017,1.0,2.0,4.0,4.0,4.0,3.0,3.0,3.0,71.0,32.0,0.0
2020-02-29 17:10:00,29,2,2020,17:10:00,Evening,Rush hour,5.223817080153297,..\..\Data\Data HCM\_MNR_SENSOR_DATA_\emotion_tags\image_tag,22646-44678-1582971092.jpg,10.779523540138056,106.67860992102017,3.0,4.0,3.0,3.0,4.0,4.0,4.0,4.0,72.0,31.0,0.0
2020-02-29 17:14:00,29,2,2020,17:14:00,Evening,Rush hour,5.223817080153297,..\..\Data\Data HCM\_MNR_SENSOR_DATA_\emotion_tags\image_tag,22646-44678-1582971430.jpg,10.779523540138056,106.67860992102017,2.0,3.0,5.0,5.0,4.0,3.0,3.0,3.0,71.0,31.0,0.0
2020-02-29 17:23:00,29,2,2020,17:23:00,Evening,Rush hour,2.781255131426577,..\..\Data\Data HCM\_MNR_SENSOR_DATA_\emotion_tags\image_tag,22646-44678-1582971903.jpg,10.799847526943317,106.66868621654136,3.0,4.0,5.0,5.0,5.0,4.0,4.0,4.0,74.0,31.0,0.0
2020-02-29 17:29:00,29,2,2020,17:29:00,Evening,Rush hour,2.781255131426577,..\..\Data\Data HCM\_MNR_SENSOR_DATA_\emotion_tags\image_tag,22646-44678-1582972209.jpg,10.799847526943317,106.66868621654136,2.0,3.0,5.0,5.0,4.0,3.0,3.0,3.0,76.0,31.0,0.0
2020-02-29 17:46:00,29,2,2020,17:46:00,Evening,Rush hour,1.8260832463959416,..\..\Data\Data HCM\_MNR_SENSOR_DATA_\emotion_tags\image_tag,22646-44678-1582973264.jpg,10.801600740035367,106.65021691900873,2.0,3.0,5.0,5.0,4.0,4.0,4.0,4.0,91.0,32.0,0.0
2020-02-29 18:01:00,29,2,2020,18:01:00,Evening,Rush hour,1.8260832463959416,..\..\Data\Data HCM\_MNR_SENSOR_DATA_\emotion_tags\image_tag,22646-44678-1582974128.jpg,10.801600740035367,106.65021691900873,3.0,4.0,2.0,2.0,4.0,4.0,4.0,4.0,91.0,32.0,0.0
2020-03-01 07:51:00,1,3,2020,07:51:00,Morning,Rush hour,1.794260863451812,..\..\Data\Data HCM\_MNR_SENSOR_DATA_\emotion_tags\image_tag,22646-44678-1583024044.jpg,10.801865360709655,106.6507630516837,2.0,3.0,4.0,4.0,4.0,4.0,4.0,4.0,91.0,32.0,0.0
2020-03-01 07:59:00,1,3,2020,07:59:00,Morning,Rush hour,1.794260863451812,..\..\Data\Data HCM\_MNR_SENSOR_DATA_\emotion_tags\image_tag,22646-44678-1583024419.jpg,10.801865360709655,106.6507630516837,4.0,4.0,3.0,3.0,4.0,4.0,4.0,4.0,86.0,30.0,0.0
2020-03-01 08:04:00,1,3,2020,08:04:00,Morning,Rush hour,1.794260863451812,..\..\Data\Data HCM\_MNR_SENSOR_DATA_\emotion_tags\image_tag,22646-44678-1583024716.jpg,10.801865360709655,106.6507630516837,2.0,3.0,3.0,3.0,4.0,4.0,4.0,4.0,85.0,29.0,0.0
2020-03-01 08:10:00,1,3,2020,08:10:00,Morning,Rush hour,4.190769802088731,..\..\Data\Data HCM\_MNR_SENSOR_DATA_\emotion_tags\image_tag,22646-44678-1583025022.jpg,10.793094980564303,106.6799647556387,2.0,3.0,3.0,3.0,4.0,4.0,4.0,4.0,85.0,30.0,0.0
2020-03-01 08:15:00,1,3,2020,08:15:00,Morning,Rush hour,4.190769802088731,..\..\Data\Data HCM\_MNR_SENSOR_DATA_\emotion_tags\image_tag,22646-44678-1583025380.jpg,10.793094980564303,106.6799647556387,4.0,4.0,2.0,2.0,4.0,4.0,4.0,4.0,86.0,29.0,0.0
2020-03-01 08:21:00,1,3,2020,08:21:00,Morning,Rush hour,4.190769802088731,..\..\Data\Data HCM\_MNR_SENSOR_DATA_\emotion_tags\image_tag,22646-44678-1583025698.jpg,10.793094980564303,106.6799647556387,1.0,3.0,2.0,2.0,4.0,4.0,4.0,4.0,88.0,29.0,0.0
2020-03-01 08:31:00,1,3,2020,08:31:00,Morning,Rush hour,3.400195833711558,..\..\Data\Data HCM\_MNR_SENSOR_DATA_\emotion_tags\image_tag,22646-44678-1583026326.jpg,10.788941976309259,106.66086907206328,2.0,3.0,2.0,2.0,4.0,4.0,4.0,4.0,85.0,30.0,0.0
2020-03-01 08:35:00,1,3,2020,08:35:00,Morning,Rush hour,3.400195833711558,..\..\Data\Data HCM\_MNR_SENSOR_DATA_\emotion_tags\image_tag,22646-44678-1583026568.jpg,10.788941976309259,106.66086907206328,2.0,4.0,2.0,2.0,4.0,4.0,4.0,4.0,85.0,31.0,0.0
2020-03-01 08:40:00,1,3,2020,08:40:00,Morning,Rush hour,3.400195833711558,..\..\Data\Data HCM\_MNR_SENSOR_DATA_\emotion_tags\image_tag,22646-44678-1583026874.jpg,10.788941976309259,106.66086907206328,3.0,3.0,2.0,2.0,4.0,4.0,3.0,3.0,82.0,31.0,0.0
2020-03-01 08:42:00,1,3,2020,08:42:00,Morning,Rush hour,3.400195833711558,..\..\Data\Data HCM\_MNR_SENSOR_DATA_\emotion_tags\image_tag,22646-44678-1583027018.jpg,10.788941976309259,106.66086907206328,3.0,3.0,3.0,3.0,3.0,3.0,3.0,3.0,79.0,33.0,0.0
2020-03-01 08:47:00,1,3,2020,08:47:00,Morning,Rush hour,1.8283233477342271,..\..\Data\Data HCM\_MNR_SENSOR_DATA_\emotion_tags\image_tag,22646-44678-1583027284.jpg,10.801927769975233,106.64761619045585,2.0,3.0,3.0,3.0,3.0,3.0,3.0,3.0,79.0,33.0,0.0
2020-03-01 08:51:00,1,3,2020,08:51:00,Morning,Rush hour,1.8283233477342271,..\..\Data\Data HCM\_MNR_SENSOR_DATA_\emotion_tags\image_tag,22646-44678-1583027499.jpg,10.801927769975233,106.64761619045585,2.0,2.0,3.0,3.0,3.0,3.0,3.0,3.0,79.0,33.0,0.0
2020-03-01 08:53:00,1,3,2020,08:53:00,Morning,Rush hour,1.8283233477342271,..\..\Data\Data HCM\_MNR_SENSOR_DATA_\emotion_tags\image_tag,22646-44678-1583027643.jpg,10.801927769975233,106.64761619045585,2.0,3.0,3.0,2.0,3.0,3.0,3.0,3.0,79.0,33.0,0.0
2020-03-01 08:56:00,1,3,2020,08:56:00,Morning,Rush hour,1.8283233477342271,..\..\Data\Data HCM\_MNR_SENSOR_DATA_\emotion_tags\image_tag,22646-44678-1583027812.jpg,10.801927769975233,106.64761619045585,3.0,3.0,2.0,2.0,3.0,3.0,3.0,3.0,79.0,33.0,0.0
2020-03-01 08:58:00,1,3,2020,08:58:00,Morning,Rush hour,1.8283233477342271,..\..\Data\Data HCM\_MNR_SENSOR_DATA_\emotion_tags\image_tag,22646-44678-1583027956.jpg,10.801927769975233,106.64761619045585,2.0,2.0,2.0,2.0,3.0,3.0,3.0,3.0,79.0,33.0,0.0
2020-03-01 09:01:00,1,3,2020,09:01:00,Morning,Rush hour,1.8283233477342271,..\..\Data\Data HCM\_MNR_SENSOR_DATA_\emotion_tags\image_tag,22646-44678-1583028136.jpg,10.801927769975233,106.64761619045585,2.0,2.0,3.0,3.0,3.0,3.0,3.0,4.0,79.0,33.0,0.0
2020-03-01 09:55:00,1,3,2020,09:55:00,Morning,Rush hour,1.6115426957382748,..\..\Data\Data HCM\_MNR_SENSOR_DATA_\emotion_tags\image_tag,22646-44678-1583031355.jpg,10.81987893747486,106.63653380299624,5.0,5.0,5.0,5.0,5.0,5.0,5.0,5.0,79.0,33.0,0.0
2020-03-01 12:10:00,1,3,2020,12:10:00,Afternoon,Not rush hour,2.1319780909505783,..\..\Data\Data HCM\_MNR_SENSOR_DATA_\emotion_tags\image_tag,22895-44678-1583039519.jpg,10.804339064505646,106.63746410814105,3.0,3.0,4.0,4.0,2.0,2.0,3.0,3.0,79.0,33.0,0.0
2020-03-01 12:13:00,1,3,2020,12:13:00,Afternoon,Not rush hour,2.1319780909505783,..\..\Data\Data HCM\_MNR_SENSOR_DATA_\emotion_tags\image_tag,22895-44678-1583039664.jpg,10.804339064505646,106.63746410814105,2.0,3.0,3.0,3.0,3.0,3.0,3.0,3.0,79.0,33.0,0.0
2020-03-01 12:21:00,1,3,2020,12:21:00,Afternoon,Not rush hour,2.1319780909505783,..\..\Data\Data HCM\_MNR_SENSOR_DATA_\emotion_tags\image_tag,22895-44678-1583040123.jpg,10.804339064505646,106.63746410814105,3.0,3.0,4.0,4.0,2.0,3.0,3.0,3.0,79.0,33.0,0.0
2020-03-01 12:23:00,1,3,2020,12:23:00,Afternoon,Not rush hour,2.1319780909505783,..\..\Data\Data HCM\_MNR_SENSOR_DATA_\emotion_tags\image_tag,22895-44678-1583040280.jpg,10.804339064505646,106.63746410814105,4.0,4.0,3.0,3.0,3.0,3.0,3.0,3.0,76.0,39.0,0.0
2020-03-01 12:26:00,1,3,2020,12:26:00,Afternoon,Not rush hour,2.6140294579587295,..\..\Data\Data HCM\_MNR_SENSOR_DATA_\emotion_tags\image_tag,22895-44678-1583040452.jpg,10.800338651196103,106.666963517453,3.0,3.0,3.0,3.0,3.0,3.0,3.0,3.0,76.0,39.0,0.0
2020-03-01 12:30:00,1,3,2020,12:30:00,Afternoon,Not rush hour,2.6140294579587295,..\..\Data\Data HCM\_MNR_SENSOR_DATA_\emotion_tags\image_tag,22895-44678-1583040727.jpg,10.800338651196103,106.666963517453,2.0,2.0,2.0,3.0,2.0,2.0,2.0,2.0,77.0,39.0,0.0
2020-03-01 12:45:00,1,3,2020,12:45:00,Afternoon,Not rush hour,4.152886072072368,..\..\Data\Data HCM\_MNR_SENSOR_DATA_\emotion_tags\image_tag,22895-44678-1583041534.jpg,10.793272240416488,106.679661460944,2.0,2.0,3.0,3.0,2.0,2.0,2.0,2.0,77.0,39.0,0.0
2020-03-01 12:51:00,1,3,2020,12:51:00,Afternoon,Not rush hour,4.152886072072368,..\..\Data\Data HCM\_MNR_SENSOR_DATA_\emotion_tags\image_tag,22895-44678-1583041931.jpg,10.793272240416488,106.679661460944,3.0,2.0,2.0,2.0,2.0,2.0,2.0,2.0,77.0,39.0,0.0
2020-03-01 13:00:00,1,3,2020,13:00:00,Afternoon,Not rush hour,4.337645201450138,..\..\Data\Data HCM\_MNR_SENSOR_DATA_\emotion_tags\image_tag,22895-44678-1583042466.jpg,10.783880949629529,106.670422036011,1.0,1.0,2.0,2.0,1.0,2.0,2.0,2.0,77.0,39.0,0.0
2020-03-01 13:08:00,1,3,2020,13:08:00,Afternoon,Not rush hour,4.337645201450138,..\..\Data\Data HCM\_MNR_SENSOR_DATA_\emotion_tags\image_tag,22895-44678-1583042937.jpg,10.783880949629529,106.670422036011,1.0,1.0,2.0,2.0,2.0,2.0,2.0,2.0,77.0,39.0,0.0
2020-03-01 13:12:00,1,3,2020,13:12:00,Afternoon,Not rush hour,4.337645201450138,..\..\Data\Data HCM\_MNR_SENSOR_DATA_\emotion_tags\image_tag,22895-44678-1583043197.jpg,10.783880949629529,106.670422036011,1.0,2.0,2.0,2.0,2.0,2.0,2.0,2.0,77.0,39.0,0.0
2020-03-01 13:19:00,1,3,2020,13:19:00,Afternoon,Not rush hour,2.3985156189070276,..\..\Data\Data HCM\_MNR_SENSOR_DATA_\emotion_tags\image_tag,22895-44678-1583043576.jpg,10.797489806299437,106.65797417948734,2.0,2.0,3.0,3.0,2.0,2.0,2.0,2.0,77.0,39.0,0.0
2020-03-01 13:23:00,1,3,2020,13:23:00,Afternoon,Not rush hour,2.3985156189070276,..\..\Data\Data HCM\_MNR_SENSOR_DATA_\emotion_tags\image_tag,22895-44678-1583043843.jpg,10.797489806299437,106.65797417948734,2.0,2.0,3.0,3.0,2.0,2.0,2.0,2.0,77.0,39.0,0.0
2020-03-01 13:31:00,1,3,2020,13:31:00,Afternoon,Not rush hour,2.3985156189070276,..\..\Data\Data HCM\_MNR_SENSOR_DATA_\emotion_tags\image_tag,22895-44678-1583044293.jpg,10.797489806299437,106.65797417948734,1.0,2.0,3.0,3.0,2.0,2.0,2.0,2.0,77.0,39.0,0.0
2020-03-01 13:33:00,1,3,2020,13:33:00,Afternoon,Not rush hour,2.3985156189070276,..\..\Data\Data HCM\_MNR_SENSOR_DATA_\emotion_tags\image_tag,22895-44678-1583044455.jpg,10.797489806299437,106.65797417948734,2.0,3.0,3.0,3.0,3.0,3.0,3.0,3.0,77.0,39.0,0.0
2020-03-01 13:36:00,1,3,2020,13:36:00,Afternoon,Not rush hour,2.056950113872088,..\..\Data\Data HCM\_MNR_SENSOR_DATA_\emotion_tags\image_tag,22895-44678-1583044627.jpg,10.81356779267345,106.63287864750387,1.0,1.0,4.0,3.0,2.0,2.0,2.0,2.0,77.0,39.0,0.0
2020-03-01 16:50:00,1,3,2020,16:50:00,Evening,Rush hour,2.396681937392536,..\..\Data\Data HCM\_MNR_SENSOR_DATA_\emotion_tags\image_tag,22895-44678-1583056257.jpg,10.79755220182098,106.65811308715078,2.0,3.0,4.0,4.0,3.0,3.0,3.0,3.0,81.0,34.0,0.0
2020-03-01 16:56:00,1,3,2020,16:56:00,Evening,Rush hour,2.396681937392536,..\..\Data\Data HCM\_MNR_SENSOR_DATA_\emotion_tags\image_tag,22895-44678-1583056620.jpg,10.79755220182098,106.65811308715078,4.0,4.0,4.0,4.0,4.0,4.0,4.0,5.0,84.0,33.0,0.0
2020-03-01 17:00:00,1,3,2020,17:00:00,Evening,Rush hour,2.396681937392536,..\..\Data\Data HCM\_MNR_SENSOR_DATA_\emotion_tags\image_tag,22895-44678-1583056836.jpg,10.79755220182098,106.65811308715078,2.0,3.0,4.0,4.0,4.0,4.0,4.0,4.0,81.0,33.0,0.0
2020-03-01 17:04:00,1,3,2020,17:04:00,Evening,Rush hour,2.396681937392536,..\..\Data\Data HCM\_MNR_SENSOR_DATA_\emotion_tags\image_tag,22895-44678-1583057100.jpg,10.79755220182098,106.65811308715078,3.0,3.0,4.0,4.0,4.0,4.0,4.0,4.0,82.0,33.0,0.0
2020-03-01 17:11:00,1,3,2020,17:11:00,Evening,Rush hour,4.80578201403075,..\..\Data\Data HCM\_MNR_SENSOR_DATA_\emotion_tags\image_tag,22895-44678-1583057512.jpg,10.786383594277655,106.6811665267357,4.0,4.0,4.0,4.0,4.0,4.0,4.0,4.0,84.0,32.0,0.0
2020-03-01 17:13:00,1,3,2020,17:13:00,Evening,Rush hour,4.80578201403075,..\..\Data\Data HCM\_MNR_SENSOR_DATA_\emotion_tags\image_tag,22895-44678-1583057691.jpg,10.786383594277655,106.6811665267357,4.0,4.0,3.0,4.0,4.0,4.0,4.0,4.0,81.0,32.0,0.0
2020-03-01 17:17:00,1,3,2020,17:17:00,Evening,Rush hour,4.80578201403075,..\..\Data\Data HCM\_MNR_SENSOR_DATA_\emotion_tags\image_tag,22895-44678-1583057879.jpg,10.786383594277655,106.6811665267357,3.0,4.0,2.0,2.0,4.0,4.0,4.0,4.0,87.0,32.0,0.0
2020-03-01 17:26:00,1,3,2020,17:26:00,Evening,Rush hour,3.969815416337179,..\..\Data\Data HCM\_MNR_SENSOR_DATA_\emotion_tags\image_tag,22895-44678-1583058411.jpg,10.785795852467636,106.66685950109921,3.0,3.0,4.0,4.0,4.0,4.0,4.0,4.0,90.0,32.0,0.0
2020-03-01 17:30:00,1,3,2020,17:30:00,Evening,Rush hour,3.969815416337179,..\..\Data\Data HCM\_MNR_SENSOR_DATA_\emotion_tags\image_tag,22895-44678-1583058663.jpg,10.785795852467636,106.66685950109921,1.0,2.0,4.0,4.0,4.0,3.0,4.0,4.0,92.0,31.0,0.0
2020-03-01 17:38:00,1,3,2020,17:38:00,Evening,Rush hour,3.969815416337179,..\..\Data\Data HCM\_MNR_SENSOR_DATA_\emotion_tags\image_tag,22895-44678-1583059116.jpg,10.785795852467636,106.66685950109921,2.0,3.0,4.0,4.0,4.0,4.0,4.0,4.0,86.0,31.0,0.0
2020-03-01 17:43:00,1,3,2020,17:43:00,Evening,Rush hour,2.1342119469845855,..\..\Data\Data HCM\_MNR_SENSOR_DATA_\emotion_tags\image_tag,22895-44678-1583059445.jpg,10.800827069438476,106.65989751780684,2.0,3.0,4.0,4.0,4.0,4.0,4.0,4.0,85.0,32.0,0.0
2020-03-02 07:58:00,2,3,2020,07:58:00,Morning,Rush hour,2.2305799351709905,..\..\Data\Data HCM\_MNR_SENSOR_DATA_\emotion_tags\image_tag,22895-44678-1583110762.jpg,10.800329202257435,106.66083650042413,2.0,3.0,5.0,5.0,4.0,4.0,4.0,4.0,99.0,31.0,0.0
2020-03-02 08:05:00,2,3,2020,08:05:00,Morning,Rush hour,2.2305799351709905,..\..\Data\Data HCM\_MNR_SENSOR_DATA_\emotion_tags\image_tag,22895-44678-1583111138.jpg,10.800329202257435,106.66083650042413,3.0,3.0,5.0,4.0,4.0,4.0,4.0,3.0,99.0,30.0,0.0
2020-03-02 08:07:00,2,3,2020,08:07:00,Morning,Rush hour,2.2305799351709905,..\..\Data\Data HCM\_MNR_SENSOR_DATA_\emotion_tags\image_tag,22895-44678-1583111278.jpg,10.800329202257435,106.66083650042413,2.0,3.0,5.0,5.0,3.0,3.0,3.0,3.0,99.0,29.0,0.0
2020-03-02 08:09:00,2,3,2020,08:09:00,Morning,Rush hour,2.2305799351709905,..\..\Data\Data HCM\_MNR_SENSOR_DATA_\emotion_tags\image_tag,22895-44678-1583111395.jpg,10.800329202257435,106.66083650042413,3.0,3.0,5.0,5.0,4.0,3.0,3.0,3.0,99.0,28.0,0.0
2020-03-02 08:16:00,2,3,2020,08:16:00,Morning,Rush hour,4.813997028659633,..\..\Data\Data HCM\_MNR_SENSOR_DATA_\emotion_tags\image_tag,22895-44678-1583111824.jpg,10.786265295267679,106.68114747951573,3.0,4.0,5.0,5.0,4.0,4.0,4.0,4.0,95.0,30.0,0.0
2020-03-02 08:18:00,2,3,2020,08:18:00,Morning,Rush hour,4.813997028659633,..\..\Data\Data HCM\_MNR_SENSOR_DATA_\emotion_tags\image_tag,22895-44678-1583111960.jpg,10.786265295267679,106.68114747951573,3.0,3.0,4.0,4.0,4.0,4.0,4.0,4.0,94.0,29.0,0.0
2020-03-02 08:22:00,2,3,2020,08:22:00,Morning,Rush hour,4.813997028659633,..\..\Data\Data HCM\_MNR_SENSOR_DATA_\emotion_tags\image_tag,22895-44678-1583112210.jpg,10.786265295267679,106.68114747951573,2.0,2.0,4.0,4.0,4.0,3.0,3.0,3.0,93.0,31.0,0.0
2020-03-02 08:30:00,2,3,2020,08:30:00,Morning,Rush hour,4.813997028659633,..\..\Data\Data HCM\_MNR_SENSOR_DATA_\emotion_tags\image_tag,22895-44678-1583112691.jpg,10.786265295267679,106.68114747951573,2.0,2.0,4.0,4.0,3.0,3.0,3.0,3.0,88.0,30.0,0.0
2020-03-02 08:37:00,2,3,2020,08:37:00,Morning,Rush hour,3.4117543982939855,..\..\Data\Data HCM\_MNR_SENSOR_DATA_\emotion_tags\image_tag,22895-44678-1583113059.jpg,10.78887529508788,106.66100106354564,2.0,3.0,5.0,5.0,4.0,4.0,4.0,4.0,89.0,30.0,0.0
2020-03-02 08:42:00,2,3,2020,08:42:00,Morning,Rush hour,3.4117543982939855,..\..\Data\Data HCM\_MNR_SENSOR_DATA_\emotion_tags\image_tag,22895-44678-1583113358.jpg,10.78887529508788,106.66100106354564,2.0,3.0,5.0,5.0,4.0,4.0,4.0,4.0,88.0,32.0,0.0
2020-03-02 08:45:00,2,3,2020,08:45:00,Morning,Rush hour,3.4117543982939855,..\..\Data\Data HCM\_MNR_SENSOR_DATA_\emotion_tags\image_tag,22895-44678-1583113565.jpg,10.78887529508788,106.66100106354564,2.0,3.0,5.0,5.0,4.0,4.0,4.0,4.0,88.0,33.0,0.0
2020-03-02 08:49:00,2,3,2020,08:49:00,Morning,Rush hour,3.4117543982939855,..\..\Data\Data HCM\_MNR_SENSOR_DATA_\emotion_tags\image_tag,22895-44678-1583113810.jpg,10.78887529508788,106.66100106354564,3.0,4.0,4.0,5.0,4.0,4.0,4.0,4.0,97.0,32.0,0.0
2020-03-02 11:52:00,2,3,2020,11:52:00,Morning,Not rush hour,2.232651959514643,..\..\Data\Data HCM\_MNR_SENSOR_DATA_\emotion_tags\image_tag,22895-44678-1583124787.jpg,10.800425093560037,106.66105514999788,3.0,3.0,5.0,5.0,2.0,2.0,2.0,2.0,84.0,36.0,0.0
2020-03-02 11:58:00,2,3,2020,11:58:00,Morning,Not rush hour,2.232651959514643,..\..\Data\Data HCM\_MNR_SENSOR_DATA_\emotion_tags\image_tag,22895-44678-1583125116.jpg,10.800425093560037,106.66105514999788,3.0,3.0,5.0,5.0,2.0,2.0,2.0,2.0,70.0,38.0,0.0
2020-03-02 12:00:00,2,3,2020,12:00:00,Afternoon,Not rush hour,2.232651959514643,..\..\Data\Data HCM\_MNR_SENSOR_DATA_\emotion_tags\image_tag,22895-44678-1583125269.jpg,10.800425093560037,106.66105514999788,3.0,3.0,5.0,5.0,2.0,2.0,2.0,2.0,70.0,38.0,0.0
2020-03-02 12:02:00,2,3,2020,12:02:00,Afternoon,Not rush hour,2.232651959514643,..\..\Data\Data HCM\_MNR_SENSOR_DATA_\emotion_tags\image_tag,22895-44678-1583125366.jpg,10.800425093560037,106.66105514999788,2.0,2.0,5.0,5.0,2.0,2.0,2.0,2.0,70.0,38.0,0.0
2020-03-02 12:09:00,2,3,2020,12:09:00,Afternoon,Not rush hour,4.168401565096117,..\..\Data\Data HCM\_MNR_SENSOR_DATA_\emotion_tags\image_tag,22895-44678-1583125800.jpg,10.793183873410692,106.6797715264462,2.0,2.0,5.0,5.0,2.0,2.0,2.0,2.0,70.0,38.0,0.0
2020-03-02 12:15:00,2,3,2020,12:15:00,Afternoon,Not rush hour,4.168401565096117,..\..\Data\Data HCM\_MNR_SENSOR_DATA_\emotion_tags\image_tag,22895-44678-1583126176.jpg,10.793183873410692,106.6797715264462,4.0,3.0,4.0,4.0,2.0,3.0,3.0,3.0,70.0,38.0,0.0
2020-03-02 12:19:00,2,3,2020,12:19:00,Afternoon,Not rush hour,4.168401565096117,..\..\Data\Data HCM\_MNR_SENSOR_DATA_\emotion_tags\image_tag,22895-44678-1583126371.jpg,10.793183873410692,106.6797715264462,4.0,3.0,4.0,4.0,2.0,3.0,3.0,3.0,70.0,38.0,0.0
2020-03-02 12:22:00,2,3,2020,12:22:00,Afternoon,Not rush hour,4.168401565096117,..\..\Data\Data HCM\_MNR_SENSOR_DATA_\emotion_tags\image_tag,22895-44678-1583126558.jpg,10.793183873410692,106.6797715264462,2.0,3.0,2.0,2.0,2.0,3.0,3.0,3.0,70.0,38.0,0.0
2020-03-02 12:29:00,2,3,2020,12:29:00,Afternoon,Not rush hour,3.967833408398367,..\..\Data\Data HCM\_MNR_SENSOR_DATA_\emotion_tags\image_tag,22895-44678-1583127008.jpg,10.785797774169776,106.66682153123024,3.0,3.0,3.0,2.0,2.0,3.0,3.0,3.0,70.0,38.0,0.0
2020-03-02 12:33:00,2,3,2020,12:33:00,Afternoon,Not rush hour,3.967833408398367,..\..\Data\Data HCM\_MNR_SENSOR_DATA_\emotion_tags\image_tag,22895-44678-1583127244.jpg,10.785797774169776,106.66682153123024,2.0,2.0,4.0,4.0,3.0,3.0,3.0,3.0,70.0,38.0,0.0
2020-03-02 12:37:00,2,3,2020,12:37:00,Afternoon,Not rush hour,3.967833408398367,..\..\Data\Data HCM\_MNR_SENSOR_DATA_\emotion_tags\image_tag,22895-44678-1583127522.jpg,10.785797774169776,106.66682153123024,2.0,2.0,4.0,3.0,3.0,3.0,3.0,3.0,70.0,38.0,0.0
2020-03-02 12:42:00,2,3,2020,12:42:00,Afternoon,Not rush hour,3.967833408398367,..\..\Data\Data HCM\_MNR_SENSOR_DATA_\emotion_tags\image_tag,22895-44678-1583127799.jpg,10.785797774169776,106.66682153123024,2.0,2.0,4.0,4.0,3.0,3.0,3.0,3.0,70.0,38.0,0.0
2020-03-02 12:45:00,2,3,2020,12:45:00,Afternoon,Not rush hour,2.240012951068897,..\..\Data\Data HCM\_MNR_SENSOR_DATA_\emotion_tags\image_tag,22895-44678-1583127973.jpg,10.80027603557994,106.66091808869601,3.0,2.0,4.0,4.0,2.0,2.0,2.0,2.0,70.0,38.0,0.0
2020-03-02 17:25:00,2,3,2020,17:25:00,Evening,Rush hour,3.2729710606433153,..\..\Data\Data HCM\_MNR_SENSOR_DATA_\emotion_tags\image_tag,22895-44678-1583144774.jpg,10.797416027186847,106.6725875174642,2.0,3.0,5.0,4.0,4.0,4.0,4.0,4.0,70.0,31.0,0.0
2020-03-02 17:28:00,2,3,2020,17:28:00,Evening,Rush hour,3.2729710606433153,..\..\Data\Data HCM\_MNR_SENSOR_DATA_\emotion_tags\image_tag,22895-44678-1583144951.jpg,10.797416027186847,106.6725875174642,2.0,3.0,4.0,4.0,4.0,4.0,4.0,4.0,70.0,32.0,0.0
2020-03-02 17:37:00,2,3,2020,17:37:00,Evening,Rush hour,3.2729710606433153,..\..\Data\Data HCM\_MNR_SENSOR_DATA_\emotion_tags\image_tag,22895-44678-1583145457.jpg,10.797416027186847,106.6725875174642,3.0,3.0,4.0,4.0,4.0,4.0,4.0,4.0,74.0,32.0,0.0
2020-03-02 17:42:00,2,3,2020,17:42:00,Evening,Rush hour,5.16994287318984,..\..\Data\Data HCM\_MNR_SENSOR_DATA_\emotion_tags\image_tag,22895-44678-1583145794.jpg,10.780932134237197,106.67974056306208,2.0,3.0,4.0,3.0,4.0,4.0,4.0,4.0,72.0,32.0,0.0
2020-03-02 17:44:00,2,3,2020,17:44:00,Evening,Rush hour,5.16994287318984,..\..\Data\Data HCM\_MNR_SENSOR_DATA_\emotion_tags\image_tag,22895-44678-1583145921.jpg,10.780932134237197,106.67974056306208,2.0,3.0,4.0,3.0,4.0,4.0,4.0,4.0,76.0,31.0,0.0
2020-03-02 17:53:00,2,3,2020,17:53:00,Evening,Rush hour,5.16994287318984,..\..\Data\Data HCM\_MNR_SENSOR_DATA_\emotion_tags\image_tag,22895-44678-1583146428.jpg,10.780932134237197,106.67974056306208,3.0,3.0,5.0,4.0,4.0,4.0,4.0,4.0,77.0,31.0,0.0
2020-03-02 17:57:00,2,3,2020,17:57:00,Evening,Rush hour,5.16994287318984,..\..\Data\Data HCM\_MNR_SENSOR_DATA_\emotion_tags\image_tag,22895-44678-1583146671.jpg,10.780932134237197,106.67974056306208,2.0,3.0,5.0,4.0,4.0,4.0,4.0,4.0,79.0,31.0,0.0
2020-03-02 18:31:00,2,3,2020,18:31:00,Evening,Rush hour,1.6093756259181984,..\..\Data\Data HCM\_MNR_SENSOR_DATA_\emotion_tags\image_tag,22895-44678-1583148745.jpg,10.819913486455786,106.63655846997484,5.0,5.0,5.0,5.0,5.0,5.0,5.0,5.0,79.0,31.0,0.0
2020-03-03 08:01:00,3,3,2020,08:01:00,Morning,Rush hour,2.2254656657939043,..\..\Data\Data HCM\_MNR_SENSOR_DATA_\emotion_tags\image_tag,22895-44678-1583197378.jpg,10.80040337004782,106.66087777873976,4.0,4.0,4.0,3.0,4.0,4.0,4.0,4.0,78.0,31.0,0.0
2020-03-03 08:04:00,3,3,2020,08:04:00,Morning,Rush hour,2.2254656657939043,..\..\Data\Data HCM\_MNR_SENSOR_DATA_\emotion_tags\image_tag,22895-44678-1583197520.jpg,10.80040337004782,106.66087777873976,5.0,4.0,4.0,4.0,5.0,5.0,4.0,4.0,80.0,30.0,0.0
2020-03-03 08:07:00,3,3,2020,08:07:00,Morning,Rush hour,2.2254656657939043,..\..\Data\Data HCM\_MNR_SENSOR_DATA_\emotion_tags\image_tag,22895-44678-1583197647.jpg,10.80040337004782,106.66087777873976,4.0,3.0,4.0,4.0,4.0,4.0,4.0,4.0,80.0,30.0,0.0
2020-03-03 08:09:00,3,3,2020,08:09:00,Morning,Rush hour,2.2254656657939043,..\..\Data\Data HCM\_MNR_SENSOR_DATA_\emotion_tags\image_tag,22895-44678-1583197816.jpg,10.80040337004782,106.66087777873976,3.0,3.0,4.0,4.0,4.0,4.0,4.0,4.0,80.0,30.0,0.0
2020-03-03 08:14:00,3,3,2020,08:14:00,Morning,Rush hour,3.095484362100932,..\..\Data\Data HCM\_MNR_SENSOR_DATA_\emotion_tags\image_tag,22895-44678-1583198108.jpg,10.798258250589292,106.67114934893948,3.0,3.0,4.0,5.0,4.0,4.0,4.0,4.0,79.0,29.0,0.0
2020-03-03 08:16:00,3,3,2020,08:16:00,Morning,Rush hour,3.095484362100932,..\..\Data\Data HCM\_MNR_SENSOR_DATA_\emotion_tags\image_tag,22895-44678-1583198244.jpg,10.798258250589292,106.67114934893948,2.0,3.0,4.0,5.0,4.0,4.0,4.0,4.0,80.0,30.0,0.0
2020-03-03 08:23:00,3,3,2020,08:23:00,Morning,Rush hour,3.095484362100932,..\..\Data\Data HCM\_MNR_SENSOR_DATA_\emotion_tags\image_tag,22895-44678-1583198616.jpg,10.798258250589292,106.67114934893948,4.0,4.0,4.0,4.0,4.0,4.0,4.0,4.0,82.0,29.0,0.0
2020-03-03 08:26:00,3,3,2020,08:26:00,Morning,Rush hour,4.822936084953792,..\..\Data\Data HCM\_MNR_SENSOR_DATA_\emotion_tags\image_tag,22895-44678-1583198808.jpg,10.784127022638254,106.67874741091192,4.0,4.0,4.0,4.0,4.0,4.0,4.0,4.0,80.0,29.0,0.0
2020-03-03 08:31:00,3,3,2020,08:31:00,Morning,Rush hour,4.822936084953792,..\..\Data\Data HCM\_MNR_SENSOR_DATA_\emotion_tags\image_tag,22895-44678-1583199069.jpg,10.784127022638254,106.67874741091192,2.0,3.0,4.0,4.0,4.0,4.0,4.0,4.0,78.0,30.0,0.0
2020-03-03 08:42:00,3,3,2020,08:42:00,Morning,Rush hour,3.4089937910125205,..\..\Data\Data HCM\_MNR_SENSOR_DATA_\emotion_tags\image_tag,22895-44678-1583199762.jpg,10.788888299701862,106.66096064803541,2.0,3.0,4.0,4.0,4.0,3.0,3.0,3.0,75.0,31.0,0.0
2020-03-03 08:47:00,3,3,2020,08:47:00,Morning,Rush hour,3.4089937910125205,..\..\Data\Data HCM\_MNR_SENSOR_DATA_\emotion_tags\image_tag,22895-44678-1583200069.jpg,10.788888299701862,106.66096064803541,1.0,2.0,4.0,4.0,4.0,4.0,4.0,4.0,74.0,30.0,0.0
2020-03-03 08:51:00,3,3,2020,08:51:00,Morning,Rush hour,3.4089937910125205,..\..\Data\Data HCM\_MNR_SENSOR_DATA_\emotion_tags\image_tag,22895-44678-1583200313.jpg,10.788888299701862,106.66096064803541,1.0,3.0,4.0,4.0,4.0,4.0,4.0,4.0,71.0,31.0,0.0
2020-03-03 08:54:00,3,3,2020,08:54:00,Morning,Rush hour,3.4089937910125205,..\..\Data\Data HCM\_MNR_SENSOR_DATA_\emotion_tags\image_tag,22895-44678-1583200479.jpg,10.788888299701862,106.66096064803541,3.0,4.0,4.0,4.0,4.0,4.0,4.0,4.0,72.0,31.0,0.0
2020-03-03 12:08:00,3,3,2020,12:08:00,Afternoon,Not rush hour,2.609031432235393,..\..\Data\Data HCM\_MNR_SENSOR_DATA_\emotion_tags\image_tag,22895-44678-1583212129.jpg,10.800318594884796,106.66687074676314,4.0,3.0,4.0,4.0,2.0,3.0,3.0,3.0,64.0,38.0,0.0
2020-03-03 12:11:00,3,3,2020,12:11:00,Afternoon,Not rush hour,2.609031432235393,..\..\Data\Data HCM\_MNR_SENSOR_DATA_\emotion_tags\image_tag,22895-44678-1583212318.jpg,10.800318594884796,106.66687074676314,2.0,3.0,4.0,4.0,2.0,3.0,3.0,3.0,64.0,38.0,0.0
2020-03-03 12:16:00,3,3,2020,12:16:00,Afternoon,Not rush hour,2.609031432235393,..\..\Data\Data HCM\_MNR_SENSOR_DATA_\emotion_tags\image_tag,22895-44678-1583212640.jpg,10.800318594884796,106.66687074676314,2.0,2.0,4.0,4.0,2.0,3.0,3.0,3.0,64.0,38.0,0.0
2020-03-03 12:21:00,3,3,2020,12:21:00,Afternoon,Not rush hour,2.609031432235393,..\..\Data\Data HCM\_MNR_SENSOR_DATA_\emotion_tags\image_tag,22895-44678-1583212918.jpg,10.800318594884796,106.66687074676314,4.0,3.0,4.0,4.0,3.0,3.0,3.0,3.0,64.0,38.0,0.0
2020-03-03 12:24:00,3,3,2020,12:24:00,Afternoon,Not rush hour,4.8109347739652675,..\..\Data\Data HCM\_MNR_SENSOR_DATA_\emotion_tags\image_tag,22895-44678-1583213078.jpg,10.78434661760102,106.67885010513595,4.0,3.0,4.0,4.0,3.0,3.0,3.0,3.0,64.0,38.0,0.0
2020-03-03 12:27:00,3,3,2020,12:27:00,Afternoon,Not rush hour,4.8109347739652675,..\..\Data\Data HCM\_MNR_SENSOR_DATA_\emotion_tags\image_tag,22895-44678-1583213280.jpg,10.78434661760102,106.67885010513595,2.0,2.0,4.0,4.0,2.0,2.0,2.0,2.0,64.0,38.0,0.0
2020-03-03 12:33:00,3,3,2020,12:33:00,Afternoon,Not rush hour,4.8109347739652675,..\..\Data\Data HCM\_MNR_SENSOR_DATA_\emotion_tags\image_tag,22895-44678-1583213668.jpg,10.78434661760102,106.67885010513595,1.0,2.0,3.0,3.0,1.0,2.0,2.0,2.0,64.0,38.0,0.0
2020-03-03 12:36:00,3,3,2020,12:36:00,Afternoon,Not rush hour,4.8109347739652675,..\..\Data\Data HCM\_MNR_SENSOR_DATA_\emotion_tags\image_tag,22895-44678-1583213838.jpg,10.78434661760102,106.67885010513595,2.0,2.0,4.0,4.0,2.0,3.0,3.0,3.0,64.0,38.0,0.0
2020-03-03 12:44:00,3,3,2020,12:44:00,Afternoon,Not rush hour,2.826178931041041,..\..\Data\Data HCM\_MNR_SENSOR_DATA_\emotion_tags\image_tag,22895-44678-1583214299.jpg,10.79270131065557,106.65368610961531,2.0,3.0,4.0,4.0,2.0,2.0,2.0,2.0,64.0,38.0,0.0
2020-03-03 12:48:00,3,3,2020,12:48:00,Afternoon,Not rush hour,2.826178931041041,..\..\Data\Data HCM\_MNR_SENSOR_DATA_\emotion_tags\image_tag,22895-44678-1583214604.jpg,10.79270131065557,106.65368610961531,2.0,2.0,4.0,4.0,2.0,2.0,2.0,2.0,64.0,38.0,0.0
2020-03-03 12:54:00,3,3,2020,12:54:00,Afternoon,Not rush hour,2.826178931041041,..\..\Data\Data HCM\_MNR_SENSOR_DATA_\emotion_tags\image_tag,22895-44678-1583214877.jpg,10.79270131065557,106.65368610961531,2.0,2.0,4.0,4.0,2.0,2.0,2.0,2.0,64.0,38.0,0.0
2020-03-04 09:37:00,4,3,2020,09:37:00,Morning,Rush hour,2.448314245785446,..\..\Data\Data HCM\_MNR_SENSOR_DATA_\emotion_tags\image_tag,22895-44678-1583289461.jpg,10.800431887898394,106.6646808755826,4.0,4.0,5.0,5.0,4.0,4.0,4.0,4.0,55.0,32.0,0.0
2020-03-04 09:40:00,4,3,2020,09:40:00,Morning,Rush hour,2.448314245785446,..\..\Data\Data HCM\_MNR_SENSOR_DATA_\emotion_tags\image_tag,22895-44678-1583289687.jpg,10.800431887898394,106.6646808755826,3.0,3.0,5.0,5.0,4.0,4.0,4.0,4.0,81.0,32.0,0.0
2020-03-04 09:43:00,4,3,2020,09:43:00,Morning,Rush hour,2.448314245785446,..\..\Data\Data HCM\_MNR_SENSOR_DATA_\emotion_tags\image_tag,22895-44678-1583289807.jpg,10.800431887898394,106.6646808755826,3.0,3.0,5.0,5.0,3.0,3.0,3.0,3.0,76.0,34.0,0.0
2020-03-04 09:46:00,4,3,2020,09:46:00,Morning,Rush hour,2.448314245785446,..\..\Data\Data HCM\_MNR_SENSOR_DATA_\emotion_tags\image_tag,22895-44678-1583289998.jpg,10.800431887898394,106.6646808755826,3.0,3.0,5.0,5.0,3.0,3.0,3.0,3.0,69.0,32.0,0.0
2020-03-04 09:48:00,4,3,2020,09:48:00,Morning,Rush hour,2.448314245785446,..\..\Data\Data HCM\_MNR_SENSOR_DATA_\emotion_tags\image_tag,22895-44678-1583290112.jpg,10.800431887898394,106.6646808755826,2.0,3.0,4.0,4.0,4.0,4.0,4.0,3.0,71.0,33.0,0.0
2020-03-04 09:53:00,4,3,2020,09:53:00,Morning,Rush hour,4.855726443370384,..\..\Data\Data HCM\_MNR_SENSOR_DATA_\emotion_tags\image_tag,22895-44678-1583290434.jpg,10.786492521278223,106.6819491424202,4.0,4.0,4.0,4.0,4.0,4.0,4.0,4.0,74.0,31.0,0.0
2020-03-04 09:56:00,4,3,2020,09:56:00,Morning,Rush hour,4.855726443370384,..\..\Data\Data HCM\_MNR_SENSOR_DATA_\emotion_tags\image_tag,22895-44678-1583290591.jpg,10.786492521278223,106.6819491424202,4.0,4.0,4.0,4.0,4.0,4.0,4.0,4.0,74.0,32.0,0.0
2020-03-04 10:05:00,4,3,2020,10:05:00,Morning,Not rush hour,4.855726443370384,..\..\Data\Data HCM\_MNR_SENSOR_DATA_\emotion_tags\image_tag,22895-44678-1583291159.jpg,10.786492521278223,106.6819491424202,2.0,3.0,4.0,4.0,4.0,3.0,3.0,3.0,73.0,33.0,0.0
2020-03-04 10:09:00,4,3,2020,10:09:00,Morning,Not rush hour,3.9631011696436595,..\..\Data\Data HCM\_MNR_SENSOR_DATA_\emotion_tags\image_tag,22895-44678-1583291388.jpg,10.785820724351208,106.66676988227373,2.0,3.0,4.0,4.0,4.0,3.0,3.0,3.0,73.0,32.0,0.0
2020-03-04 10:13:00,4,3,2020,10:13:00,Morning,Not rush hour,3.9631011696436595,..\..\Data\Data HCM\_MNR_SENSOR_DATA_\emotion_tags\image_tag,22895-44678-1583291636.jpg,10.785820724351208,106.66676988227373,2.0,2.0,4.0,4.0,3.0,3.0,3.0,3.0,71.0,32.0,0.0
2020-03-04 10:17:00,4,3,2020,10:17:00,Morning,Not rush hour,3.9631011696436595,..\..\Data\Data HCM\_MNR_SENSOR_DATA_\emotion_tags\image_tag,22895-44678-1583291886.jpg,10.785820724351208,106.66676988227373,2.0,2.0,4.0,4.0,3.0,3.0,3.0,3.0,72.0,33.0,0.0
2020-03-04 10:21:00,4,3,2020,10:21:00,Morning,Not rush hour,3.9631011696436595,..\..\Data\Data HCM\_MNR_SENSOR_DATA_\emotion_tags\image_tag,22895-44678-1583292083.jpg,10.785820724351208,106.66676988227373,2.0,3.0,4.0,4.0,3.0,3.0,3.0,3.0,74.0,33.0,0.0
2020-03-04 10:23:00,4,3,2020,10:23:00,Morning,Not rush hour,3.9631011696436595,..\..\Data\Data HCM\_MNR_SENSOR_DATA_\emotion_tags\image_tag,22895-44678-1583292237.jpg,10.785820724351208,106.66676988227373,2.0,2.0,3.0,3.0,3.0,3.0,3.0,3.0,79.0,34.0,0.0
2020-03-04 12:17:00,4,3,2020,12:17:00,Afternoon,Not rush hour,2.2665899613387137,..\..\Data\Data HCM\_MNR_SENSOR_DATA_\emotion_tags\image_tag,22895-44678-1583299065.jpg,10.799986095727814,106.66088226100416,4.0,3.0,5.0,5.0,3.0,3.0,3.0,3.0,71.0,36.0,0.0
2020-03-04 12:20:00,4,3,2020,12:20:00,Afternoon,Not rush hour,2.2665899613387137,..\..\Data\Data HCM\_MNR_SENSOR_DATA_\emotion_tags\image_tag,22895-44678-1583299272.jpg,10.799986095727814,106.66088226100416,2.0,2.0,5.0,5.0,3.0,3.0,3.0,3.0,66.0,37.0,0.0
2020-03-04 12:22:00,4,3,2020,12:22:00,Afternoon,Not rush hour,2.2665899613387137,..\..\Data\Data HCM\_MNR_SENSOR_DATA_\emotion_tags\image_tag,22895-44678-1583299402.jpg,10.799986095727814,106.66088226100416,2.0,2.0,4.0,4.0,3.0,3.0,3.0,3.0,67.0,37.0,0.0
2020-03-04 12:25:00,4,3,2020,12:25:00,Afternoon,Not rush hour,2.2665899613387137,..\..\Data\Data HCM\_MNR_SENSOR_DATA_\emotion_tags\image_tag,22895-44678-1583299552.jpg,10.799986095727814,106.66088226100416,2.0,2.0,4.0,4.0,3.0,3.0,3.0,3.0,74.0,36.0,0.0
2020-03-04 12:31:00,4,3,2020,12:31:00,Afternoon,Not rush hour,4.876151993380595,..\..\Data\Data HCM\_MNR_SENSOR_DATA_\emotion_tags\image_tag,22895-44678-1583299910.jpg,10.78655637898933,106.68228558697169,4.0,3.0,4.0,4.0,3.0,3.0,3.0,3.0,75.0,36.0,1.0
2020-03-04 12:34:00,4,3,2020,12:34:00,Afternoon,Not rush hour,4.876151993380595,..\..\Data\Data HCM\_MNR_SENSOR_DATA_\emotion_tags\image_tag,22895-44678-1583300081.jpg,10.78655637898933,106.68228558697169,4.0,4.0,4.0,4.0,3.0,3.0,3.0,3.0,77.0,39.0,1.0
2020-03-04 12:37:00,4,3,2020,12:37:00,Afternoon,Not rush hour,4.876151993380595,..\..\Data\Data HCM\_MNR_SENSOR_DATA_\emotion_tags\image_tag,22895-44678-1583300294.jpg,10.78655637898933,106.68228558697169,1.0,2.0,4.0,4.0,2.0,2.0,2.0,2.0,74.0,40.0,1.0
2020-03-04 12:42:00,4,3,2020,12:42:00,Afternoon,Not rush hour,4.876151993380595,..\..\Data\Data HCM\_MNR_SENSOR_DATA_\emotion_tags\image_tag,22895-44678-1583300570.jpg,10.78655637898933,106.68228558697169,1.0,2.0,4.0,4.0,3.0,3.0,3.0,3.0,83.0,41.0,0.0
2020-03-04 12:49:00,4,3,2020,12:49:00,Afternoon,Not rush hour,3.400268160671535,..\..\Data\Data HCM\_MNR_SENSOR_DATA_\emotion_tags\image_tag,22895-44678-1583301009.jpg,10.788945926222915,106.66088344056624,2.0,2.0,4.0,4.0,2.0,2.0,2.0,2.0,83.0,40.0,1.0
2020-03-04 12:55:00,4,3,2020,12:55:00,Afternoon,Not rush hour,3.400268160671535,..\..\Data\Data HCM\_MNR_SENSOR_DATA_\emotion_tags\image_tag,22895-44678-1583301334.jpg,10.788945926222915,106.66088344056624,2.0,2.0,3.0,3.0,2.0,2.0,2.0,2.0,71.0,41.0,1.0
2020-03-04 12:58:00,4,3,2020,12:58:00,Afternoon,Not rush hour,3.400268160671535,..\..\Data\Data HCM\_MNR_SENSOR_DATA_\emotion_tags\image_tag,22895-44678-1583301530.jpg,10.788945926222915,106.66088344056624,2.0,3.0,3.0,3.0,3.0,3.0,3.0,3.0,77.0,42.0,0.0
2020-03-04 13:00:00,4,3,2020,13:00:00,Afternoon,Not rush hour,3.400268160671535,..\..\Data\Data HCM\_MNR_SENSOR_DATA_\emotion_tags\image_tag,22895-44678-1583301646.jpg,10.788945926222915,106.66088344056624,2.0,3.0,4.0,4.0,3.0,3.0,3.0,3.0,78.0,40.0,0.0
2020-03-04 17:08:00,4,3,2020,17:08:00,Evening,Rush hour,2.5328729954945564,..\..\Data\Data HCM\_MNR_SENSOR_DATA_\emotion_tags\image_tag,22895-44678-1583316505.jpg,10.800333965871317,106.6658077197387,4.0,4.0,5.0,5.0,4.0,4.0,4.0,4.0,91.0,32.0,0.0
2020-03-04 17:10:00,4,3,2020,17:10:00,Evening,Rush hour,2.5328729954945564,..\..\Data\Data HCM\_MNR_SENSOR_DATA_\emotion_tags\image_tag,22895-44678-1583316678.jpg,10.800333965871317,106.6658077197387,2.0,3.0,5.0,5.0,4.0,4.0,4.0,4.0,87.0,31.0,0.0
2020-03-04 17:14:00,4,3,2020,17:14:00,Evening,Rush hour,2.5328729954945564,..\..\Data\Data HCM\_MNR_SENSOR_DATA_\emotion_tags\image_tag,22895-44678-1583316894.jpg,10.800333965871317,106.6658077197387,2.0,3.0,4.0,4.0,4.0,4.0,4.0,4.0,87.0,31.0,0.0
2020-03-04 17:18:00,4,3,2020,17:18:00,Evening,Rush hour,2.5328729954945564,..\..\Data\Data HCM\_MNR_SENSOR_DATA_\emotion_tags\image_tag,22895-44678-1583317157.jpg,10.800333965871317,106.6658077197387,4.0,4.0,5.0,5.0,4.0,4.0,4.0,4.0,86.0,30.0,0.0
2020-03-04 17:22:00,4,3,2020,17:22:00,Evening,Rush hour,2.5328729954945564,..\..\Data\Data HCM\_MNR_SENSOR_DATA_\emotion_tags\image_tag,22895-44678-1583317344.jpg,10.800333965871317,106.6658077197387,4.0,4.0,4.0,4.0,4.0,4.0,4.0,4.0,86.0,31.0,0.0
2020-03-04 17:24:00,4,3,2020,17:24:00,Evening,Rush hour,5.184178315659661,..\..\Data\Data HCM\_MNR_SENSOR_DATA_\emotion_tags\image_tag,22895-44678-1583317494.jpg,10.780847012072632,106.67984199494619,2.0,3.0,4.0,4.0,4.0,4.0,4.0,4.0,84.0,30.0,0.0
2020-03-04 17:31:00,4,3,2020,17:31:00,Evening,Rush hour,5.184178315659661,..\..\Data\Data HCM\_MNR_SENSOR_DATA_\emotion_tags\image_tag,22895-44678-1583317931.jpg,10.780847012072632,106.67984199494619,2.0,3.0,4.0,4.0,4.0,3.0,3.0,3.0,93.0,31.0,0.0
2020-03-04 17:39:00,4,3,2020,17:39:00,Evening,Rush hour,5.184178315659661,..\..\Data\Data HCM\_MNR_SENSOR_DATA_\emotion_tags\image_tag,22895-44678-1583318374.jpg,10.780847012072632,106.67984199494619,2.0,3.0,5.0,5.0,4.0,4.0,3.0,3.0,96.0,30.0,0.0
2020-03-04 17:44:00,4,3,2020,17:44:00,Evening,Rush hour,2.231878175387262,..\..\Data\Data HCM\_MNR_SENSOR_DATA_\emotion_tags\image_tag,22895-44678-1583318749.jpg,10.800427888852463,106.66104565331051,3.0,3.0,5.0,5.0,4.0,3.0,3.0,3.0,80.0,31.0,0.0
2020-03-05 07:41:00,5,3,2020,07:41:00,Morning,Rush hour,2.3962253816710355,..\..\Data\Data HCM\_MNR_SENSOR_DATA_\emotion_tags\image_tag,22895-44678-1583368934.jpg,10.797505830698162,106.65795656636615,2.0,3.0,5.0,5.0,4.0,4.0,4.0,4.0,96.0,28.0,0.0
2020-03-05 07:46:00,5,3,2020,07:46:00,Morning,Rush hour,2.3962253816710355,..\..\Data\Data HCM\_MNR_SENSOR_DATA_\emotion_tags\image_tag,22895-44678-1583369274.jpg,10.797505830698162,106.65795656636615,5.0,4.0,5.0,5.0,4.0,3.0,3.0,4.0,93.0,28.0,0.0
2020-03-05 07:50:00,5,3,2020,07:50:00,Morning,Rush hour,2.3962253816710355,..\..\Data\Data HCM\_MNR_SENSOR_DATA_\emotion_tags\image_tag,22895-44678-1583369481.jpg,10.797505830698162,106.65795656636615,2.0,3.0,5.0,5.0,4.0,4.0,2.0,4.0,98.0,29.0,0.0
2020-03-05 07:53:00,5,3,2020,07:53:00,Morning,Rush hour,2.3962253816710355,..\..\Data\Data HCM\_MNR_SENSOR_DATA_\emotion_tags\image_tag,22895-44678-1583369646.jpg,10.797505830698162,106.65795656636615,2.0,3.0,5.0,5.0,4.0,4.0,2.0,4.0,99.0,29.0,0.0
2020-03-05 07:56:00,5,3,2020,07:56:00,Morning,Rush hour,4.167300647663691,..\..\Data\Data HCM\_MNR_SENSOR_DATA_\emotion_tags\image_tag,22895-44678-1583369857.jpg,10.793097310941043,106.67967997975089,2.0,2.0,5.0,5.0,4.0,2.0,4.0,3.0,99.0,29.0,0.0
2020-03-05 08:03:00,5,3,2020,08:03:00,Morning,Rush hour,4.167300647663691,..\..\Data\Data HCM\_MNR_SENSOR_DATA_\emotion_tags\image_tag,22895-44678-1583370247.jpg,10.793097310941043,106.67967997975089,4.0,4.0,5.0,5.0,4.0,4.0,1.0,4.0,99.0,30.0,0.0
2020-03-05 08:05:00,5,3,2020,08:05:00,Morning,Rush hour,4.167300647663691,..\..\Data\Data HCM\_MNR_SENSOR_DATA_\emotion_tags\image_tag,22895-44678-1583370384.jpg,10.793097310941043,106.67967997975089,4.0,4.0,5.0,5.0,4.0,4.0,2.0,4.0,99.0,29.0,0.0
2020-03-05 08:11:00,5,3,2020,08:11:00,Morning,Rush hour,5.218414939998898,..\..\Data\Data HCM\_MNR_SENSOR_DATA_\emotion_tags\image_tag,22895-44678-1583370733.jpg,10.77985061664933,106.67899425735784,1.0,3.0,2.0,2.0,4.0,4.0,2.0,4.0,99.0,29.0,0.0
2020-03-05 08:18:00,5,3,2020,08:18:00,Morning,Rush hour,5.218414939998898,..\..\Data\Data HCM\_MNR_SENSOR_DATA_\emotion_tags\image_tag,22895-44678-1583371111.jpg,10.77985061664933,106.67899425735784,1.0,2.0,5.0,5.0,4.0,4.0,3.0,4.0,98.0,29.0,0.0
2020-03-05 08:21:00,5,3,2020,08:21:00,Morning,Rush hour,5.218414939998898,..\..\Data\Data HCM\_MNR_SENSOR_DATA_\emotion_tags\image_tag,22895-44678-1583371338.jpg,10.77985061664933,106.67899425735784,3.0,3.0,4.0,4.0,4.0,3.0,2.0,3.0,97.0,30.0,0.0
2020-03-05 08:26:00,5,3,2020,08:26:00,Morning,Rush hour,5.218414939998898,..\..\Data\Data HCM\_MNR_SENSOR_DATA_\emotion_tags\image_tag,22895-44678-1583371591.jpg,10.77985061664933,106.67899425735784,1.0,2.0,4.0,4.0,4.0,3.0,3.0,3.0,99.0,30.0,0.0
2020-03-05 08:31:00,5,3,2020,08:31:00,Morning,Rush hour,2.6858064801412755,..\..\Data\Data HCM\_MNR_SENSOR_DATA_\emotion_tags\image_tag,22895-44678-1583371913.jpg,10.794057069494105,106.65443299396476,2.0,3.0,4.0,4.0,4.0,4.0,2.0,4.0,99.0,30.0,0.0
2020-03-05 08:34:00,5,3,2020,08:34:00,Morning,Rush hour,2.6858064801412755,..\..\Data\Data HCM\_MNR_SENSOR_DATA_\emotion_tags\image_tag,22895-44678-1583372099.jpg,10.794057069494105,106.65443299396476,2.0,3.0,5.0,5.0,4.0,4.0,2.0,3.0,87.0,31.0,0.0
2020-03-05 08:37:00,5,3,2020,08:37:00,Morning,Rush hour,2.6858064801412755,..\..\Data\Data HCM\_MNR_SENSOR_DATA_\emotion_tags\image_tag,22895-44678-1583372274.jpg,10.794057069494105,106.65443299396476,2.0,2.0,5.0,5.0,4.0,3.0,2.0,3.0,86.0,32.0,0.0
2020-03-05 12:02:00,5,3,2020,12:02:00,Afternoon,Not rush hour,2.5528369548051204,..\..\Data\Data HCM\_MNR_SENSOR_DATA_\emotion_tags\image_tag,22895-44678-1583384603.jpg,10.800316428602052,106.66607396574939,4.0,3.0,5.0,5.0,2.0,2.0,4.0,2.0,34.0,40.0,0.0
2020-03-05 12:05:00,5,3,2020,12:05:00,Afternoon,Not rush hour,2.5528369548051204,..\..\Data\Data HCM\_MNR_SENSOR_DATA_\emotion_tags\image_tag,22895-44678-1583384795.jpg,10.800316428602052,106.66607396574939,2.0,2.0,5.0,5.0,2.0,2.0,4.0,3.0,33.0,41.0,0.0
2020-03-05 12:09:00,5,3,2020,12:09:00,Afternoon,Not rush hour,2.5528369548051204,..\..\Data\Data HCM\_MNR_SENSOR_DATA_\emotion_tags\image_tag,22895-44678-1583385000.jpg,10.800316428602052,106.66607396574939,2.0,2.0,5.0,5.0,2.0,2.0,4.0,2.0,52.0,42.0,1.0
2020-03-05 12:10:00,5,3,2020,12:10:00,Afternoon,Not rush hour,2.5528369548051204,..\..\Data\Data HCM\_MNR_SENSOR_DATA_\emotion_tags\image_tag,22895-44678-1583385085.jpg,10.800316428602052,106.66607396574939,2.0,2.0,5.0,5.0,2.0,2.0,4.0,2.0,51.0,42.0,1.0
2020-03-05 12:14:00,5,3,2020,12:14:00,Afternoon,Not rush hour,2.5528369548051204,..\..\Data\Data HCM\_MNR_SENSOR_DATA_\emotion_tags\image_tag,22895-44678-1583385326.jpg,10.800316428602052,106.66607396574939,4.0,4.0,3.0,3.0,3.0,3.0,3.0,3.0,57.0,38.0,0.0
2020-03-05 12:17:00,5,3,2020,12:17:00,Afternoon,Not rush hour,4.825939880274316,..\..\Data\Data HCM\_MNR_SENSOR_DATA_\emotion_tags\image_tag,22895-44678-1583385491.jpg,10.786186257071387,106.68122151256212,4.0,3.0,4.0,3.0,3.0,3.0,4.0,3.0,62.0,36.0,0.0
2020-03-05 12:20:00,5,3,2020,12:20:00,Afternoon,Not rush hour,4.825939880274316,..\..\Data\Data HCM\_MNR_SENSOR_DATA_\emotion_tags\image_tag,22895-44678-1583385678.jpg,10.786186257071387,106.68122151256212,4.0,3.0,4.0,4.0,3.0,3.0,3.0,3.0,65.0,37.0,0.0
2020-03-05 12:27:00,5,3,2020,12:27:00,Afternoon,Not rush hour,4.825939880274316,..\..\Data\Data HCM\_MNR_SENSOR_DATA_\emotion_tags\image_tag,22895-44678-1583386103.jpg,10.786186257071387,106.68122151256212,1.0,2.0,3.0,3.0,3.0,3.0,3.0,3.0,59.0,36.0,0.0
2020-03-05 12:35:00,5,3,2020,12:35:00,Afternoon,Not rush hour,3.2025616325035426,..\..\Data\Data HCM\_MNR_SENSOR_DATA_\emotion_tags\image_tag,22895-44678-1583386534.jpg,10.790122717065499,106.65854444203494,2.0,3.0,3.0,3.0,3.0,3.0,3.0,3.0,59.0,37.0,0.0
2020-03-05 12:38:00,5,3,2020,12:38:00,Afternoon,Not rush hour,3.2025616325035426,..\..\Data\Data HCM\_MNR_SENSOR_DATA_\emotion_tags\image_tag,22895-44678-1583386731.jpg,10.790122717065499,106.65854444203494,1.0,2.0,4.0,3.0,2.0,2.0,4.0,2.0,59.0,37.0,0.0
2020-03-05 12:42:00,5,3,2020,12:42:00,Afternoon,Not rush hour,3.2025616325035426,..\..\Data\Data HCM\_MNR_SENSOR_DATA_\emotion_tags\image_tag,22895-44678-1583386953.jpg,10.790122717065499,106.65854444203494,2.0,2.0,3.0,3.0,2.0,2.0,4.0,2.0,61.0,37.0,0.0
2020-03-05 12:44:00,5,3,2020,12:44:00,Afternoon,Not rush hour,3.2025616325035426,..\..\Data\Data HCM\_MNR_SENSOR_DATA_\emotion_tags\image_tag,22895-44678-1583387116.jpg,10.790122717065499,106.65854444203494,3.0,3.0,4.0,4.0,2.0,2.0,4.0,2.0,60.0,38.0,1.0
2020-03-05 16:54:00,5,3,2020,16:54:00,Evening,Rush hour,2.5999313923390437,..\..\Data\Data HCM\_MNR_SENSOR_DATA_\emotion_tags\image_tag,22895-44678-1583402086.jpg,10.800391862752717,106.66682949663877,4.0,3.0,5.0,5.0,4.0,4.0,3.0,4.0,90.0,31.0,0.0
2020-03-05 16:57:00,5,3,2020,16:57:00,Evening,Rush hour,2.5999313923390437,..\..\Data\Data HCM\_MNR_SENSOR_DATA_\emotion_tags\image_tag,22895-44678-1583402260.jpg,10.800391862752717,106.66682949663877,2.0,3.0,5.0,5.0,4.0,4.0,3.0,4.0,90.0,31.0,0.0
2020-03-05 17:00:00,5,3,2020,17:00:00,Evening,Rush hour,2.5999313923390437,..\..\Data\Data HCM\_MNR_SENSOR_DATA_\emotion_tags\image_tag,22895-44678-1583402536.jpg,10.800391862752717,106.66682949663877,2.0,3.0,5.0,5.0,4.0,3.0,3.0,3.0,89.0,31.0,0.0
2020-03-05 17:04:00,5,3,2020,17:04:00,Evening,Rush hour,2.5999313923390437,..\..\Data\Data HCM\_MNR_SENSOR_DATA_\emotion_tags\image_tag,22895-44678-1583402712.jpg,10.800391862752717,106.66682949663877,2.0,3.0,5.0,5.0,4.0,4.0,3.0,4.0,91.0,32.0,0.0
2020-03-05 17:10:00,5,3,2020,17:10:00,Evening,Rush hour,4.839458770895119,..\..\Data\Data HCM\_MNR_SENSOR_DATA_\emotion_tags\image_tag,22895-44678-1583403043.jpg,10.785970973569134,106.68116671482125,4.0,4.0,5.0,5.0,4.0,3.0,3.0,4.0,91.0,32.0,0.0
2020-03-05 17:12:00,5,3,2020,17:12:00,Evening,Rush hour,4.839458770895119,..\..\Data\Data HCM\_MNR_SENSOR_DATA_\emotion_tags\image_tag,22895-44678-1583403184.jpg,10.785970973569134,106.68116671482125,4.0,4.0,5.0,5.0,4.0,4.0,3.0,4.0,91.0,31.0,0.0
2020-03-05 17:16:00,5,3,2020,17:16:00,Evening,Rush hour,4.839458770895119,..\..\Data\Data HCM\_MNR_SENSOR_DATA_\emotion_tags\image_tag,22895-44678-1583403397.jpg,10.785970973569134,106.68116671482125,1.0,2.0,3.0,3.0,4.0,4.0,3.0,4.0,92.0,31.0,0.0
2020-03-05 17:17:00,5,3,2020,17:17:00,Evening,Rush hour,4.839458770895119,..\..\Data\Data HCM\_MNR_SENSOR_DATA_\emotion_tags\image_tag,22895-44678-1583403488.jpg,10.785970973569134,106.68116671482125,1.0,2.0,5.0,5.0,4.0,4.0,3.0,4.0,91.0,30.0,0.0
2020-03-05 17:25:00,5,3,2020,17:25:00,Evening,Rush hour,4.839458770895119,..\..\Data\Data HCM\_MNR_SENSOR_DATA_\emotion_tags\image_tag,22895-44678-1583403934.jpg,10.785970973569134,106.68116671482125,2.0,3.0,4.0,4.0,4.0,4.0,3.0,3.0,97.0,31.0,0.0
2020-03-05 17:33:00,5,3,2020,17:33:00,Evening,Rush hour,2.8132697916396303,..\..\Data\Data HCM\_MNR_SENSOR_DATA_\emotion_tags\image_tag,22895-44678-1583404433.jpg,10.792811042748415,106.65361344529036,2.0,3.0,5.0,5.0,3.0,3.0,3.0,3.0,96.0,31.0,0.0
2020-03-05 17:37:00,5,3,2020,17:37:00,Evening,Rush hour,2.8132697916396303,..\..\Data\Data HCM\_MNR_SENSOR_DATA_\emotion_tags\image_tag,22895-44678-1583404640.jpg,10.792811042748415,106.65361344529036,2.0,3.0,5.0,5.0,4.0,4.0,3.0,3.0,97.0,31.0,0.0
2020-03-05 17:42:00,5,3,2020,17:42:00,Evening,Rush hour,2.8132697916396303,..\..\Data\Data HCM\_MNR_SENSOR_DATA_\emotion_tags\image_tag,22895-44678-1583404959.jpg,10.792811042748415,106.65361344529036,3.0,3.0,5.0,5.0,4.0,4.0,3.0,4.0,99.0,32.0,0.0
2020-03-06 07:42:00,6,3,2020,07:42:00,Morning,Rush hour,2.2435031239967236,..\..\Data\Data HCM\_MNR_SENSOR_DATA_\emotion_tags\image_tag,22895-44678-1583455349.jpg,10.800212646736396,106.6608656135333,4.0,4.0,5.0,5.0,4.0,3.0,2.0,4.0,79.0,30.0,0.0
2020-03-06 07:45:00,6,3,2020,07:45:00,Morning,Rush hour,2.2435031239967236,..\..\Data\Data HCM\_MNR_SENSOR_DATA_\emotion_tags\image_tag,22895-44678-1583455542.jpg,10.800212646736396,106.6608656135333,4.0,4.0,5.0,5.0,4.0,4.0,2.0,4.0,79.0,29.0,0.0
2020-03-06 07:49:00,6,3,2020,07:49:00,Morning,Rush hour,2.2435031239967236,..\..\Data\Data HCM\_MNR_SENSOR_DATA_\emotion_tags\image_tag,22895-44678-1583455816.jpg,10.800212646736396,106.6608656135333,2.0,3.0,5.0,5.0,4.0,4.0,2.0,4.0,79.0,28.0,0.0
2020-03-06 07:52:00,6,3,2020,07:52:00,Morning,Rush hour,2.2435031239967236,..\..\Data\Data HCM\_MNR_SENSOR_DATA_\emotion_tags\image_tag,22895-44678-1583455947.jpg,10.800212646736396,106.6608656135333,2.0,3.0,4.0,4.0,4.0,4.0,3.0,3.0,99.0,28.0,0.0
2020-03-06 07:53:00,6,3,2020,07:53:00,Morning,Rush hour,2.2435031239967236,..\..\Data\Data HCM\_MNR_SENSOR_DATA_\emotion_tags\image_tag,22895-44678-1583456037.jpg,10.800212646736396,106.6608656135333,2.0,3.0,5.0,5.0,4.0,4.0,3.0,3.0,99.0,28.0,0.0
2020-03-06 07:59:00,6,3,2020,07:59:00,Morning,Rush hour,4.711184626438511,..\..\Data\Data HCM\_MNR_SENSOR_DATA_\emotion_tags\image_tag,22895-44678-1583456394.jpg,10.788766911472091,106.68238871750358,4.0,4.0,3.0,3.0,4.0,4.0,1.0,4.0,99.0,28.0,0.0
2020-03-06 08:02:00,6,3,2020,08:02:00,Morning,Rush hour,4.711184626438511,..\..\Data\Data HCM\_MNR_SENSOR_DATA_\emotion_tags\image_tag,22895-44678-1583456575.jpg,10.788766911472091,106.68238871750358,4.0,4.0,3.0,3.0,4.0,4.0,2.0,4.0,99.0,29.0,0.0
2020-03-06 08:04:00,6,3,2020,08:04:00,Morning,Rush hour,4.711184626438511,..\..\Data\Data HCM\_MNR_SENSOR_DATA_\emotion_tags\image_tag,22895-44678-1583456715.jpg,10.788766911472091,106.68238871750358,4.0,3.0,5.0,5.0,4.0,3.0,3.0,4.0,99.0,29.0,0.0
2020-03-06 08:08:00,6,3,2020,08:08:00,Morning,Rush hour,4.711184626438511,..\..\Data\Data HCM\_MNR_SENSOR_DATA_\emotion_tags\image_tag,22895-44678-1583456928.jpg,10.788766911472091,106.68238871750358,1.0,2.0,4.0,4.0,3.0,3.0,3.0,3.0,99.0,29.0,0.0
2020-03-06 08:13:00,6,3,2020,08:13:00,Morning,Rush hour,4.711184626438511,..\..\Data\Data HCM\_MNR_SENSOR_DATA_\emotion_tags\image_tag,22895-44678-1583457249.jpg,10.788766911472091,106.68238871750358,1.0,2.0,3.0,3.0,3.0,3.0,3.0,3.0,99.0,30.0,0.0
2020-03-06 08:20:00,6,3,2020,08:20:00,Morning,Rush hour,4.151392006493408,..\..\Data\Data HCM\_MNR_SENSOR_DATA_\emotion_tags\image_tag,22895-44678-1583457647.jpg,10.784809032605114,106.66857313937042,1.0,2.0,5.0,5.0,4.0,3.0,3.0,4.0,99.0,30.0,0.0
2020-03-06 08:25:00,6,3,2020,08:25:00,Morning,Rush hour,4.151392006493408,..\..\Data\Data HCM\_MNR_SENSOR_DATA_\emotion_tags\image_tag,22895-44678-1583457934.jpg,10.784809032605114,106.66857313937042,1.0,2.0,4.0,4.0,4.0,3.0,3.0,4.0,99.0,30.0,0.0
2020-03-06 08:28:00,6,3,2020,08:28:00,Morning,Rush hour,4.151392006493408,..\..\Data\Data HCM\_MNR_SENSOR_DATA_\emotion_tags\image_tag,22895-44678-1583458123.jpg,10.784809032605114,106.66857313937042,2.0,3.0,5.0,5.0,4.0,3.0,3.0,3.0,99.0,30.0,0.0
2020-03-06 08:31:00,6,3,2020,08:31:00,Morning,Rush hour,2.2397325257393956,..\..\Data\Data HCM\_MNR_SENSOR_DATA_\emotion_tags\image_tag,22895-44678-1583458311.jpg,10.800262306308491,106.66088677819504,3.0,3.0,5.0,5.0,4.0,3.0,3.0,3.0,99.0,30.0,0.0
2020-03-06 12:02:00,6,3,2020,12:02:00,Afternoon,Not rush hour,2.3067698539339285,..\..\Data\Data HCM\_MNR_SENSOR_DATA_\emotion_tags\image_tag,22895-44678-1583470979.jpg,10.80083216505176,106.6630254657176,4.0,4.0,5.0,5.0,4.0,3.0,3.0,4.0,73.0,35.0,0.0
2020-03-06 12:04:00,6,3,2020,12:04:00,Afternoon,Not rush hour,2.3067698539339285,..\..\Data\Data HCM\_MNR_SENSOR_DATA_\emotion_tags\image_tag,22895-44678-1583471117.jpg,10.80083216505176,106.6630254657176,4.0,3.0,5.0,5.0,4.0,3.0,3.0,4.0,71.0,34.0,0.0
2020-03-06 12:08:00,6,3,2020,12:08:00,Afternoon,Not rush hour,2.3067698539339285,..\..\Data\Data HCM\_MNR_SENSOR_DATA_\emotion_tags\image_tag,22895-44678-1583471359.jpg,10.80083216505176,106.6630254657176,2.0,3.0,5.0,5.0,3.0,3.0,3.0,3.0,79.0,34.0,0.0
2020-03-06 12:10:00,6,3,2020,12:10:00,Afternoon,Not rush hour,2.3067698539339285,..\..\Data\Data HCM\_MNR_SENSOR_DATA_\emotion_tags\image_tag,22895-44678-1583471469.jpg,10.80083216505176,106.6630254657176,2.0,3.0,4.0,4.0,3.0,4.0,3.0,3.0,80.0,35.0,0.0
2020-03-06 12:13:00,6,3,2020,12:13:00,Afternoon,Not rush hour,2.3067698539339285,..\..\Data\Data HCM\_MNR_SENSOR_DATA_\emotion_tags\image_tag,22895-44678-1583471651.jpg,10.80083216505176,106.6630254657176,2.0,3.0,4.0,4.0,3.0,3.0,3.0,3.0,87.0,35.0,0.0
2020-03-06 12:18:00,6,3,2020,12:18:00,Afternoon,Not rush hour,4.656438270009697,..\..\Data\Data HCM\_MNR_SENSOR_DATA_\emotion_tags\image_tag,22895-44678-1583471936.jpg,10.78858023925882,106.68150618203602,4.0,4.0,2.0,2.0,4.0,4.0,3.0,4.0,86.0,34.0,0.0
2020-03-06 12:21:00,6,3,2020,12:21:00,Afternoon,Not rush hour,4.656438270009697,..\..\Data\Data HCM\_MNR_SENSOR_DATA_\emotion_tags\image_tag,22895-44678-1583472085.jpg,10.78858023925882,106.68150618203602,4.0,3.0,4.0,4.0,3.0,3.0,3.0,3.0,85.0,35.0,0.0
2020-03-06 12:25:00,6,3,2020,12:25:00,Afternoon,Not rush hour,4.656438270009697,..\..\Data\Data HCM\_MNR_SENSOR_DATA_\emotion_tags\image_tag,22895-44678-1583472379.jpg,10.78858023925882,106.68150618203602,4.0,3.0,4.0,4.0,3.0,3.0,3.0,3.0,81.0,36.0,0.0
2020-03-06 12:29:00,6,3,2020,12:29:00,Afternoon,Not rush hour,4.656438270009697,..\..\Data\Data HCM\_MNR_SENSOR_DATA_\emotion_tags\image_tag,22895-44678-1583472596.jpg,10.78858023925882,106.68150618203602,1.0,2.0,3.0,3.0,2.0,2.0,4.0,2.0,76.0,37.0,0.0
2020-03-06 12:33:00,6,3,2020,12:33:00,Afternoon,Not rush hour,4.7285630203567335,..\..\Data\Data HCM\_MNR_SENSOR_DATA_\emotion_tags\image_tag,22895-44678-1583472856.jpg,10.781889052679016,106.67403266019319,1.0,2.0,3.0,3.0,2.0,2.0,4.0,3.0,76.0,39.0,1.0
2020-03-06 12:38:00,6,3,2020,12:38:00,Afternoon,Not rush hour,4.7285630203567335,..\..\Data\Data HCM\_MNR_SENSOR_DATA_\emotion_tags\image_tag,22895-44678-1583473129.jpg,10.781889052679016,106.67403266019319,2.0,3.0,3.0,3.0,2.0,2.0,4.0,2.0,75.0,41.0,1.0
2020-03-06 12:42:00,6,3,2020,12:42:00,Afternoon,Not rush hour,4.7285630203567335,..\..\Data\Data HCM\_MNR_SENSOR_DATA_\emotion_tags\image_tag,22895-44678-1583473362.jpg,10.781889052679016,106.67403266019319,1.0,3.0,4.0,4.0,2.0,2.0,4.0,2.0,80.0,38.0,0.0
2020-03-06 12:46:00,6,3,2020,12:46:00,Afternoon,Not rush hour,4.7285630203567335,..\..\Data\Data HCM\_MNR_SENSOR_DATA_\emotion_tags\image_tag,22895-44678-1583473619.jpg,10.781889052679016,106.67403266019319,2.0,3.0,4.0,4.0,2.0,2.0,4.0,2.0,79.0,38.0,0.0
2020-03-06 12:50:00,6,3,2020,12:50:00,Afternoon,Not rush hour,2.5377975685194682,..\..\Data\Data HCM\_MNR_SENSOR_DATA_\emotion_tags\image_tag,22895-44678-1583473865.jpg,10.795668865147398,106.65597744306321,2.0,3.0,4.0,4.0,3.0,3.0,3.0,3.0,78.0,38.0,0.0
2020-03-06 12:53:00,6,3,2020,12:53:00,Afternoon,Not rush hour,2.5377975685194682,..\..\Data\Data HCM\_MNR_SENSOR_DATA_\emotion_tags\image_tag,22895-44678-1583474020.jpg,10.795668865147398,106.65597744306321,2.0,3.0,4.0,4.0,3.0,3.0,3.0,3.0,78.0,35.0,0.0
2020-03-06 16:54:00,6,3,2020,16:54:00,Evening,Rush hour,2.232509753147435,..\..\Data\Data HCM\_MNR_SENSOR_DATA_\emotion_tags\image_tag,22895-44678-1583488526.jpg,10.800410179324448,106.66102494013585,2.0,3.0,5.0,5.0,3.0,3.0,3.0,3.0,63.0,33.0,0.0
2020-03-06 16:57:00,6,3,2020,16:57:00,Evening,Rush hour,2.232509753147435,..\..\Data\Data HCM\_MNR_SENSOR_DATA_\emotion_tags\image_tag,22895-44678-1583488712.jpg,10.800410179324448,106.66102494013585,5.0,4.0,5.0,5.0,4.0,4.0,2.0,4.0,62.0,33.0,0.0
2020-03-06 17:00:00,6,3,2020,17:00:00,Evening,Rush hour,2.232509753147435,..\..\Data\Data HCM\_MNR_SENSOR_DATA_\emotion_tags\image_tag,22895-44678-1583488851.jpg,10.800410179324448,106.66102494013585,4.0,3.0,4.0,4.0,4.0,4.0,2.0,4.0,63.0,31.0,0.0
2020-03-06 17:05:00,6,3,2020,17:05:00,Evening,Rush hour,2.232509753147435,..\..\Data\Data HCM\_MNR_SENSOR_DATA_\emotion_tags\image_tag,22895-44678-1583489217.jpg,10.800410179324448,106.66102494013585,2.0,3.0,5.0,5.0,4.0,3.0,3.0,4.0,63.0,33.0,0.0
2020-03-06 17:08:00,6,3,2020,17:08:00,Evening,Rush hour,2.232509753147435,..\..\Data\Data HCM\_MNR_SENSOR_DATA_\emotion_tags\image_tag,22895-44678-1583489318.jpg,10.800410179324448,106.66102494013585,2.0,3.0,5.0,5.0,4.0,3.0,4.0,2.0,71.0,31.0,0.0
2020-03-06 17:17:00,6,3,2020,17:17:00,Evening,Rush hour,4.802869606416861,..\..\Data\Data HCM\_MNR_SENSOR_DATA_\emotion_tags\image_tag,22895-44678-1583489910.jpg,10.784062439593654,106.67836906071224,4.0,3.0,5.0,5.0,4.0,4.0,3.0,3.0,72.0,31.0,0.0
2020-03-06 17:21:00,6,3,2020,17:21:00,Evening,Rush hour,4.802869606416861,..\..\Data\Data HCM\_MNR_SENSOR_DATA_\emotion_tags\image_tag,22895-44678-1583490130.jpg,10.784062439593654,106.67836906071224,1.0,2.0,5.0,5.0,4.0,3.0,3.0,3.0,71.0,30.0,0.0
2020-03-06 17:26:00,6,3,2020,17:26:00,Evening,Rush hour,4.802869606416861,..\..\Data\Data HCM\_MNR_SENSOR_DATA_\emotion_tags\image_tag,22895-44678-1583490440.jpg,10.784062439593654,106.67836906071224,1.0,3.0,4.0,4.0,3.0,3.0,4.0,3.0,72.0,31.0,0.0
2020-03-06 17:31:00,6,3,2020,17:31:00,Evening,Rush hour,4.802869606416861,..\..\Data\Data HCM\_MNR_SENSOR_DATA_\emotion_tags\image_tag,22895-44678-1583490732.jpg,10.784062439593654,106.67836906071224,2.0,3.0,4.0,4.0,4.0,4.0,3.0,4.0,71.0,31.0,0.0
2020-03-06 17:35:00,6,3,2020,17:35:00,Evening,Rush hour,3.9573807095380333,..\..\Data\Data HCM\_MNR_SENSOR_DATA_\emotion_tags\image_tag,22895-44678-1583490992.jpg,10.78588668723664,106.66678899909057,1.0,2.0,4.0,4.0,4.0,4.0,3.0,3.0,71.0,30.0,0.0
2020-03-06 17:39:00,6,3,2020,17:39:00,Evening,Rush hour,3.9573807095380333,..\..\Data\Data HCM\_MNR_SENSOR_DATA_\emotion_tags\image_tag,22895-44678-1583491226.jpg,10.78588668723664,106.66678899909057,1.0,3.0,4.0,4.0,3.0,3.0,4.0,3.0,72.0,30.0,0.0
2020-03-06 17:42:00,6,3,2020,17:42:00,Evening,Rush hour,3.9573807095380333,..\..\Data\Data HCM\_MNR_SENSOR_DATA_\emotion_tags\image_tag,22895-44678-1583491375.jpg,10.78588668723664,106.66678899909057,2.0,2.0,5.0,5.0,3.0,3.0,3.0,4.0,71.0,31.0,0.0
2020-03-06 17:48:00,6,3,2020,17:48:00,Evening,Rush hour,2.242653200442048,..\..\Data\Data HCM\_MNR_SENSOR_DATA_\emotion_tags\image_tag,22895-44678-1583491739.jpg,10.800273173862257,106.6609634507197,3.0,3.0,5.0,5.0,4.0,4.0,4.0,2.0,72.0,32.0,0.0
