greenness degree,cleanliness degree,crowdedness degree,noisy degree,skin feeling degree,stress degree,personal aqi degree,safety degree,hum,tem,uv,part_of_day_Afternoon,part_of_day_Evening,part_of_day_Morning,Not rush hour,Rush hour,distance_to_airport,num_people,num_motorcycles,num_cars,rms_contrast
-0.4811630667107491,-1.1157039955110968,-2.236371799930853,-2.0797332612359147,-1.4797616686486716,-1.5178518607457663,-1.3762488006937443,-1.5036632171548123,-0.5285244158406867,0.4611146003556346,-0.22110831935702666,1.4509525002200232,-0.603458241894982,-0.8353692157475672,1.308680128282278,-1.308680128282278,1.2628000215624704,-2.0033949108630176,-1.1426903610607997,-0.3621110069944861,-0.700774940572559
-0.4811630667107491,0.17501239145272118,1.2511859849833404,1.2667466227527846,0.7660502529017241,1.049983545247071,1.1711607441197744,1.0131064229057247,0.9634823083028792,-0.8468546987300579,-0.22110831935702666,-0.689202437604511,-0.603458241894982,1.1970754741124932,-0.7641286655071019,0.7641286655071019,-0.03603472071146972,-0.6827211707410283,-1.1426903610607997,-0.3621110069944861,-0.7886598377254377
-0.4811630667107491,-1.1157039955110968,0.08866672334527588,0.15125332808988481,-0.3568557078734737,-0.2339341577493477,-0.10254402828698488,-0.24527839712454377,0.888881972095701,-0.8468546987300579,-0.22110831935702666,-0.689202437604511,-0.603458241894982,1.1970754741124932,-0.7641286655071019,0.7641286655071019,1.2462566129619488,1.2982894394419557,0.8608380580354021,-0.3621110069944861,-0.645493972360905
-1.404370251619178,-1.1157039955110968,1.2511859849833404,1.2667466227527846,0.7660502529017241,1.049983545247071,-0.10254402828698488,1.0131064229057247,1.1126829807172358,-0.8468546987300579,-0.22110831935702666,-0.689202437604511,1.6571154896481253,-0.8353692157475672,-0.7641286655071019,0.7641286655071019,1.2695402949024108,-0.02238430068003366,0.05942669039692135,1.0274531824477697,1.6216182166917414
-0.4811630667107491,0.17501239145272118,0.08866672334527588,0.15125332808988481,0.7660502529017241,-0.2339341577493477,-0.10254402828698488,-0.24527839712454377,-0.23012307101197352,-0.3236669790957809,-0.22110831935702666,-0.689202437604511,-0.603458241894982,1.1970754741124932,1.308680128282278,-1.308680128282278,0.4681484865599813,-1.0128896057715258,0.05942669039692135,-0.3621110069944861,0.2928150834940833
-1.404370251619178,-1.1157039955110968,0.08866672334527588,0.15125332808988481,-0.3568557078734737,-0.2339341577493477,-0.10254402828698488,-0.24527839712454377,0.5158802910598095,2.0306777592584657,-0.22110831935702666,1.4509525002200232,-0.603458241894982,-0.8353692157475672,1.308680128282278,-1.308680128282278,1.3030946885421244,-0.02238430068003366,-0.34127899342231904,-0.3621110069944861,0.3540340626589636
-1.404370251619178,0.17501239145272118,0.08866672334527588,0.15125332808988481,-1.4797616686486716,-1.5178518607457663,1.1711607441197744,-1.5036632171548123,0.2920792824382746,1.2458961798070503,-0.22110831935702666,1.4509525002200232,-0.603458241894982,-0.8353692157475672,1.308680128282278,-1.308680128282278,1.168130840663025,-0.35255273571053103,-0.7419846772415594,0.3326710877266418,-0.6173570847417212
-0.4811630667107491,-1.1157039955110968,0.08866672334527588,0.15125332808988481,0.7660502529017241,-0.2339341577493477,-0.10254402828698488,-0.24527839712454377,1.2618836531315925,-0.5852608389129195,-0.22110831935702666,-0.689202437604511,-0.603458241894982,1.1970754741124932,-0.7641286655071019,0.7641286655071019,1.2462566129619488,0.3077841343504637,0.4601323742161617,-1.056893101715614,-0.11217414944690154
-0.4811630667107491,0.17501239145272118,0.08866672334527588,0.15125332808988481,0.7660502529017241,-0.2339341577493477,-0.10254402828698488,-0.24527839712454377,1.2618836531315925,-0.5852608389129195,-0.22110831935702666,-0.689202437604511,1.6571154896481253,-0.8353692157475672,-0.7641286655071019,0.7641286655071019,1.584771678706621,1.6284578744724532,-0.7419846772415594,-0.3621110069944861,1.8563361181263012
-1.404370251619178,-1.1157039955110968,-1.0738525382927888,-0.964239966573015,-0.3568557078734737,-0.2339341577493477,-0.10254402828698488,-0.24527839712454377,-0.6777250882550433,-0.3236669790957809,-0.22110831935702666,-0.689202437604511,-0.603458241894982,1.1970754741124932,-0.7641286655071019,0.7641286655071019,1.622556838312012,0.9681210044114584,2.4636607933123638,-0.3621110069944861,-1.8458213069097225
0.4420441181976798,0.17501239145272118,0.08866672334527588,-0.964239966573015,-1.4797616686486716,-0.2339341577493477,-0.10254402828698488,-0.24527839712454377,0.44127995485263116,-1.370042418364335,-0.22110831935702666,-0.689202437604511,-0.603458241894982,1.1970754741124932,-0.7641286655071019,0.7641286655071019,-0.7565571242970385,0.637952569380961,0.8608380580354021,0.3326710877266418,-0.0515848556918288
-1.404370251619178,-1.1157039955110968,0.08866672334527588,-0.964239966573015,-1.4797616686486716,-1.5178518607457663,1.1711607441197744,-1.5036632171548123,-1.2745277779124697,0.9843023199899117,-0.22110831935702666,1.4509525002200232,-0.603458241894982,-0.8353692157475672,1.308680128282278,-1.308680128282278,-0.22733262082616704,-0.6827211707410283,-0.34127899342231904,-1.056893101715614,0.363007100519991
-0.4811630667107491,0.17501239145272118,1.2511859849833404,1.2667466227527846,0.7660502529017241,1.049983545247071,-0.10254402828698488,-0.24527839712454377,1.5602849979603055,-0.5852608389129195,-0.22110831935702666,-0.689202437604511,1.6571154896481253,-0.8353692157475672,-0.7641286655071019,0.7641286655071019,-0.5833234764738795,-1.0128896057715258,-1.1426903610607997,-0.3621110069944861,0.8898272816504258
0.4420441181976798,0.17501239145272118,1.2511859849833404,0.15125332808988481,0.7660502529017241,1.049983545247071,1.1711607441197744,-0.24527839712454377,1.7094856703746621,-0.8468546987300579,-0.22110831935702666,-0.689202437604511,-0.603458241894982,1.1970754741124932,-0.7641286655071019,0.7641286655071019,-1.1161686039781769,-0.02238430068003366,0.4601323742161617,-0.3621110069944861,0.14304502163652408
-0.4811630667107491,-1.1157039955110968,-1.0738525382927888,-0.964239966573015,-1.4797616686486716,-1.5178518607457663,-1.3762488006937443,-1.5036632171548123,0.06827827381673968,1.5074900396241886,-0.22110831935702666,1.4509525002200232,-0.603458241894982,-0.8353692157475672,1.308680128282278,-1.308680128282278,0.6416987198622804,0.9681210044114584,0.4601323742161617,0.3326710877266418,-0.97352247375812
-0.4811630667107491,0.17501239145272118,-1.0738525382927888,-0.964239966573015,-0.3568557078734737,-0.2339341577493477,-0.10254402828698488,-0.24527839712454377,0.06827827381673968,1.5074900396241886,-0.22110831935702666,1.4509525002200232,-0.603458241894982,-0.8353692157475672,1.308680128282278,-1.308680128282278,-0.9625985532565778,-1.0128896057715258,0.05942669039692135,1.0274531824477697,-0.15879408056290265
1.3652513031061086,1.4657287784165391,0.08866672334527588,0.15125332808988481,0.7660502529017241,1.049983545247071,1.1711607441197744,2.2714912429359932,0.5904806272669877,-0.06207311927864241,-0.22110831935702666,-0.689202437604511,1.6571154896481253,-0.8353692157475672,-0.7641286655071019,0.7641286655071019,-0.964275377127021,-1.6732264758325204,-1.5433960448800401,3.1117994666111533,0.1607150882264584
-0.4811630667107491,-1.1157039955110968,1.2511859849833404,1.2667466227527846,0.7660502529017241,-0.2339341577493477,-0.10254402828698488,-0.24527839712454377,-1.6475294589483611,-0.5852608389129195,-0.22110831935702666,-0.689202437604511,1.6571154896481253,-0.8353692157475672,-0.7641286655071019,0.7641286655071019,-1.106757211525418,0.3077841343504637,-0.7419846772415594,1.0274531824477697,0.9243994229815274
-0.4811630667107491,-1.1157039955110968,0.08866672334527588,0.15125332808988481,-1.4797616686486716,-1.5178518607457663,-1.3762488006937443,-1.5036632171548123,-1.7967301313627178,1.2458961798070503,-0.22110831935702666,1.4509525002200232,-0.603458241894982,-0.8353692157475672,1.308680128282278,-1.308680128282278,-0.9643811971694205,-0.6827211707410283,-0.34127899342231904,0.3326710877266418,-1.4604747715398674
-0.4811630667107491,0.17501239145272118,1.2511859849833404,1.2667466227527846,0.7660502529017241,-0.2339341577493477,-0.10254402828698488,-0.24527839712454377,-0.006322062390438623,-0.5852608389129195,-0.22110831935702666,-0.689202437604511,1.6571154896481253,-0.8353692157475672,-0.7641286655071019,0.7641286655071019,-0.6125995236091697,0.3077841343504637,0.4601323742161617,1.0274531824477697,1.6504220721933596
-1.404370251619178,-1.1157039955110968,1.2511859849833404,1.2667466227527846,0.7660502529017241,-0.2339341577493477,-0.10254402828698488,-0.24527839712454377,-0.37932374342633013,-0.8468546987300579,-0.22110831935702666,-0.689202437604511,1.6571154896481253,-0.8353692157475672,-0.7641286655071019,0.7641286655071019,1.236081057891062,0.637952569380961,0.8608380580354021,-1.056893101715614,1.2634757621936503
2.2884584880145376,1.4657287784165391,1.2511859849833404,1.2667466227527846,0.7660502529017241,-0.2339341577493477,-0.10254402828698488,1.0131064229057247,1.2618836531315925,-1.370042418364335,-0.22110831935702666,-0.689202437604511,-0.603458241894982,1.1970754741124932,-0.7641286655071019,0.7641286655071019,-0.9646928779448835,0.9681210044114584,0.8608380580354021,-1.056893101715614,0.9667903440879617
-1.404370251619178,-1.1157039955110968,0.08866672334527588,0.15125332808988481,0.7660502529017241,-0.2339341577493477,1.1711607441197744,1.0131064229057247,1.1872833169244141,-0.5852608389129195,-0.22110831935702666,-0.689202437604511,1.6571154896481253,-0.8353692157475672,-0.7641286655071019,0.7641286655071019,0.47428838001408336,-0.02238430068003366,0.4601323742161617,-0.3621110069944861,0.9893597219942118
-1.404370251619178,-1.1157039955110968,-1.0738525382927888,-0.964239966573015,0.7660502529017241,1.049983545247071,-0.10254402828698488,-0.24527839712454377,-0.6777250882550433,-0.3236669790957809,-0.22110831935702666,-0.689202437604511,-0.603458241894982,1.1970754741124932,-0.7641286655071019,0.7641286655071019,1.622556838312012,0.3077841343504637,-1.1426903610607997,-1.056893101715614,0.37824383726162164
-0.4811630667107491,-1.1157039955110968,1.2511859849833404,1.2667466227527846,-0.3568557078734737,-0.2339341577493477,-0.10254402828698488,1.0131064229057247,-0.37932374342633013,-0.5852608389129195,-0.22110831935702666,-0.689202437604511,1.6571154896481253,-0.8353692157475672,-0.7641286655071019,0.7641286655071019,0.46291736873541667,0.3077841343504637,1.662249425673883,-0.3621110069944861,0.6927310451826589
0.4420441181976798,0.17501239145272118,1.2511859849833404,1.2667466227527846,0.7660502529017241,-0.2339341577493477,-0.10254402828698488,-0.24527839712454377,1.7094856703746621,-1.370042418364335,-0.22110831935702666,-0.689202437604511,-0.603458241894982,1.1970754741124932,-0.7641286655071019,0.7641286655071019,-1.1161686039781769,0.9681210044114584,0.05942669039692135,-0.3621110069944861,0.5720096811590305
1.3652513031061086,0.17501239145272118,0.08866672334527588,0.15125332808988481,-1.4797616686486716,-0.2339341577493477,-0.10254402828698488,-0.24527839712454377,-0.4539240796335084,1.2458961798070503,-0.22110831935702666,1.4509525002200232,-0.603458241894982,-0.8353692157475672,1.308680128282278,-1.308680128282278,0.6558869793055377,0.9681210044114584,0.05942669039692135,-1.056893101715614,-0.4455028915675497
-0.4811630667107491,0.17501239145272118,1.2511859849833404,1.2667466227527846,0.7660502529017241,1.049983545247071,1.1711607441197744,1.0131064229057247,1.7094856703746621,-0.5852608389129195,-0.22110831935702666,-0.689202437604511,-0.603458241894982,1.1970754741124932,-0.7641286655071019,0.7641286655071019,-1.1161686039781769,1.2982894394419557,2.4636607933123638,-1.056893101715614,1.0377786150273365
-0.4811630667107491,-1.1157039955110968,1.2511859849833404,1.2667466227527846,-1.4797616686486716,-1.5178518607457663,-1.3762488006937443,-1.5036632171548123,-0.4539240796335084,1.2458961798070503,-0.22110831935702666,1.4509525002200232,-0.603458241894982,-0.8353692157475672,1.308680128282278,-1.308680128282278,-1.11427382571264,-0.6827211707410283,-1.5433960448800401,3.806581561332281,-1.2757829383336434
-0.4811630667107491,0.17501239145272118,1.2511859849833404,1.2667466227527846,-0.3568557078734737,-0.2339341577493477,-0.10254402828698488,-0.24527839712454377,1.7094856703746621,-1.1084485585471964,-0.22110831935702666,-0.689202437604511,-0.603458241894982,1.1970754741124932,-0.7641286655071019,0.7641286655071019,-1.1161686039781769,0.637952569380961,0.05942669039692135,-0.3621110069944861,1.8448170532790056
-0.4811630667107491,0.17501239145272118,1.2511859849833404,1.2667466227527846,-0.3568557078734737,-0.2339341577493477,-0.10254402828698488,-0.24527839712454377,-0.9761264330837565,-0.06207311927864241,-0.22110831935702666,-0.689202437604511,1.6571154896481253,-0.8353692157475672,-0.7641286655071019,0.7641286655071019,-1.114403867396094,-0.02238430068003366,0.8608380580354021,-0.3621110069944861,0.3901083896969641
-0.4811630667107491,0.17501239145272118,1.2511859849833404,1.2667466227527846,0.7660502529017241,-0.2339341577493477,-0.10254402828698488,-0.24527839712454377,0.9634823083028792,-0.5852608389129195,-0.22110831935702666,-0.689202437604511,1.6571154896481253,-0.8353692157475672,-0.7641286655071019,0.7641286655071019,-0.7784123823728302,0.637952569380961,-0.34127899342231904,1.0274531824477697,0.6618271208292436
-0.4811630667107491,0.17501239145272118,1.2511859849833404,1.2667466227527846,0.7660502529017241,1.049983545247071,1.1711607441197744,1.0131064229057247,1.1126829807172358,-0.3236669790957809,-0.22110831935702666,-0.689202437604511,1.6571154896481253,-0.8353692157475672,-0.7641286655071019,0.7641286655071019,-1.4860636473064404,0.637952569380961,1.662249425673883,-0.3621110069944861,1.1724568685672023
1.3652513031061086,1.4657287784165391,1.2511859849833404,1.2667466227527846,0.7660502529017241,1.049983545247071,-1.3762488006937443,1.0131064229057247,1.7094856703746621,-1.1084485585471964,-0.22110831935702666,-0.689202437604511,-0.603458241894982,1.1970754741124932,-0.7641286655071019,0.7641286655071019,0.6548802370684109,0.9681210044114584,0.05942669039692135,-0.3621110069944861,0.5650056940660719
0.4420441181976798,0.17501239145272118,-2.236371799930853,-2.0797332612359147,0.7660502529017241,1.049983545247071,-0.10254402828698488,-0.24527839712454377,0.44127995485263116,-0.5852608389129195,-0.22110831935702666,-0.689202437604511,-0.603458241894982,1.1970754741124932,-0.7641286655071019,0.7641286655071019,-0.04660453714180162,-0.6827211707410283,0.05942669039692135,1.0274531824477697,-0.4478747309962429
0.4420441181976798,-1.1157039955110968,-2.236371799930853,-2.0797332612359147,-1.4797616686486716,-1.5178518607457663,-1.3762488006937443,-1.5036632171548123,0.06827827381673968,1.5074900396241886,-0.22110831935702666,1.4509525002200232,-0.603458241894982,-0.8353692157475672,1.308680128282278,-1.308680128282278,0.6416987198622804,-2.0033949108630176,-2.344807412518521,-0.3621110069944861,-0.18355462655860075
-0.4811630667107491,-1.1157039955110968,-1.0738525382927888,-0.964239966573015,-1.4797616686486716,-1.5178518607457663,-1.3762488006937443,-1.5036632171548123,0.06827827381673968,1.5074900396241886,-0.22110831935702666,1.4509525002200232,-0.603458241894982,-0.8353692157475672,1.308680128282278,-1.308680128282278,-0.9625985532565778,0.637952569380961,0.8608380580354021,-0.3621110069944861,-0.8651803007005385
-0.4811630667107491,0.17501239145272118,1.2511859849833404,1.2667466227527846,0.7660502529017241,1.049983545247071,-0.10254402828698488,1.0131064229057247,1.0380826445100575,-0.5852608389129195,-0.22110831935702666,-0.689202437604511,1.6571154896481253,-0.8353692157475672,-0.7641286655071019,0.7641286655071019,-0.7784123823728302,-0.02238430068003366,0.05942669039692135,-0.3621110069944861,0.5402866461218986
1.3652513031061086,1.4657287784165391,1.2511859849833404,1.2667466227527846,0.7660502529017241,1.049983545247071,-2.6499535731005035,1.0131064229057247,1.7094856703746621,-0.8468546987300579,-0.22110831935702666,-0.689202437604511,-0.603458241894982,1.1970754741124932,-0.7641286655071019,0.7641286655071019,0.6548802370684109,1.2982894394419557,-0.7419846772415594,1.7222352771688976,1.706677468978118
-0.4811630667107491,-1.1157039955110968,0.08866672334527588,0.15125332808988481,0.7660502529017241,-0.2339341577493477,-0.10254402828698488,-0.24527839712454377,-0.9015260968765781,-0.3236669790957809,-0.22110831935702666,-0.689202437604511,1.6571154896481253,-0.8353692157475672,-0.7641286655071019,0.7641286655071019,-0.964213613340066,0.9681210044114584,0.05942669039692135,-1.056893101715614,0.05437251524306661
0.4420441181976798,0.17501239145272118,1.2511859849833404,1.2667466227527846,-1.4797616686486716,-1.5178518607457663,-1.3762488006937443,-1.5036632171548123,-0.4539240796335084,1.2458961798070503,-0.22110831935702666,-0.689202437604511,-0.603458241894982,1.1970754741124932,1.308680128282278,-1.308680128282278,-1.11427382571264,1.6284578744724532,0.8608380580354021,1.0274531824477697,0.6709674829461637
-0.4811630667107491,-1.1157039955110968,0.08866672334527588,0.15125332808988481,-1.4797616686486716,-1.5178518607457663,-1.3762488006937443,-1.5036632171548123,-1.4237284503268262,2.553865478892743,4.522670168666454,1.4509525002200232,-0.603458241894982,-0.8353692157475672,1.308680128282278,-1.308680128282278,0.46538902324024306,0.9681210044114584,0.4601323742161617,0.3326710877266418,0.632133907097595
1.3652513031061086,1.4657287784165391,-1.0738525382927888,-2.0797332612359147,0.7660502529017241,1.049983545247071,1.1711607441197744,1.0131064229057247,0.2920792824382746,-1.1084485585471964,-0.22110831935702666,-0.689202437604511,-0.603458241894982,1.1970754741124932,-0.7641286655071019,0.7641286655071019,0.6835115761214238,-1.3430580408020232,-1.9441017286992806,-1.056893101715614,-1.6621763487490655
-0.4811630667107491,-1.1157039955110968,-1.0738525382927888,-0.964239966573015,-1.4797616686486716,-1.5178518607457663,-1.3762488006937443,-1.5036632171548123,0.06827827381673968,1.5074900396241886,-0.22110831935702666,1.4509525002200232,-0.603458241894982,-0.8353692157475672,1.308680128282278,-1.308680128282278,-0.9625985532565778,0.9681210044114584,2.4636607933123638,-0.3621110069944861,-0.823889380624953
1.3652513031061086,1.4657287784165391,-1.0738525382927888,-0.964239966573015,1.888956213676922,1.049983545247071,1.1711607441197744,1.0131064229057247,-0.6777250882550433,-0.3236669790957809,-0.22110831935702666,-0.689202437604511,-0.603458241894982,1.1970754741124932,-0.7641286655071019,0.7641286655071019,1.622556838312012,2.288794744533448,0.8608380580354021,-1.056893101715614,0.6758690777399158
-0.4811630667107491,-1.1157039955110968,0.08866672334527588,0.15125332808988481,-1.4797616686486716,-1.5178518607457663,-1.3762488006937443,-1.5036632171548123,-0.9015260968765781,1.2458961798070503,-0.22110831935702666,1.4509525002200232,-0.603458241894982,-0.8353692157475672,1.308680128282278,-1.308680128282278,1.2434563110947463,-0.35255273571053103,-0.7419846772415594,-1.056893101715614,-0.8660796416018255
-0.4811630667107491,1.4657287784165391,-2.236371799930853,-2.0797332612359147,0.7660502529017241,1.049983545247071,1.1711607441197744,1.0131064229057247,0.665080963474166,-0.5852608389129195,-0.22110831935702666,-0.689202437604511,-0.603458241894982,1.1970754741124932,-0.7641286655071019,0.7641286655071019,-0.04660453714180162,-0.6827211707410283,-0.34127899342231904,-0.3621110069944861,-1.6230046844583332
0.4420441181976798,0.17501239145272118,0.08866672334527588,0.15125332808988481,-1.4797616686486716,-0.2339341577493477,-0.10254402828698488,-0.24527839712454377,0.21747894623109626,-0.06207311927864241,-0.22110831935702666,1.4509525002200232,-0.603458241894982,-0.8353692157475672,1.308680128282278,-1.308680128282278,-1.2063358029992777,0.637952569380961,0.05942669039692135,-1.056893101715614,0.9235093228138385
0.4420441181976798,0.17501239145272118,0.08866672334527588,1.2667466227527846,0.7660502529017241,1.049983545247071,1.1711607441197744,1.0131064229057247,0.21747894623109626,-1.1084485585471964,-0.22110831935702666,-0.689202437604511,-0.603458241894982,1.1970754741124932,-0.7641286655071019,0.7641286655071019,-0.32525023714829365,0.637952569380961,0.4601323742161617,1.0274531824477697,-0.7419636931917104
-0.4811630667107491,-1.1157039955110968,0.08866672334527588,0.15125332808988481,-0.3568557078734737,-0.2339341577493477,-0.10254402828698488,-0.24527839712454377,-0.15552273480479523,0.7227084601727731,-0.22110831935702666,1.4509525002200232,-0.603458241894982,-0.8353692157475672,1.308680128282278,-1.308680128282278,-1.0832389643564062,-2.333563345893515,-1.9441017286992806,0.3326710877266418,-0.8028778717114811
-0.4811630667107491,0.17501239145272118,0.08866672334527588,0.15125332808988481,0.7660502529017241,-0.2339341577493477,-0.10254402828698488,-0.24527839712454377,-2.0205311399842527,-0.3236669790957809,-0.22110831935702666,-0.689202437604511,1.6571154896481253,-0.8353692157475672,-0.7641286655071019,0.7641286655071019,1.2441417749196844,0.9681210044114584,-0.34127899342231904,0.3326710877266418,-0.044828957882917124
-1.404370251619178,-1.1157039955110968,0.08866672334527588,0.15125332808988481,-1.4797616686486716,-1.5178518607457663,-1.3762488006937443,-1.5036632171548123,-0.15552273480479523,1.7690838994413272,4.522670168666454,1.4509525002200232,-0.603458241894982,-0.8353692157475672,1.308680128282278,-1.308680128282278,1.3030946885421244,-0.6827211707410283,0.8608380580354021,-1.056893101715614,0.02813087711061033
-0.4811630667107491,0.17501239145272118,0.08866672334527588,0.15125332808988481,0.7660502529017241,-0.2339341577493477,-0.10254402828698488,-0.24527839712454377,-0.23012307101197352,-0.06207311927864241,-0.22110831935702666,-0.689202437604511,-0.603458241894982,1.1970754741124932,1.308680128282278,-1.308680128282278,1.2844163905097952,0.9681210044114584,1.2615437418546425,0.3326710877266418,0.14688976557359035
0.4420441181976798,0.17501239145272118,1.2511859849833404,0.15125332808988481,0.7660502529017241,1.049983545247071,1.1711607441197744,1.0131064229057247,0.06827827381673968,-0.5852608389129195,-0.22110831935702666,-0.689202437604511,1.6571154896481253,-0.8353692157475672,-0.7641286655071019,0.7641286655071019,1.571753971132505,-0.02238430068003366,0.05942669039692135,-1.056893101715614,1.222072764769937
-0.4811630667107491,0.17501239145272118,-1.0738525382927888,-0.964239966573015,-0.3568557078734737,-0.2339341577493477,-0.10254402828698488,-0.24527839712454377,-1.2745277779124697,0.9843023199899117,-0.22110831935702666,1.4509525002200232,-0.603458241894982,-0.8353692157475672,1.308680128282278,-1.308680128282278,-0.22733262082616704,-0.6827211707410283,0.05942669039692135,0.3326710877266418,-0.09977606109778882
-1.404370251619178,-1.1157039955110968,0.08866672334527588,0.15125332808988481,0.7660502529017241,-0.2339341577493477,-0.10254402828698488,-0.24527839712454377,-0.37932374342633013,-0.3236669790957809,-0.22110831935702666,-0.689202437604511,1.6571154896481253,-0.8353692157475672,-0.7641286655071019,0.7641286655071019,1.6210196454186703,-1.0128896057715258,-1.1426903610607997,1.7222352771688976,-0.41437405760976337
-0.4811630667107491,-1.1157039955110968,-1.0738525382927888,-0.964239966573015,-1.4797616686486716,-1.5178518607457663,1.1711607441197744,-1.5036632171548123,-1.125327105498113,0.9843023199899117,-0.22110831935702666,1.4509525002200232,-0.603458241894982,-0.8353692157475672,1.308680128282278,-1.308680128282278,-0.22733262082616704,-0.02238430068003366,0.4601323742161617,0.3326710877266418,0.589869166332123
-0.4811630667107491,0.17501239145272118,0.08866672334527588,0.15125332808988481,0.7660502529017241,1.049983545247071,1.1711607441197744,1.0131064229057247,0.36667961864545284,-0.06207311927864241,-0.22110831935702666,-0.689202437604511,1.6571154896481253,-0.8353692157475672,-0.7641286655071019,0.7641286655071019,-0.964275377127021,-0.02238430068003366,-0.7419846772415594,-0.3621110069944861,-0.41738559758764743
1.3652513031061086,1.4657287784165391,0.08866672334527588,-0.964239966573015,0.7660502529017241,1.049983545247071,1.1711607441197744,1.0131064229057247,0.14287861002391797,-0.5852608389129195,-0.22110831935702666,-0.689202437604511,-0.603458241894982,1.1970754741124932,-0.7641286655071019,0.7641286655071019,-1.120845386125785,0.3077841343504637,0.4601323742161617,1.0274531824477697,1.2087579029798905
-1.404370251619178,-2.4064203824749146,-1.0738525382927888,-0.964239966573015,-2.6026676294238693,-2.801769563742185,-2.6499535731005035,-2.762048037185081,-1.0507267692909348,2.0306777592584657,-0.22110831935702666,1.4509525002200232,-0.603458241894982,-0.8353692157475672,1.308680128282278,-1.308680128282278,1.156419156796353,-0.35255273571053103,0.05942669039692135,1.0274531824477697,-0.5339463600020441
-1.404370251619178,0.17501239145272118,-2.236371799930853,-2.0797332612359147,0.7660502529017241,1.049983545247071,-1.3762488006937443,1.0131064229057247,1.7094856703746621,-1.1084485585471964,-0.22110831935702666,-0.689202437604511,-0.603458241894982,1.1970754741124932,-0.7641286655071019,0.7641286655071019,1.6160796176707848,-0.35255273571053103,0.05942669039692135,0.3326710877266418,0.32800638691714723
-0.4811630667107491,0.17501239145272118,0.08866672334527588,0.15125332808988481,-0.3568557078734737,-0.2339341577493477,-0.10254402828698488,-0.24527839712454377,0.8142816358885226,0.4611146003556346,-0.22110831935702666,1.4509525002200232,-0.603458241894982,-0.8353692157475672,1.308680128282278,-1.308680128282278,-1.0464961589766142,-0.35255273571053103,-1.5433960448800401,-0.3621110069944861,-0.4181238405883305
-0.4811630667107491,-1.1157039955110968,0.08866672334527588,0.15125332808988481,-1.4797616686486716,-0.2339341577493477,-0.10254402828698488,-0.24527839712454377,-0.9015260968765781,1.2458961798070503,-0.22110831935702666,1.4509525002200232,-0.603458241894982,-0.8353692157475672,1.308680128282278,-1.308680128282278,-0.7700907823569129,-0.02238430068003366,-0.34127899342231904,-0.3621110069944861,-0.2346648721837257
0.4420441181976798,1.4657287784165391,1.2511859849833404,1.2667466227527846,0.7660502529017241,1.049983545247071,1.1711607441197744,1.0131064229057247,1.411084325545949,-0.8468546987300579,-0.22110831935702666,-0.689202437604511,-0.603458241894982,1.1970754741124932,-0.7641286655071019,0.7641286655071019,1.2462566129619488,1.2982894394419557,-0.34127899342231904,-1.056893101715614,1.438125706006134
-0.4811630667107491,-1.1157039955110968,-1.0738525382927888,-0.964239966573015,-1.4797616686486716,-1.5178518607457663,-1.3762488006937443,-1.5036632171548123,-1.125327105498113,0.9843023199899117,-0.22110831935702666,1.4509525002200232,-0.603458241894982,-0.8353692157475672,1.308680128282278,-1.308680128282278,-0.7849414012719943,-0.35255273571053103,0.05942669039692135,-0.3621110069944861,-1.4261933914697953
-1.404370251619178,-1.1157039955110968,-1.0738525382927888,-0.964239966573015,0.7660502529017241,1.049983545247071,-0.10254402828698488,1.0131064229057247,1.1872833169244141,-0.5852608389129195,-0.22110831935702666,-0.689202437604511,1.6571154896481253,-0.8353692157475672,-0.7641286655071019,0.7641286655071019,1.2695402949024108,-1.0128896057715258,0.4601323742161617,0.3326710877266418,-0.42028210983212966
1.3652513031061086,0.17501239145272118,0.08866672334527588,0.15125332808988481,0.7660502529017241,1.049983545247071,-1.3762488006937443,1.0131064229057247,-0.9761264330837565,-0.5852608389129195,-0.22110831935702666,-0.689202437604511,1.6571154896481253,-0.8353692157475672,-0.7641286655071019,0.7641286655071019,-1.114403867396094,-1.0128896057715258,-0.34127899342231904,1.0274531824477697,0.16957944383415138
-0.4811630667107491,-1.1157039955110968,0.08866672334527588,-0.964239966573015,-0.3568557078734737,-0.2339341577493477,-0.10254402828698488,-0.24527839712454377,-0.4539240796335084,1.2458961798070503,-0.22110831935702666,1.4509525002200232,-0.603458241894982,-0.8353692157475672,1.308680128282278,-1.308680128282278,0.4724759179278689,0.637952569380961,0.8608380580354021,-0.3621110069944861,-0.1431828005339414
1.3652513031061086,1.4657287784165391,0.08866672334527588,0.15125332808988481,0.7660502529017241,1.049983545247071,1.1711607441197744,1.0131064229057247,-0.15552273480479523,-0.3236669790957809,-0.22110831935702666,-0.689202437604511,-0.603458241894982,1.1970754741124932,-0.7641286655071019,0.7641286655071019,1.2844163905097952,0.637952569380961,0.8608380580354021,0.3326710877266418,0.7178252691202383
-0.4811630667107491,0.17501239145272118,1.2511859849833404,1.2667466227527846,0.7660502529017241,1.049983545247071,1.1711607441197744,1.0131064229057247,1.4856846617531272,-1.370042418364335,-0.22110831935702666,-0.689202437604511,-0.603458241894982,1.1970754741124932,-0.7641286655071019,0.7641286655071019,-0.9646928779448835,0.637952569380961,0.4601323742161617,-1.056893101715614,0.7685346828865864
1.3652513031061086,1.4657287784165391,0.08866672334527588,0.15125332808988481,0.7660502529017241,1.049983545247071,1.1711607441197744,1.0131064229057247,0.7396812996813443,-0.5852608389129195,-0.22110831935702666,-0.689202437604511,1.6571154896481253,-0.8353692157475672,-0.7641286655071019,0.7641286655071019,-0.8397344383862729,0.3077841343504637,-0.7419846772415594,0.3326710877266418,-0.02026886575431223
-0.4811630667107491,-1.1157039955110968,-1.0738525382927888,-0.964239966573015,-0.3568557078734737,-0.2339341577493477,-0.10254402828698488,-0.24527839712454377,0.21747894623109626,-0.06207311927864241,-0.22110831935702666,-0.689202437604511,-0.603458241894982,1.1970754741124932,-0.7641286655071019,0.7641286655071019,-1.484015169767368,-0.35255273571053103,0.05942669039692135,-0.3621110069944861,-1.6907847983617823
0.4420441181976798,0.17501239145272118,1.2511859849833404,1.2667466227527846,-1.4797616686486716,-1.5178518607457663,-1.3762488006937443,-1.5036632171548123,0.5904806272669877,0.7227084601727731,-0.22110831935702666,-0.689202437604511,-0.603458241894982,1.1970754741124932,1.308680128282278,-1.308680128282278,-1.11427382571264,0.9681210044114584,0.05942669039692135,0.3326710877266418,0.4446950564892753
-0.4811630667107491,0.17501239145272118,0.08866672334527588,0.15125332808988481,0.7660502529017241,1.049983545247071,-1.3762488006937443,1.0131064229057247,1.7094856703746621,-0.8468546987300579,-0.22110831935702666,-0.689202437604511,-0.603458241894982,1.1970754741124932,-0.7641286655071019,0.7641286655071019,-0.6998832616039578,-0.35255273571053103,-0.7419846772415594,1.0274531824477697,0.7934931809129563
-0.4811630667107491,-1.1157039955110968,1.2511859849833404,1.2667466227527846,0.7660502529017241,-1.5178518607457663,1.1711607441197744,-0.24527839712454377,1.7094856703746621,-1.1084485585471964,-0.22110831935702666,-0.689202437604511,-0.603458241894982,1.1970754741124932,-0.7641286655071019,0.7641286655071019,0.6548802370684109,0.9681210044114584,-1.1426903610607997,-1.056893101715614,1.4106510889768524
-0.4811630667107491,0.17501239145272118,0.08866672334527588,-0.964239966573015,0.7660502529017241,1.049983545247071,1.1711607441197744,1.0131064229057247,-0.3047234072191518,-0.3236669790957809,-0.22110831935702666,-0.689202437604511,1.6571154896481253,-0.8353692157475672,-0.7641286655071019,0.7641286655071019,1.571753971132505,0.9681210044114584,0.8608380580354021,-1.056893101715614,0.7795316940672126
0.4420441181976798,0.17501239145272118,-1.0738525382927888,-0.964239966573015,-0.3568557078734737,-0.2339341577493477,-0.10254402828698488,-0.24527839712454377,-0.006322062390438623,1.5074900396241886,-0.22110831935702666,1.4509525002200232,-0.603458241894982,-0.8353692157475672,1.308680128282278,-1.308680128282278,-0.7655203000939116,0.3077841343504637,0.4601323742161617,3.1117994666111533,-0.07424269416138089
1.3652513031061086,1.4657287784165391,1.2511859849833404,1.2667466227527846,0.7660502529017241,-0.2339341577493477,-0.10254402828698488,1.0131064229057247,-0.23012307101197352,0.4611146003556346,-0.22110831935702666,1.4509525002200232,-0.603458241894982,-0.8353692157475672,1.308680128282278,-1.308680128282278,-1.0464961589766142,-0.6827211707410283,0.05942669039692135,1.0274531824477697,-1.1468131828275145
-0.4811630667107491,-1.1157039955110968,0.08866672334527588,0.15125332808988481,-1.4797616686486716,-1.5178518607457663,-1.3762488006937443,-1.5036632171548123,-1.125327105498113,1.7690838994413272,-0.22110831935702666,1.4509525002200232,-0.603458241894982,-0.8353692157475672,1.308680128282278,-1.308680128282278,0.46538902324024306,-0.6827211707410283,0.4601323742161617,2.4170173718900254,0.058157074030631715
-1.404370251619178,-1.1157039955110968,-1.0738525382927888,-0.964239966573015,-2.6026676294238693,-1.5178518607457663,-1.3762488006937443,-1.5036632171548123,-0.9015260968765781,1.2458961798070503,-0.22110831935702666,1.4509525002200232,-0.603458241894982,-0.8353692157475672,1.308680128282278,-1.308680128282278,1.2434563110947463,0.9681210044114584,0.8608380580354021,-1.056893101715614,-1.050875473388514
0.4420441181976798,0.17501239145272118,0.08866672334527588,0.15125332808988481,-0.3568557078734737,-0.2339341577493477,-0.10254402828698488,-0.24527839712454377,-0.6777250882550433,-0.3236669790957809,-0.22110831935702666,-0.689202437604511,-0.603458241894982,1.1970754741124932,-0.7641286655071019,0.7641286655071019,0.7865763672334796,-0.35255273571053103,0.05942669039692135,1.7222352771688976,-0.5692289791217524
2.2884584880145376,1.4657287784165391,-1.0738525382927888,-0.964239966573015,0.7660502529017241,1.049983545247071,1.1711607441197744,1.0131064229057247,-0.6777250882550433,-0.3236669790957809,-0.22110831935702666,-0.689202437604511,-0.603458241894982,1.1970754741124932,-0.7641286655071019,0.7641286655071019,0.7865763672334796,-1.3430580408020232,-0.7419846772415594,-0.3621110069944861,-1.4319035289427688
-0.4811630667107491,0.17501239145272118,1.2511859849833404,1.2667466227527846,0.7660502529017241,1.049983545247071,-0.10254402828698488,-0.24527839712454377,1.4856846617531272,-0.8468546987300579,-0.22110831935702666,-0.689202437604511,1.6571154896481253,-0.8353692157475672,-0.7641286655071019,0.7641286655071019,1.584771678706621,0.9681210044114584,1.662249425673883,-0.3621110069944861,1.3728979157272845
-1.404370251619178,-2.4064203824749146,0.08866672334527588,-0.964239966573015,-1.4797616686486716,-1.5178518607457663,-1.3762488006937443,-1.5036632171548123,0.06827827381673968,1.5074900396241886,-0.22110831935702666,1.4509525002200232,-0.603458241894982,-0.8353692157475672,1.308680128282278,-1.308680128282278,-1.2749457016768757,-1.6732264758325204,-1.5433960448800401,-1.056893101715614,-0.3852465844610923
1.3652513031061086,1.4657287784165391,1.2511859849833404,1.2667466227527846,0.7660502529017241,1.049983545247071,1.1711607441197744,1.0131064229057247,-1.5729291227411828,-0.3236669790957809,-0.22110831935702666,-0.689202437604511,-0.603458241894982,1.1970754741124932,-0.7641286655071019,0.7641286655071019,-0.9170598238725055,0.9681210044114584,2.4636607933123638,3.1117994666111533,0.49140214968978385
-0.4811630667107491,0.17501239145272118,0.08866672334527588,-0.964239966573015,0.7660502529017241,1.049983545247071,1.1711607441197744,1.0131064229057247,-0.006322062390438623,-0.5852608389129195,-0.22110831935702666,-0.689202437604511,1.6571154896481253,-0.8353692157475672,-0.7641286655071019,0.7641286655071019,1.571753971132505,-2.0033949108630176,-1.5433960448800401,1.0274531824477697,1.6994800151895082
1.3652513031061086,1.4657287784165391,1.2511859849833404,1.2667466227527846,0.7660502529017241,1.049983545247071,1.1711607441197744,1.0131064229057247,1.1126829807172358,-0.3236669790957809,-0.22110831935702666,-0.689202437604511,1.6571154896481253,-0.8353692157475672,-0.7641286655071019,0.7641286655071019,-0.8397344383862729,-0.6827211707410283,-0.34127899342231904,1.0274531824477697,-0.3349186778636166
2.2884584880145376,1.4657287784165391,-1.0738525382927888,-0.964239966573015,-1.4797616686486716,-0.2339341577493477,1.1711607441197744,1.0131064229057247,0.21747894623109626,-1.6316362781814735,-0.22110831935702666,-0.689202437604511,-0.603458241894982,1.1970754741124932,-0.7641286655071019,0.7641286655071019,-1.0460653696984148,0.9681210044114584,1.2615437418546425,1.0274531824477697,-1.1728270014052082
1.3652513031061086,1.4657287784165391,1.2511859849833404,1.2667466227527846,0.7660502529017241,-0.2339341577493477,-0.10254402828698488,1.0131064229057247,1.1126829807172358,-0.3236669790957809,-0.22110831935702666,-0.689202437604511,1.6571154896481253,-0.8353692157475672,-0.7641286655071019,0.7641286655071019,1.2695402949024108,-0.6827211707410283,-0.7419846772415594,0.3326710877266418,0.5190419982384294
-1.404370251619178,0.17501239145272118,-1.0738525382927888,-0.964239966573015,-0.3568557078734737,-0.2339341577493477,-0.10254402828698488,-0.24527839712454377,-0.08092239859761692,-0.3236669790957809,-0.22110831935702666,-0.689202437604511,1.6571154896481253,-0.8353692157475672,-0.7641286655071019,0.7641286655071019,-0.6145611654143124,-0.02238430068003366,-0.34127899342231904,-1.056893101715614,-0.5922181414096302
-1.404370251619178,-2.4064203824749146,0.08866672334527588,0.15125332808988481,-2.6026676294238693,-2.801769563742185,-2.6499535731005035,-2.762048037185081,-1.4237284503268262,1.7690838994413272,-0.22110831935702666,1.4509525002200232,-0.603458241894982,-0.8353692157475672,1.308680128282278,-1.308680128282278,1.2628000215624704,-0.02238430068003366,1.2615437418546425,-0.3621110069944861,-0.5715994341956951
0.4420441181976798,1.4657287784165391,-2.236371799930853,-2.0797332612359147,0.7660502529017241,1.049983545247071,1.1711607441197744,1.0131064229057247,0.06827827381673968,-0.8468546987300579,-0.22110831935702666,-0.689202437604511,-0.603458241894982,1.1970754741124932,-0.7641286655071019,0.7641286655071019,1.5515314811533911,-2.0033949108630176,-1.1426903610607997,-1.056893101715614,-0.45270646926398567
0.4420441181976798,0.17501239145272118,-1.0738525382927888,-2.0797332612359147,-1.4797616686486716,-0.2339341577493477,-0.10254402828698488,-0.24527839712454377,-0.4539240796335084,1.2458961798070503,-0.22110831935702666,1.4509525002200232,-0.603458241894982,-0.8353692157475672,1.308680128282278,-1.308680128282278,0.4724759179278689,0.637952569380961,0.05942669039692135,0.3326710877266418,0.10576197194189524
1.3652513031061086,0.17501239145272118,1.2511859849833404,1.2667466227527846,0.7660502529017241,-0.2339341577493477,-0.10254402828698488,1.0131064229057247,-0.37932374342633013,0.1995207405384961,-0.22110831935702666,1.4509525002200232,-0.603458241894982,-0.8353692157475672,1.308680128282278,-1.308680128282278,-1.0464961589766142,-1.6732264758325204,-1.9441017286992806,-1.056893101715614,-1.238159614776338
-0.4811630667107491,0.17501239145272118,0.08866672334527588,1.2667466227527846,0.7660502529017241,1.049983545247071,1.1711607441197744,1.0131064229057247,0.2920792824382746,-0.8468546987300579,-0.22110831935702666,-0.689202437604511,-0.603458241894982,1.1970754741124932,-0.7641286655071019,0.7641286655071019,-0.32525023714829365,-0.02238430068003366,0.4601323742161617,2.4170173718900254,-0.8281029703698177
-0.4811630667107491,0.17501239145272118,0.08866672334527588,0.15125332808988481,-0.3568557078734737,1.049983545247071,-0.10254402828698488,-0.24527839712454377,0.2920792824382746,0.4611146003556346,-0.22110831935702666,1.4509525002200232,-0.603458241894982,-0.8353692157475672,1.308680128282278,-1.308680128282278,-1.0464961589766142,-0.35255273571053103,-2.344807412518521,2.4170173718900254,-0.2865303977974309
-0.4811630667107491,0.17501239145272118,0.08866672334527588,0.15125332808988481,0.7660502529017241,1.049983545247071,1.1711607441197744,1.0131064229057247,0.7396812996813443,-0.5852608389129195,-0.22110831935702666,-0.689202437604511,1.6571154896481253,-0.8353692157475672,-0.7641286655071019,0.7641286655071019,0.47428838001408336,0.3077841343504637,-1.1426903610607997,0.3326710877266418,1.3894778477044718
-1.404370251619178,0.17501239145272118,-2.236371799930853,-2.0797332612359147,0.7660502529017241,1.049983545247071,1.1711607441197744,1.0131064229057247,0.888881972095701,-1.1084485585471964,-0.22110831935702666,-0.689202437604511,-0.603458241894982,1.1970754741124932,-0.7641286655071019,0.7641286655071019,0.676341782079366,0.3077841343504637,-1.1426903610607997,-0.3621110069944861,-0.06995592028396742
-0.4811630667107491,1.4657287784165391,-1.0738525382927888,-0.964239966573015,0.7660502529017241,-0.2339341577493477,-0.10254402828698488,-0.24527839712454377,0.36667961864545284,-1.6316362781814735,-0.22110831935702666,-0.689202437604511,-0.603458241894982,1.1970754741124932,-0.7641286655071019,0.7641286655071019,-1.0460653696984148,1.6284578744724532,0.8608380580354021,-0.3621110069944861,0.1481430793735626
-0.4811630667107491,0.17501239145272118,0.08866672334527588,0.15125332808988481,0.7660502529017241,1.049983545247071,1.1711607441197744,1.0131064229057247,0.14287861002391797,-0.8468546987300579,-0.22110831935702666,-0.689202437604511,-0.603458241894982,1.1970754741124932,-0.7641286655071019,0.7641286655071019,1.2544310003104708,1.6284578744724532,0.8608380580354021,-1.056893101715614,0.3954697910338666
2.2884584880145376,2.7564451653803568,1.2511859849833404,1.2667466227527846,1.888956213676922,2.3339012482434898,2.444865516526534,2.2714912429359932,0.21747894623109626,-0.5852608389129195,-0.22110831935702666,-0.689202437604511,1.6571154896481253,-0.8353692157475672,-0.7641286655071019,0.7641286655071019,-1.6842335628845582,-2.6637317809240124,-2.344807412518521,-1.056893101715614,-6.382100466755272
-0.4811630667107491,0.17501239145272118,0.08866672334527588,0.15125332808988481,0.7660502529017241,1.049983545247071,1.1711607441197744,1.0131064229057247,0.5904806272669877,-0.8468546987300579,-0.22110831935702666,-0.689202437604511,1.6571154896481253,-0.8353692157475672,-0.7641286655071019,0.7641286655071019,1.584771678706621,-0.02238430068003366,0.4601323742161617,-1.056893101715614,0.47822039157534546
0.4420441181976798,0.17501239145272118,0.08866672334527588,0.15125332808988481,-1.4797616686486716,-1.5178518607457663,1.1711607441197744,-1.5036632171548123,-1.1999274417052914,1.2458961798070503,4.522670168666454,1.4509525002200232,-0.603458241894982,-0.8353692157475672,1.308680128282278,-1.308680128282278,-0.22733262082616704,0.3077841343504637,0.05942669039692135,-0.3621110069944861,-0.09058195822010913
-1.404370251619178,-1.1157039955110968,0.08866672334527588,0.15125332808988481,0.7660502529017241,1.049983545247071,-0.10254402828698488,-0.24527839712454377,-0.37932374342633013,-0.8468546987300579,-0.22110831935702666,-0.689202437604511,1.6571154896481253,-0.8353692157475672,-0.7641286655071019,0.7641286655071019,0.46291736873541667,0.637952569380961,-0.34127899342231904,0.3326710877266418,0.12731070433160988
0.4420441181976798,1.4657287784165391,0.08866672334527588,0.15125332808988481,0.7660502529017241,1.049983545247071,1.1711607441197744,1.0131064229057247,-0.3047234072191518,-0.5852608389129195,-0.22110831935702666,-0.689202437604511,-0.603458241894982,1.1970754741124932,-0.7641286655071019,0.7641286655071019,-0.038559178830229565,-2.333563345893515,-1.9441017286992806,-1.056893101715614,0.9746928348610173
1.3652513031061086,0.17501239145272118,0.08866672334527588,0.15125332808988481,-1.4797616686486716,-0.2339341577493477,-0.10254402828698488,-0.24527839712454377,-1.6475294589483611,2.292271619075604,4.522670168666454,1.4509525002200232,-0.603458241894982,-0.8353692157475672,1.308680128282278,-1.308680128282278,-0.9643811971694205,0.9681210044114584,0.8608380580354021,1.0274531824477697,-0.5286856651123311
1.3652513031061086,0.17501239145272118,0.08866672334527588,0.15125332808988481,0.7660502529017241,1.049983545247071,1.1711607441197744,1.0131064229057247,0.2920792824382746,-0.8468546987300579,-0.22110831935702666,-0.689202437604511,-0.603458241894982,1.1970754741124932,-0.7641286655071019,0.7641286655071019,-1.120845386125785,1.6284578744724532,1.2615437418546425,-1.056893101715614,0.5871907257089838
1.3652513031061086,1.4657287784165391,-1.0738525382927888,-2.0797332612359147,1.888956213676922,1.049983545247071,1.1711607441197744,1.0131064229057247,-0.6777250882550433,-0.3236669790957809,-0.22110831935702666,-0.689202437604511,-0.603458241894982,1.1970754741124932,-0.7641286655071019,0.7641286655071019,1.622556838312012,-2.0033949108630176,-1.5433960448800401,-1.056893101715614,0.4344108049292746
1.3652513031061086,1.4657287784165391,-1.0738525382927888,-0.964239966573015,0.7660502529017241,1.049983545247071,1.1711607441197744,1.0131064229057247,0.7396812996813443,-0.8468546987300579,-0.22110831935702666,-0.689202437604511,-0.603458241894982,1.1970754741124932,-0.7641286655071019,0.7641286655071019,-1.5151638650451167,1.2982894394419557,1.2615437418546425,-0.3621110069944861,0.5387191826065566
0.4420441181976798,-1.1157039955110968,-1.0738525382927888,-0.964239966573015,-1.4797616686486716,-1.5178518607457663,-0.10254402828698488,-0.24527839712454377,-2.1697318123986093,2.0306777592584657,4.522670168666454,1.4509525002200232,-0.603458241894982,-0.8353692157475672,1.308680128282278,-1.308680128282278,0.917320909932861,-0.02238430068003366,0.4601323742161617,-0.3621110069944861,0.3876187327465226
-0.4811630667107491,0.17501239145272118,-1.0738525382927888,-0.964239966573015,0.7660502529017241,1.049983545247071,1.1711607441197744,1.0131064229057247,0.665080963474166,-0.8468546987300579,-0.22110831935702666,-0.689202437604511,-0.603458241894982,1.1970754741124932,-0.7641286655071019,0.7641286655071019,0.676341782079366,-1.3430580408020232,-0.34127899342231904,0.3326710877266418,1.1592516348172148
0.4420441181976798,-1.1157039955110968,0.08866672334527588,0.15125332808988481,0.7660502529017241,-0.2339341577493477,-0.10254402828698488,-0.24527839712454377,-2.5427334934345005,-0.3236669790957809,-0.22110831935702666,-0.689202437604511,1.6571154896481253,-0.8353692157475672,-0.7641286655071019,0.7641286655071019,-0.5737492315802597,-0.6827211707410283,0.05942669039692135,1.0274531824477697,-0.27089803769630194
1.3652513031061086,0.17501239145272118,0.08866672334527588,0.15125332808988481,-0.3568557078734737,-0.2339341577493477,-0.10254402828698488,-0.24527839712454377,-0.8269257606693999,0.9843023199899117,-0.22110831935702666,1.4509525002200232,-0.603458241894982,-0.8353692157475672,1.308680128282278,-1.308680128282278,1.2571778435630063,0.9681210044114584,0.8608380580354021,-0.3621110069944861,0.8499616140517603
1.3652513031061086,1.4657287784165391,0.08866672334527588,0.15125332808988481,0.7660502529017241,1.049983545247071,1.1711607441197744,1.0131064229057247,-0.15552273480479523,-0.5852608389129195,-0.22110831935702666,-0.689202437604511,-0.603458241894982,1.1970754741124932,-0.7641286655071019,0.7641286655071019,1.2844163905097952,-1.3430580408020232,-0.34127899342231904,-1.056893101715614,-0.15626037788922761
-0.4811630667107491,0.17501239145272118,0.08866672334527588,0.15125332808988481,-0.3568557078734737,-0.2339341577493477,-0.10254402828698488,-0.24527839712454377,-0.6777250882550433,-0.3236669790957809,-0.22110831935702666,-0.689202437604511,-0.603458241894982,1.1970754741124932,1.308680128282278,-1.308680128282278,-1.1053515546087005,0.3077841343504637,1.2615437418546425,-0.3621110069944861,-0.1859779140132599
-0.4811630667107491,-1.1157039955110968,-1.0738525382927888,-0.964239966573015,-2.6026676294238693,-2.801769563742185,-2.6499535731005035,-2.762048037185081,-0.6777250882550433,2.292271619075604,-0.22110831935702666,1.4509525002200232,-0.603458241894982,-0.8353692157475672,1.308680128282278,-1.308680128282278,1.156419156796353,0.637952569380961,1.662249425673883,-0.3621110069944861,-0.6795148572222794
0.4420441181976798,0.17501239145272118,-2.236371799930853,-2.0797332612359147,-0.3568557078734737,-0.2339341577493477,-0.10254402828698488,-0.24527839712454377,0.21747894623109626,-0.06207311927864241,-0.22110831935702666,-0.689202437604511,-0.603458241894982,1.1970754741124932,-0.7641286655071019,0.7641286655071019,-1.484015169767368,-1.6732264758325204,-1.1426903610607997,-1.056893101715614,-1.615790944627453
1.3652513031061086,0.17501239145272118,0.08866672334527588,0.15125332808988481,-0.3568557078734737,-0.2339341577493477,-0.10254402828698488,-0.24527839712454377,0.665080963474166,0.4611146003556346,-0.22110831935702666,1.4509525002200232,-0.603458241894982,-0.8353692157475672,1.308680128282278,-1.308680128282278,1.102175819534301,-0.35255273571053103,0.8608380580354021,-0.3621110069944861,-0.3299696260017312
-0.4811630667107491,0.17501239145272118,1.2511859849833404,1.2667466227527846,0.7660502529017241,1.049983545247071,-1.3762488006937443,1.0131064229057247,0.21747894623109626,-1.370042418364335,-0.22110831935702666,-0.689202437604511,-0.603458241894982,1.1970754741124932,-0.7641286655071019,0.7641286655071019,-1.1043508966315232,-0.02238430068003366,0.4601323742161617,1.7222352771688976,0.11079816440868061
0.4420441181976798,0.17501239145272118,0.08866672334527588,0.15125332808988481,-0.3568557078734737,-0.2339341577493477,-0.10254402828698488,-0.24527839712454377,-0.6777250882550433,-0.3236669790957809,-0.22110831935702666,-0.689202437604511,-0.603458241894982,1.1970754741124932,-0.7641286655071019,0.7641286655071019,0.7865763672334796,-0.6827211707410283,-0.7419846772415594,-0.3621110069944861,-1.352947555486107
-0.4811630667107491,0.17501239145272118,0.08866672334527588,0.15125332808988481,-0.3568557078734737,-0.2339341577493477,-0.10254402828698488,-0.24527839712454377,0.14287861002391797,1.2458961798070503,-0.22110831935702666,1.4509525002200232,-0.603458241894982,-0.8353692157475672,1.308680128282278,-1.308680128282278,-0.8352311254965207,0.637952569380961,-0.7419846772415594,0.3326710877266418,0.0869590253608892
1.3652513031061086,1.4657287784165391,-1.0738525382927888,0.15125332808988481,0.7660502529017241,1.049983545247071,1.1711607441197744,1.0131064229057247,0.36667961864545284,-0.3236669790957809,-0.22110831935702666,-0.689202437604511,1.6571154896481253,-0.8353692157475672,-0.7641286655071019,0.7641286655071019,1.2387443309670203,1.2982894394419557,0.4601323742161617,-1.056893101715614,-1.127309237579657
-0.4811630667107491,0.17501239145272118,1.2511859849833404,1.2667466227527846,0.7660502529017241,-0.2339341577493477,-0.10254402828698488,-0.24527839712454377,1.7094856703746621,-0.8468546987300579,-0.22110831935702666,-0.689202437604511,-0.603458241894982,1.1970754741124932,-0.7641286655071019,0.7641286655071019,0.6403324603417432,0.637952569380961,0.05942669039692135,-0.3621110069944861,1.2158235329333562
0.4420441181976798,0.17501239145272118,0.08866672334527588,0.15125332808988481,-0.3568557078734737,-0.2339341577493477,-0.10254402828698488,-0.24527839712454377,-0.6777250882550433,-0.3236669790957809,-0.22110831935702666,-0.689202437604511,-0.603458241894982,1.1970754741124932,-0.7641286655071019,0.7641286655071019,-1.1053515546087005,-0.02238430068003366,0.4601323742161617,2.4170173718900254,-1.2073620976470318
0.4420441181976798,0.17501239145272118,1.2511859849833404,1.2667466227527846,-1.4797616686486716,-1.5178518607457663,-1.3762488006937443,-1.5036632171548123,-0.4539240796335084,1.2458961798070503,-0.22110831935702666,1.4509525002200232,-0.603458241894982,-0.8353692157475672,1.308680128282278,-1.308680128282278,-1.11427382571264,-0.35255273571053103,-0.34127899342231904,-0.3621110069944861,-0.7990134360923764
0.4420441181976798,0.17501239145272118,-1.0738525382927888,-0.964239966573015,-0.3568557078734737,-0.2339341577493477,-0.10254402828698488,-0.24527839712454377,0.06827827381673968,-1.1084485585471964,-0.22110831935702666,-0.689202437604511,-0.603458241894982,1.1970754741124932,-0.7641286655071019,0.7641286655071019,0.6835115761214238,-0.02238430068003366,0.8608380580354021,-0.3621110069944861,-0.3198185440997459
1.3652513031061086,0.17501239145272118,1.2511859849833404,1.2667466227527846,0.7660502529017241,1.049983545247071,-0.10254402828698488,1.0131064229057247,1.0380826445100575,-0.5852608389129195,-0.22110831935702666,-0.689202437604511,1.6571154896481253,-0.8353692157475672,-0.7641286655071019,0.7641286655071019,-0.7784123823728302,-0.02238430068003366,0.4601323742161617,0.3326710877266418,-1.032069362750354
1.3652513031061086,1.4657287784165391,-2.236371799930853,-2.0797332612359147,0.7660502529017241,1.049983545247071,-0.10254402828698488,1.0131064229057247,0.7396812996813443,0.1995207405384961,-0.22110831935702666,1.4509525002200232,-0.603458241894982,-0.8353692157475672,1.308680128282278,-1.308680128282278,1.102175819534301,-1.6732264758325204,-1.1426903610607997,-1.056893101715614,0.14149633733760442
0.4420441181976798,0.17501239145272118,0.08866672334527588,0.15125332808988481,-1.4797616686486716,-1.5178518607457663,-0.10254402828698488,-0.24527839712454377,0.21747894623109626,-0.06207311927864241,-0.22110831935702666,1.4509525002200232,-0.603458241894982,-0.8353692157475672,1.308680128282278,-1.308680128282278,-1.2063358029992777,1.6284578744724532,1.662249425673883,-1.056893101715614,-0.5350827330383313
-0.4811630667107491,0.17501239145272118,0.08866672334527588,0.15125332808988481,-0.3568557078734737,-1.5178518607457663,-1.3762488006937443,-2.762048037185081,-0.4539240796335084,-1.1084485585471964,-0.22110831935702666,-0.689202437604511,-0.603458241894982,1.1970754741124932,-0.7641286655071019,0.7641286655071019,-0.44503955864400435,-1.6732264758325204,-1.1426903610607997,2.4170173718900254,-2.1335654447041246
1.3652513031061086,1.4657287784165391,1.2511859849833404,1.2667466227527846,0.7660502529017241,-0.2339341577493477,-1.3762488006937443,1.0131064229057247,0.21747894623109626,-0.8468546987300579,-0.22110831935702666,-0.689202437604511,-0.603458241894982,1.1970754741124932,-0.7641286655071019,0.7641286655071019,-1.1043508966315232,-0.6827211707410283,-0.34127899342231904,-0.3621110069944861,0.4697018301760277
-1.404370251619178,-1.1157039955110968,-1.0738525382927888,-0.964239966573015,0.7660502529017241,-0.2339341577493477,-0.10254402828698488,-0.24527839712454377,-1.7967301313627178,-0.5852608389129195,-0.22110831935702666,-0.689202437604511,1.6571154896481253,-0.8353692157475672,-0.7641286655071019,0.7641286655071019,0.47721914481585004,0.9681210044114584,0.05942669039692135,1.0274531824477697,1.4507072621772827
-0.4811630667107491,0.17501239145272118,0.08866672334527588,0.15125332808988481,-0.3568557078734737,-0.2339341577493477,-0.10254402828698488,-0.24527839712454377,-0.6777250882550433,-0.3236669790957809,-0.22110831935702666,-0.689202437604511,-0.603458241894982,1.1970754741124932,1.308680128282278,-1.308680128282278,-0.9598893561473634,0.9681210044114584,0.4601323742161617,-1.056893101715614,0.1690468088394931
0.4420441181976798,0.17501239145272118,1.2511859849833404,1.2667466227527846,0.7660502529017241,1.049983545247071,-0.10254402828698488,1.0131064229057247,1.7094856703746621,-0.3236669790957809,-0.22110831935702666,-0.689202437604511,1.6571154896481253,-0.8353692157475672,-0.7641286655071019,0.7641286655071019,-0.5833234764738795,0.637952569380961,0.8608380580354021,0.3326710877266418,0.8472229932431483
-0.4811630667107491,0.17501239145272118,-1.0738525382927888,-0.964239966573015,0.7660502529017241,-0.2339341577493477,-0.10254402828698488,-0.24527839712454377,-0.6777250882550433,-0.3236669790957809,-0.22110831935702666,-0.689202437604511,-0.603458241894982,1.1970754741124932,-0.7641286655071019,0.7641286655071019,-0.07600419098309245,-0.02238430068003366,0.05942669039692135,-0.3621110069944861,0.7452509710935089
-0.4811630667107491,-1.1157039955110968,0.08866672334527588,-0.964239966573015,-1.4797616686486716,-1.5178518607457663,-1.3762488006937443,-2.762048037185081,-1.2745277779124697,2.0306777592584657,-0.22110831935702666,1.4509525002200232,-0.603458241894982,-0.8353692157475672,1.308680128282278,-1.308680128282278,-0.5626061738386935,-1.0128896057715258,0.4601323742161617,-1.056893101715614,-0.4071629821264804
2.2884584880145376,1.4657287784165391,1.2511859849833404,1.2667466227527846,0.7660502529017241,1.049983545247071,-1.3762488006937443,1.0131064229057247,-1.0507267692909348,-0.06207311927864241,-0.22110831935702666,-0.689202437604511,1.6571154896481253,-0.8353692157475672,-0.7641286655071019,0.7641286655071019,-1.114403867396094,1.2982894394419557,1.2615437418546425,-1.056893101715614,-0.9391167229324074
-0.4811630667107491,0.17501239145272118,0.08866672334527588,0.15125332808988481,0.7660502529017241,1.049983545247071,1.1711607441197744,1.0131064229057247,-0.4539240796335084,-0.3236669790957809,-0.22110831935702666,-0.689202437604511,1.6571154896481253,-0.8353692157475672,-0.7641286655071019,0.7641286655071019,-0.16294618900802282,0.637952569380961,0.8608380580354021,-0.3621110069944861,1.5490929958949402
-0.4811630667107491,0.17501239145272118,-2.236371799930853,-2.0797332612359147,-1.4797616686486716,-0.2339341577493477,-0.10254402828698488,-0.24527839712454377,-0.4539240796335084,1.2458961798070503,-0.22110831935702666,1.4509525002200232,-0.603458241894982,-0.8353692157475672,1.308680128282278,-1.308680128282278,0.6558869793055377,-0.35255273571053103,0.05942669039692135,-1.056893101715614,-1.386036948487236
0.4420441181976798,-1.1157039955110968,0.08866672334527588,0.15125332808988481,-1.4797616686486716,-1.5178518607457663,-1.3762488006937443,-1.5036632171548123,-0.4539240796335084,1.2458961798070503,-0.22110831935702666,1.4509525002200232,-0.603458241894982,-0.8353692157475672,1.308680128282278,-1.308680128282278,-1.107542511549982,0.637952569380961,0.4601323742161617,-0.3621110069944861,-0.9076784579891221
0.4420441181976798,0.17501239145272118,0.08866672334527588,0.15125332808988481,0.7660502529017241,1.049983545247071,1.1711607441197744,1.0131064229057247,0.44127995485263116,-0.06207311927864241,-0.22110831935702666,-0.689202437604511,1.6571154896481253,-0.8353692157475672,-0.7641286655071019,0.7641286655071019,-0.964275377127021,0.637952569380961,0.8608380580354021,-1.056893101715614,-0.3916991167984527
-0.4811630667107491,-1.1157039955110968,-1.0738525382927888,-0.964239966573015,-1.4797616686486716,-1.5178518607457663,-1.3762488006937443,-0.24527839712454377,-0.9761264330837565,1.7690838994413272,-0.22110831935702666,1.4509525002200232,-0.603458241894982,-0.8353692157475672,1.308680128282278,-1.308680128282278,-0.5626061738386935,-1.0128896057715258,-0.7419846772415594,1.0274531824477697,-1.0828407199415584
-0.4811630667107491,0.17501239145272118,0.08866672334527588,0.15125332808988481,-0.3568557078734737,-0.2339341577493477,-0.10254402828698488,-0.24527839712454377,0.14287861002391797,0.4611146003556346,-0.22110831935702666,1.4509525002200232,-0.603458241894982,-0.8353692157475672,1.308680128282278,-1.308680128282278,-0.8352311254965207,-1.0128896057715258,-1.1426903610607997,1.0274531824477697,0.5161015949229129
0.4420441181976798,0.17501239145272118,0.08866672334527588,0.15125332808988481,0.7660502529017241,-0.2339341577493477,-1.3762488006937443,-0.24527839712454377,1.5602849979603055,-0.8468546987300579,-0.22110831935702666,-0.689202437604511,-0.603458241894982,1.1970754741124932,-0.7641286655071019,0.7641286655071019,1.6160796176707848,-0.02238430068003366,-0.34127899342231904,1.0274531824477697,-0.5947235686721762
-0.4811630667107491,-1.1157039955110968,0.08866672334527588,0.15125332808988481,0.7660502529017241,-0.2339341577493477,-0.10254402828698488,-0.24527839712454377,-1.9459308037770744,-0.5852608389129195,-0.22110831935702666,-0.689202437604511,1.6571154896481253,-0.8353692157475672,-0.7641286655071019,0.7641286655071019,0.47721914481585004,0.9681210044114584,0.8608380580354021,-1.056893101715614,1.873948111043513
-1.404370251619178,0.17501239145272118,0.08866672334527588,0.15125332808988481,0.7660502529017241,1.049983545247071,1.1711607441197744,1.0131064229057247,-0.37932374342633013,-0.5852608389129195,-0.22110831935702666,-0.689202437604511,-0.603458241894982,1.1970754741124932,-0.7641286655071019,0.7641286655071019,-0.038559178830229565,-0.6827211707410283,2.4636607933123638,0.3326710877266418,0.6964489171877549
0.4420441181976798,0.17501239145272118,-1.0738525382927888,-0.964239966573015,-0.3568557078734737,-0.2339341577493477,-0.10254402828698488,-0.24527839712454377,0.21747894623109626,-0.06207311927864241,-0.22110831935702666,-0.689202437604511,-0.603458241894982,1.1970754741124932,-0.7641286655071019,0.7641286655071019,-0.04660453714180162,-0.02238430068003366,0.05942669039692135,1.0274531824477697,-1.4130670424873322
-1.404370251619178,-1.1157039955110968,0.08866672334527588,0.15125332808988481,-0.3568557078734737,-0.2339341577493477,-0.10254402828698488,-0.24527839712454377,1.7094856703746621,-1.1084485585471964,-0.22110831935702666,-0.689202437604511,-0.603458241894982,1.1970754741124932,-0.7641286655071019,0.7641286655071019,1.152239037467249,-0.02238430068003366,0.05942669039692135,-0.3621110069944861,0.0005070751207321622
1.3652513031061086,0.17501239145272118,0.08866672334527588,0.15125332808988481,-1.4797616686486716,-0.2339341577493477,-0.10254402828698488,-0.24527839712454377,-0.4539240796335084,1.2458961798070503,-0.22110831935702666,1.4509525002200232,-0.603458241894982,-0.8353692157475672,1.308680128282278,-1.308680128282278,0.6558869793055377,-0.6827211707410283,-0.7419846772415594,-1.056893101715614,-1.265619256378325
-0.4811630667107491,0.17501239145272118,0.08866672334527588,0.15125332808988481,0.7660502529017241,1.049983545247071,1.1711607441197744,1.0131064229057247,1.1126829807172358,-0.3236669790957809,-0.22110831935702666,-0.689202437604511,-0.603458241894982,1.1970754741124932,-0.7641286655071019,0.7641286655071019,-1.5151638650451167,-0.35255273571053103,-0.7419846772415594,0.3326710877266418,0.4218587394389054
-0.4811630667107491,0.17501239145272118,0.08866672334527588,0.15125332808988481,-1.4797616686486716,-0.2339341577493477,-0.10254402828698488,-0.24527839712454377,-0.9015260968765781,1.2458961798070503,-0.22110831935702666,1.4509525002200232,-0.603458241894982,-0.8353692157475672,1.308680128282278,-1.308680128282278,-0.7700907823569129,-0.6827211707410283,-1.1426903610607997,-0.3621110069944861,-1.4625839845502946
-0.4811630667107491,0.17501239145272118,-1.0738525382927888,-2.0797332612359147,-0.3568557078734737,-0.2339341577493477,-0.10254402828698488,-0.24527839712454377,0.21747894623109626,-0.06207311927864241,-0.22110831935702666,-0.689202437604511,-0.603458241894982,1.1970754741124932,-0.7641286655071019,0.7641286655071019,-1.484015169767368,-1.0128896057715258,-0.7419846772415594,-0.3621110069944861,-1.6233792855867217
-1.404370251619178,-1.1157039955110968,0.08866672334527588,0.15125332808988481,0.7660502529017241,-0.2339341577493477,-0.10254402828698488,-0.24527839712454377,-1.9459308037770744,-0.5852608389129195,-0.22110831935702666,-0.689202437604511,1.6571154896481253,-0.8353692157475672,-0.7641286655071019,0.7641286655071019,0.47721914481585004,0.3077841343504637,-1.1426903610607997,-1.056893101715614,-0.021202961252587974
0.4420441181976798,0.17501239145272118,0.08866672334527588,0.15125332808988481,0.7660502529017241,1.049983545247071,1.1711607441197744,1.0131064229057247,-0.15552273480479523,-0.3236669790957809,-0.22110831935702666,-0.689202437604511,1.6571154896481253,-0.8353692157475672,-0.7641286655071019,0.7641286655071019,-0.16294618900802282,-0.35255273571053103,-0.7419846772415594,0.3326710877266418,1.6983794508891936
0.4420441181976798,0.17501239145272118,0.08866672334527588,0.15125332808988481,0.7660502529017241,1.049983545247071,1.1711607441197744,1.0131064229057247,0.2920792824382746,-0.8468546987300579,-0.22110831935702666,-0.689202437604511,-0.603458241894982,1.1970754741124932,-0.7641286655071019,0.7641286655071019,-1.120845386125785,-0.02238430068003366,1.2615437418546425,1.7222352771688976,0.06291082484066725
1.3652513031061086,0.17501239145272118,0.08866672334527588,0.15125332808988481,-0.3568557078734737,-0.2339341577493477,-0.10254402828698488,-0.24527839712454377,-0.9015260968765781,1.2458961798070503,-0.22110831935702666,1.4509525002200232,-0.603458241894982,-0.8353692157475672,1.308680128282278,-1.308680128282278,-0.7700907823569129,-2.0033949108630176,-1.5433960448800401,-1.056893101715614,-0.6623072326507252
2.2884584880145376,2.7564451653803568,-2.236371799930853,-2.0797332612359147,1.888956213676922,1.049983545247071,1.1711607441197744,1.0131064229057247,-0.6777250882550433,-0.3236669790957809,-0.22110831935702666,-0.689202437604511,-0.603458241894982,1.1970754741124932,-0.7641286655071019,0.7641286655071019,1.622556838312012,-1.3430580408020232,-1.1426903610607997,-0.3621110069944861,-0.06858667098854952
-1.404370251619178,-1.1157039955110968,-1.0738525382927888,0.15125332808988481,0.7660502529017241,1.049983545247071,1.1711607441197744,-0.24527839712454377,-0.6777250882550433,-0.3236669790957809,-0.22110831935702666,-0.689202437604511,-0.603458241894982,1.1970754741124932,-0.7641286655071019,0.7641286655071019,-0.07600419098309245,-0.02238430068003366,1.2615437418546425,-1.056893101715614,-0.4128923906217105
-0.4811630667107491,0.17501239145272118,1.2511859849833404,1.2667466227527846,0.7660502529017241,1.049983545247071,-1.3762488006937443,1.0131064229057247,1.7094856703746621,-1.1084485585471964,-0.22110831935702666,-0.689202437604511,-0.603458241894982,1.1970754741124932,-0.7641286655071019,0.7641286655071019,-0.9646928779448835,0.3077841343504637,-0.34127899342231904,-1.056893101715614,1.600221750220273
-0.4811630667107491,-1.1157039955110968,0.08866672334527588,0.15125332808988481,-1.4797616686486716,-1.5178518607457663,-1.3762488006937443,-1.5036632171548123,-0.9015260968765781,1.2458961798070503,-0.22110831935702666,1.4509525002200232,-0.603458241894982,-0.8353692157475672,1.308680128282278,-1.308680128282278,-0.5715186167291041,-0.02238430068003366,0.8608380580354021,-1.056893101715614,-1.3783088170797428
-0.4811630667107491,0.17501239145272118,0.08866672334527588,0.15125332808988481,0.7660502529017241,-0.2339341577493477,-0.10254402828698488,-0.24527839712454377,-0.08092239859761692,-0.5852608389129195,-0.22110831935702666,-0.689202437604511,-0.603458241894982,1.1970754741124932,-0.7641286655071019,0.7641286655071019,-0.038559178830229565,0.3077841343504637,0.05942669039692135,-0.3621110069944861,-1.0054085715773555
1.3652513031061086,1.4657287784165391,0.08866672334527588,0.15125332808988481,0.7660502529017241,1.049983545247071,1.1711607441197744,1.0131064229057247,0.5904806272669877,-0.3236669790957809,-0.22110831935702666,-0.689202437604511,1.6571154896481253,-0.8353692157475672,-0.7641286655071019,0.7641286655071019,1.2387443309670203,-0.35255273571053103,-0.34127899342231904,-0.3621110069944861,-0.2561642437038643
-1.404370251619178,-1.1157039955110968,0.08866672334527588,0.15125332808988481,0.7660502529017241,-0.2339341577493477,-0.10254402828698488,-0.24527839712454377,-2.095131476191431,-0.5852608389129195,-0.22110831935702666,-0.689202437604511,1.6571154896481253,-0.8353692157475672,-0.7641286655071019,0.7641286655071019,0.47721914481585004,0.9681210044114584,0.05942669039692135,-1.056893101715614,0.864719603842339
-1.404370251619178,-1.1157039955110968,0.08866672334527588,0.15125332808988481,-0.3568557078734737,-1.5178518607457663,-1.3762488006937443,-1.5036632171548123,-2.095131476191431,-0.5852608389129195,-0.22110831935702666,-0.689202437604511,1.6571154896481253,-0.8353692157475672,-0.7641286655071019,0.7641286655071019,1.2441417749196844,1.2982894394419557,1.662249425673883,-0.3621110069944861,0.9430622219312381
-0.4811630667107491,0.17501239145272118,-1.0738525382927888,-0.964239966573015,-0.3568557078734737,-0.2339341577493477,-0.10254402828698488,-0.24527839712454377,0.06827827381673968,2.292271619075604,-0.22110831935702666,1.4509525002200232,-0.603458241894982,-0.8353692157475672,1.308680128282278,-1.308680128282278,-0.04653839720855378,-0.35255273571053103,0.8608380580354021,-0.3621110069944861,0.2832318677934019
0.4420441181976798,0.17501239145272118,1.2511859849833404,1.2667466227527846,0.7660502529017241,-0.2339341577493477,-0.10254402828698488,-0.24527839712454377,1.7094856703746621,-0.8468546987300579,-0.22110831935702666,-0.689202437604511,-0.603458241894982,1.1970754741124932,-0.7641286655071019,0.7641286655071019,-1.1077989486044366,0.3077841343504637,0.05942669039692135,0.3326710877266418,0.4089906630331985
-1.404370251619178,-1.1157039955110968,-1.0738525382927888,-0.964239966573015,-0.3568557078734737,-0.2339341577493477,-0.10254402828698488,-0.24527839712454377,1.7094856703746621,-0.8468546987300579,-0.22110831935702666,-0.689202437604511,-0.603458241894982,1.1970754741124932,-0.7641286655071019,0.7641286655071019,1.152239037467249,0.9681210044114584,-0.7419846772415594,-1.056893101715614,0.49135261955599235
-0.4811630667107491,-1.1157039955110968,1.2511859849833404,1.2667466227527846,-1.4797616686486716,-1.5178518607457663,-1.3762488006937443,-1.5036632171548123,-0.4539240796335084,1.2458961798070503,-0.22110831935702666,1.4509525002200232,-0.603458241894982,-0.8353692157475672,1.308680128282278,-1.308680128282278,0.6558869793055377,0.637952569380961,0.05942669039692135,1.0274531824477697,-0.0293669121979359
-0.4811630667107491,-1.1157039955110968,-1.0738525382927888,-0.964239966573015,-0.3568557078734737,-0.2339341577493477,-0.10254402828698488,1.0131064229057247,0.21747894623109626,-0.06207311927864241,-0.22110831935702666,-0.689202437604511,-0.603458241894982,1.1970754741124932,-0.7641286655071019,0.7641286655071019,-1.484015169767368,-0.02238430068003366,0.4601323742161617,-1.056893101715614,-0.3129101749146743
-0.4811630667107491,-1.1157039955110968,0.08866672334527588,0.15125332808988481,-0.3568557078734737,-0.2339341577493477,-0.10254402828698488,-0.24527839712454377,-0.37932374342633013,-0.3236669790957809,-0.22110831935702666,-0.689202437604511,-0.603458241894982,1.1970754741124932,1.308680128282278,-1.308680128282278,0.4681484865599813,0.637952569380961,0.05942669039692135,-0.3621110069944861,0.169503496725744
-0.4811630667107491,-1.1157039955110968,-1.0738525382927888,-0.964239966573015,-1.4797616686486716,-1.5178518607457663,-1.3762488006937443,-1.5036632171548123,-0.37932374342633013,2.0306777592584657,4.522670168666454,1.4509525002200232,-0.603458241894982,-0.8353692157475672,1.308680128282278,-1.308680128282278,-0.04653839720855378,0.9681210044114584,0.8608380580354021,-0.3621110069944861,-0.3660701658491099
-0.4811630667107491,0.17501239145272118,-1.0738525382927888,-0.964239966573015,0.7660502529017241,-0.2339341577493477,-0.10254402828698488,-0.24527839712454377,-0.6777250882550433,-0.3236669790957809,-0.22110831935702666,-0.689202437604511,-0.603458241894982,1.1970754741124932,-0.7641286655071019,0.7641286655071019,-0.07600419098309245,0.3077841343504637,-0.7419846772415594,1.0274531824477697,0.7791973520809312
0.4420441181976798,0.17501239145272118,1.2511859849833404,1.2667466227527846,0.7660502529017241,-0.2339341577493477,-0.10254402828698488,-0.24527839712454377,0.2920792824382746,-0.5852608389129195,-0.22110831935702666,-0.689202437604511,1.6571154896481253,-0.8353692157475672,-0.7641286655071019,0.7641286655071019,-1.114981418435318,1.9586263095029504,0.05942669039692135,-0.3621110069944861,1.0873567579454668
-0.4811630667107491,-1.1157039955110968,0.08866672334527588,-0.964239966573015,-1.4797616686486716,-1.5178518607457663,-1.3762488006937443,-1.5036632171548123,-1.7221297951555394,2.815459338709881,-0.22110831935702666,1.4509525002200232,-0.603458241894982,-0.8353692157475672,1.308680128282278,-1.308680128282278,-0.5626061738386935,-0.6827211707410283,-1.1426903610607997,1.0274531824477697,-0.45100614663367444
-1.404370251619178,-2.4064203824749146,-2.236371799930853,-2.0797332612359147,-1.4797616686486716,-1.5178518607457663,-1.3762488006937443,-1.5036632171548123,0.06827827381673968,1.5074900396241886,-0.22110831935702666,1.4509525002200232,-0.603458241894982,-0.8353692157475672,1.308680128282278,-1.308680128282278,0.810653097148886,-0.35255273571053103,0.05942669039692135,-0.3621110069944861,-0.7750522898944197
1.3652513031061086,1.4657287784165391,-1.0738525382927888,-0.964239966573015,0.7660502529017241,1.049983545247071,-2.6499535731005035,1.0131064229057247,1.7094856703746621,-1.370042418364335,-0.22110831935702666,-0.689202437604511,-0.603458241894982,1.1970754741124932,-0.7641286655071019,0.7641286655071019,1.152239037467249,-0.02238430068003366,0.05942669039692135,-1.056893101715614,0.03246505189409294
-0.4811630667107491,0.17501239145272118,-1.0738525382927888,-0.964239966573015,-0.3568557078734737,-0.2339341577493477,-0.10254402828698488,-0.24527839712454377,0.21747894623109626,-0.06207311927864241,-0.22110831935702666,1.4509525002200232,-0.603458241894982,-0.8353692157475672,1.308680128282278,-1.308680128282278,-1.2063358029992777,0.9681210044114584,0.8608380580354021,-1.056893101715614,-0.03031035197184298
-0.4811630667107491,0.17501239145272118,-1.0738525382927888,-0.964239966573015,-0.3568557078734737,-0.2339341577493477,-0.10254402828698488,-0.24527839712454377,0.21747894623109626,-0.06207311927864241,-0.22110831935702666,-0.689202437604511,-0.603458241894982,1.1970754741124932,-0.7641286655071019,0.7641286655071019,-1.484015169767368,0.9681210044114584,1.2615437418546425,-1.056893101715614,-1.3877427474744792
-0.4811630667107491,-1.1157039955110968,1.2511859849833404,0.15125332808988481,0.7660502529017241,-0.2339341577493477,-0.10254402828698488,-0.24527839712454377,-2.2443321486057877,-0.5852608389129195,-0.22110831935702666,-0.689202437604511,1.6571154896481253,-0.8353692157475672,-0.7641286655071019,0.7641286655071019,-0.5737492315802597,0.3077841343504637,0.05942669039692135,1.0274531824477697,-0.1042367728683813
-1.404370251619178,-1.1157039955110968,-1.0738525382927888,-0.964239966573015,-1.4797616686486716,-1.5178518607457663,1.1711607441197744,-0.24527839712454377,-0.006322062390438623,1.5074900396241886,4.522670168666454,1.4509525002200232,-0.603458241894982,-0.8353692157475672,1.308680128282278,-1.308680128282278,1.168130840663025,-1.3430580408020232,0.4601323742161617,-0.3621110069944861,-1.0112158411161116
-0.4811630667107491,-1.1157039955110968,-1.0738525382927888,-0.964239966573015,-0.3568557078734737,-0.2339341577493477,-0.10254402828698488,-0.24527839712454377,0.21747894623109626,0.1995207405384961,-0.22110831935702666,-0.689202437604511,-0.603458241894982,1.1970754741124932,1.308680128282278,-1.308680128282278,0.4681484865599813,-1.0128896057715258,0.4601323742161617,0.3326710877266418,0.9852234290330201
1.3652513031061086,0.17501239145272118,0.08866672334527588,-0.964239966573015,-0.3568557078734737,-0.2339341577493477,1.1711607441197744,-0.24527839712454377,-1.0507267692909348,0.7227084601727731,-0.22110831935702666,1.4509525002200232,-0.603458241894982,-0.8353692157475672,1.308680128282278,-1.308680128282278,1.2571778435630063,0.637952569380961,0.05942669039692135,0.3326710877266418,-0.01354542687303331
1.3652513031061086,0.17501239145272118,0.08866672334527588,0.15125332808988481,0.7660502529017241,1.049983545247071,-0.10254402828698488,-0.24527839712454377,-1.125327105498113,-0.3236669790957809,-0.22110831935702666,-0.689202437604511,1.6571154896481253,-0.8353692157475672,-0.7641286655071019,0.7641286655071019,-0.964213613340066,0.637952569380961,0.05942669039692135,0.3326710877266418,-0.5929781368089729
-0.4811630667107491,0.17501239145272118,0.08866672334527588,0.15125332808988481,0.7660502529017241,1.049983545247071,1.1711607441197744,1.0131064229057247,0.8142816358885226,-0.5852608389129195,-0.22110831935702666,-0.689202437604511,1.6571154896481253,-0.8353692157475672,-0.7641286655071019,0.7641286655071019,-0.8397344383862729,0.3077841343504637,0.4601323742161617,-1.056893101715614,0.5118755358255148
-0.4811630667107491,0.17501239145272118,1.2511859849833404,1.2667466227527846,0.7660502529017241,1.049983545247071,-0.10254402828698488,-0.24527839712454377,1.7094856703746621,-1.370042418364335,-0.22110831935702666,-0.689202437604511,-0.603458241894982,1.1970754741124932,-0.7641286655071019,0.7641286655071019,-1.1043508966315232,0.9681210044114584,0.05942669039692135,-1.056893101715614,1.0336398910117666
-1.404370251619178,-1.1157039955110968,0.08866672334527588,0.15125332808988481,0.7660502529017241,-0.2339341577493477,-0.10254402828698488,1.0131064229057247,1.7094856703746621,-0.8468546987300579,-0.22110831935702666,-0.689202437604511,-0.603458241894982,1.1970754741124932,-0.7641286655071019,0.7641286655071019,0.6403324603417432,1.6284578744724532,0.8608380580354021,-1.056893101715614,0.6936956126014484
-0.4811630667107491,0.17501239145272118,1.2511859849833404,1.2667466227527846,0.7660502529017241,-0.2339341577493477,1.1711607441197744,-1.5036632171548123,-0.37932374342633013,-0.5852608389129195,-0.22110831935702666,-0.689202437604511,1.6571154896481253,-0.8353692157475672,-0.7641286655071019,0.7641286655071019,-1.114403867396094,-0.6827211707410283,-0.7419846772415594,1.0274531824477697,-0.14861629885900957
-0.4811630667107491,0.17501239145272118,-1.0738525382927888,-0.964239966573015,0.7660502529017241,-0.2339341577493477,-0.10254402828698488,-0.24527839712454377,-0.6777250882550433,-0.3236669790957809,-0.22110831935702666,-0.689202437604511,-0.603458241894982,1.1970754741124932,-0.7641286655071019,0.7641286655071019,-0.07600419098309245,-0.6827211707410283,-0.34127899342231904,1.0274531824477697,-1.1159416497715926
0.4420441181976798,1.4657287784165391,-2.236371799930853,-2.0797332612359147,0.7660502529017241,1.049983545247071,1.1711607441197744,1.0131064229057247,0.8142816358885226,-0.3236669790957809,-0.22110831935702666,-0.689202437604511,1.6571154896481253,-0.8353692157475672,-0.7641286655071019,0.7641286655071019,1.2387443309670203,-1.0128896057715258,-0.7419846772415594,-0.3621110069944861,1.0805937626746378
-0.4811630667107491,-1.1157039955110968,0.08866672334527588,0.15125332808988481,-0.3568557078734737,-1.5178518607457663,-1.3762488006937443,-1.5036632171548123,-1.7221297951555394,2.0306777592584657,-0.22110831935702666,1.4509525002200232,-0.603458241894982,-0.8353692157475672,1.308680128282278,-1.308680128282278,-0.5626061738386935,0.637952569380961,0.05942669039692135,0.3326710877266418,-1.900866069313784
-1.404370251619178,-2.4064203824749146,-2.236371799930853,-2.0797332612359147,-2.6026676294238693,-1.5178518607457663,-1.3762488006937443,-1.5036632171548123,0.06827827381673968,1.5074900396241886,-0.22110831935702666,1.4509525002200232,-0.603458241894982,-0.8353692157475672,1.308680128282278,-1.308680128282278,0.810653097148886,-0.02238430068003366,0.05942669039692135,-1.056893101715614,-0.3689878667334933
1.3652513031061086,0.17501239145272118,0.08866672334527588,0.15125332808988481,-0.3568557078734737,-0.2339341577493477,-0.10254402828698488,-0.24527839712454377,-0.08092239859761692,0.7227084601727731,4.522670168666454,1.4509525002200232,-0.603458241894982,-0.8353692157475672,1.308680128282278,-1.308680128282278,1.3030946885421244,-2.6637317809240124,-2.344807412518521,1.0274531824477697,-0.5590780175983762
-0.4811630667107491,-1.1157039955110968,1.2511859849833404,1.2667466227527846,-0.3568557078734737,-0.2339341577493477,-0.10254402828698488,-0.24527839712454377,-0.7523254244622216,0.9843023199899117,-0.22110831935702666,1.4509525002200232,-0.603458241894982,-0.8353692157475672,1.308680128282278,-1.308680128282278,-1.0832389643564062,-1.3430580408020232,-0.7419846772415594,1.0274531824477697,-0.7985197870550147
1.3652513031061086,1.4657287784165391,-1.0738525382927888,-0.964239966573015,-0.3568557078734737,1.049983545247071,1.1711607441197744,1.0131064229057247,-0.37932374342633013,-1.370042418364335,-0.22110831935702666,-0.689202437604511,-0.603458241894982,1.1970754741124932,-0.7641286655071019,0.7641286655071019,1.5515314811533911,-1.3430580408020232,-1.5433960448800401,-1.056893101715614,-0.7703740000124563
1.3652513031061086,1.4657287784165391,0.08866672334527588,0.15125332808988481,-0.3568557078734737,-0.2339341577493477,-0.10254402828698488,-0.24527839712454377,0.06827827381673968,1.5074900396241886,4.522670168666454,1.4509525002200232,-0.603458241894982,-0.8353692157475672,1.308680128282278,-1.308680128282278,1.3030946885421244,-1.0128896057715258,-1.1426903610607997,-0.3621110069944861,-0.12276392540002229
1.3652513031061086,0.17501239145272118,1.2511859849833404,1.2667466227527846,0.7660502529017241,-0.2339341577493477,-0.10254402828698488,1.0131064229057247,1.7094856703746621,-1.1084485585471964,-0.22110831935702666,-0.689202437604511,-0.603458241894982,1.1970754741124932,-0.7641286655071019,0.7641286655071019,1.152239037467249,0.9681210044114584,-0.34127899342231904,-0.3621110069944861,1.5823203369950711
-0.4811630667107491,-1.1157039955110968,0.08866672334527588,0.15125332808988481,-1.4797616686486716,-1.5178518607457663,-1.3762488006937443,-1.5036632171548123,-1.4237284503268262,1.7690838994413272,4.522670168666454,1.4509525002200232,-0.603458241894982,-0.8353692157475672,1.308680128282278,-1.308680128282278,0.46538902324024306,0.3077841343504637,-0.7419846772415594,-1.056893101715614,0.8159911637769259
-0.4811630667107491,-1.1157039955110968,0.08866672334527588,0.15125332808988481,-0.3568557078734737,-0.2339341577493477,-0.10254402828698488,-0.24527839712454377,-0.3047234072191518,-0.06207311927864241,-0.22110831935702666,-0.689202437604511,-0.603458241894982,1.1970754741124932,1.308680128282278,-1.308680128282278,0.4681484865599813,-0.02238430068003366,1.662249425673883,0.3326710877266418,-0.3749820917109943
-0.4811630667107491,0.17501239145272118,1.2511859849833404,1.2667466227527846,0.7660502529017241,-0.2339341577493477,-0.10254402828698488,-0.24527839712454377,-0.37932374342633013,-0.5852608389129195,-0.22110831935702666,-0.689202437604511,1.6571154896481253,-0.8353692157475672,-0.7641286655071019,0.7641286655071019,1.6210196454186703,-0.6827211707410283,-1.1426903610607997,2.4170173718900254,-0.4428527038281593
2.2884584880145376,2.7564451653803568,1.2511859849833404,1.2667466227527846,1.888956213676922,2.3339012482434898,2.444865516526534,2.2714912429359932,0.21747894623109626,-0.06207311927864241,-0.22110831935702666,-0.689202437604511,-0.603458241894982,1.1970754741124932,-0.7641286655071019,0.7641286655071019,-1.682251869567315,-2.6637317809240124,-2.344807412518521,-1.056893101715614,2.098539882339371
1.3652513031061086,1.4657287784165391,0.08866672334527588,0.15125332808988481,0.7660502529017241,1.049983545247071,1.1711607441197744,1.0131064229057247,0.2920792824382746,-1.1084485585471964,-0.22110831935702666,-0.689202437604511,-0.603458241894982,1.1970754741124932,-0.7641286655071019,0.7641286655071019,1.2544310003104708,-0.35255273571053103,-1.5433960448800401,1.0274531824477697,0.4753782687097304
-1.404370251619178,-1.1157039955110968,-2.236371799930853,-2.0797332612359147,-1.4797616686486716,-1.5178518607457663,-1.3762488006937443,-1.5036632171548123,0.06827827381673968,1.5074900396241886,-0.22110831935702666,1.4509525002200232,-0.603458241894982,-0.8353692157475672,1.308680128282278,-1.308680128282278,0.810653097148886,-1.3430580408020232,0.05942669039692135,0.3326710877266418,-0.6137645098979464
1.3652513031061086,0.17501239145272118,1.2511859849833404,1.2667466227527846,-0.3568557078734737,-0.2339341577493477,-0.10254402828698488,-0.24527839712454377,-0.37932374342633013,0.7227084601727731,-0.22110831935702666,1.4509525002200232,-0.603458241894982,-0.8353692157475672,1.308680128282278,-1.308680128282278,-1.0832389643564062,0.637952569380961,1.2615437418546425,0.3326710877266418,-0.8192982638333602
-0.4811630667107491,0.17501239145272118,1.2511859849833404,0.15125332808988481,0.7660502529017241,1.049983545247071,1.1711607441197744,1.0131064229057247,-0.4539240796335084,-0.5852608389129195,-0.22110831935702666,-0.689202437604511,1.6571154896481253,-0.8353692157475672,-0.7641286655071019,0.7641286655071019,-0.16294618900802282,-0.6827211707410283,0.8608380580354021,1.0274531824477697,0.1545483352430777
-1.404370251619178,-1.1157039955110968,-1.0738525382927888,-0.964239966573015,-1.4797616686486716,-1.5178518607457663,-1.3762488006937443,-1.5036632171548123,0.06827827381673968,1.5074900396241886,-0.22110831935702666,1.4509525002200232,-0.603458241894982,-0.8353692157475672,1.308680128282278,-1.308680128282278,-0.9625985532565778,-0.02238430068003366,0.05942669039692135,-1.056893101715614,-0.1804121892998751
1.3652513031061086,1.4657287784165391,-1.0738525382927888,-0.964239966573015,-0.3568557078734737,-0.2339341577493477,-0.10254402828698488,-0.24527839712454377,-1.4237284503268262,1.2458961798070503,-0.22110831935702666,1.4509525002200232,-0.603458241894982,-0.8353692157475672,1.308680128282278,-1.308680128282278,-0.8214782454454909,-1.3430580408020232,-0.7419846772415594,-0.3621110069944861,-1.003724829144812
0.4420441181976798,0.17501239145272118,0.08866672334527588,0.15125332808988481,0.7660502529017241,1.049983545247071,1.1711607441197744,1.0131064229057247,1.0380826445100575,-0.3236669790957809,-0.22110831935702666,-0.689202437604511,1.6571154896481253,-0.8353692157475672,-0.7641286655071019,0.7641286655071019,0.47428838001408336,1.6284578744724532,1.2615437418546425,-1.056893101715614,0.9379104669530705
1.3652513031061086,0.17501239145272118,0.08866672334527588,0.15125332808988481,-1.4797616686486716,-0.2339341577493477,-0.10254402828698488,-0.24527839712454377,-0.9015260968765781,1.2458961798070503,-0.22110831935702666,1.4509525002200232,-0.603458241894982,-0.8353692157475672,1.308680128282278,-1.308680128282278,-0.7700907823569129,-0.02238430068003366,0.05942669039692135,2.4170173718900254,-0.9280852169889401
-0.4811630667107491,0.17501239145272118,1.2511859849833404,1.2667466227527846,0.7660502529017241,1.049983545247071,1.1711607441197744,1.0131064229057247,0.888881972095701,-0.3236669790957809,-0.22110831935702666,-0.689202437604511,-0.603458241894982,1.1970754741124932,-0.7641286655071019,0.7641286655071019,-0.03603472071146972,-0.35255273571053103,-1.1426903610607997,0.3326710877266418,-0.5285601391188758
-1.404370251619178,-1.1157039955110968,1.2511859849833404,1.2667466227527846,0.7660502529017241,-0.2339341577493477,-0.10254402828698488,1.0131064229057247,1.7094856703746621,-0.8468546987300579,-0.22110831935702666,-0.689202437604511,-0.603458241894982,1.1970754741124932,-0.7641286655071019,0.7641286655071019,0.6403324603417432,0.9681210044114584,2.062955109493123,-0.3621110069944861,0.3506817203626011
1.3652513031061086,0.17501239145272118,0.08866672334527588,0.15125332808988481,-1.4797616686486716,-1.5178518607457663,-1.3762488006937443,-1.5036632171548123,-0.8269257606693999,0.1995207405384961,-0.22110831935702666,1.4509525002200232,-0.603458241894982,-0.8353692157475672,1.308680128282278,-1.308680128282278,-0.7849414012719943,0.637952569380961,2.062955109493123,0.3326710877266418,-0.4905905769560028
1.3652513031061086,1.4657287784165391,-1.0738525382927888,-0.964239966573015,0.7660502529017241,1.049983545247071,-1.3762488006937443,1.0131064229057247,1.7094856703746621,-1.1084485585471964,-0.22110831935702666,-0.689202437604511,-0.603458241894982,1.1970754741124932,-0.7641286655071019,0.7641286655071019,1.152239037467249,1.2982894394419557,1.662249425673883,0.3326710877266418,1.4028492368650713
-0.4811630667107491,-1.1157039955110968,0.08866672334527588,0.15125332808988481,0.7660502529017241,-0.2339341577493477,-0.10254402828698488,-0.24527839712454377,-2.1697318123986093,-0.5852608389129195,-0.22110831935702666,-0.689202437604511,1.6571154896481253,-0.8353692157475672,-0.7641286655071019,0.7641286655071019,-0.5737492315802597,0.637952569380961,0.4601323742161617,0.3326710877266418,1.8350682799417366
-0.4811630667107491,0.17501239145272118,1.2511859849833404,1.2667466227527846,-0.3568557078734737,-0.2339341577493477,-0.10254402828698488,-0.24527839712454377,1.4856846617531272,-0.5852608389129195,-0.22110831935702666,-0.689202437604511,1.6571154896481253,-0.8353692157475672,-0.7641286655071019,0.7641286655071019,-0.5833234764738795,-1.0128896057715258,-1.5433960448800401,0.3326710877266418,1.4988921160617237
0.4420441181976798,0.17501239145272118,1.2511859849833404,1.2667466227527846,0.7660502529017241,1.049983545247071,1.1711607441197744,-1.5036632171548123,-0.3047234072191518,-0.3236669790957809,-0.22110831935702666,-0.689202437604511,1.6571154896481253,-0.8353692157475672,-0.7641286655071019,0.7641286655071019,-1.1051281156268986,0.637952569380961,0.8608380580354021,-0.3621110069944861,1.1692494147899812
0.4420441181976798,1.4657287784165391,-1.0738525382927888,-0.964239966573015,0.7660502529017241,1.049983545247071,1.1711607441197744,1.0131064229057247,-0.3047234072191518,-0.5852608389129195,-0.22110831935702666,-0.689202437604511,1.6571154896481253,-0.8353692157475672,-0.7641286655071019,0.7641286655071019,1.6210196454186703,-1.0128896057715258,-0.7419846772415594,-0.3621110069944861,0.05117849274190329
-0.4811630667107491,0.17501239145272118,1.2511859849833404,1.2667466227527846,0.7660502529017241,1.049983545247071,-1.3762488006937443,1.0131064229057247,1.6348853341674838,-1.1084485585471964,-0.22110831935702666,-0.689202437604511,-0.603458241894982,1.1970754741124932,-0.7641286655071019,0.7641286655071019,-0.9646928779448835,1.2982894394419557,-0.34127899342231904,-1.056893101715614,1.0816094472702653
-0.4811630667107491,0.17501239145272118,1.2511859849833404,1.2667466227527846,0.7660502529017241,1.049983545247071,1.1711607441197744,1.0131064229057247,0.888881972095701,-0.06207311927864241,-0.22110831935702666,-0.689202437604511,-0.603458241894982,1.1970754741124932,-0.7641286655071019,0.7641286655071019,-0.03603472071146972,0.3077841343504637,-0.7419846772415594,0.3326710877266418,1.5423937818404645
1.3652513031061086,1.4657287784165391,1.2511859849833404,1.2667466227527846,0.7660502529017241,1.049983545247071,1.1711607441197744,1.0131064229057247,0.7396812996813443,-0.8468546987300579,-0.22110831935702666,-0.689202437604511,1.6571154896481253,-0.8353692157475672,-0.7641286655071019,0.7641286655071019,-0.8397344383862729,0.9681210044114584,0.05942669039692135,-0.3621110069944861,2.1111828659265544
-0.4811630667107491,0.17501239145272118,0.08866672334527588,0.15125332808988481,-0.3568557078734737,-0.2339341577493477,-0.10254402828698488,-0.24527839712454377,-0.6777250882550433,-0.3236669790957809,-0.22110831935702666,-0.689202437604511,-0.603458241894982,1.1970754741124932,-0.7641286655071019,0.7641286655071019,0.7865763672334796,-1.6732264758325204,-0.34127899342231904,-0.3621110069944861,-1.7495467934844766
2.2884584880145376,1.4657287784165391,0.08866672334527588,0.15125332808988481,-0.3568557078734737,-0.2339341577493477,-0.10254402828698488,1.0131064229057247,-0.6777250882550433,-0.3236669790957809,-0.22110831935702666,-0.689202437604511,-0.603458241894982,1.1970754741124932,1.308680128282278,-1.308680128282278,-0.9598893561473634,0.9681210044114584,0.8608380580354021,-0.3621110069944861,0.29307572176415136
-1.404370251619178,0.17501239145272118,0.08866672334527588,0.15125332808988481,-0.3568557078734737,-0.2339341577493477,1.1711607441197744,-0.24527839712454377,-0.3047234072191518,-0.8468546987300579,-0.22110831935702666,-0.689202437604511,1.6571154896481253,-0.8353692157475672,-0.7641286655071019,0.7641286655071019,0.46291736873541667,0.3077841343504637,0.8608380580354021,-1.056893101715614,0.34113628957743075
-0.4811630667107491,-1.1157039955110968,-1.0738525382927888,-0.964239966573015,-1.4797616686486716,-1.5178518607457663,-1.3762488006937443,-1.5036632171548123,-0.603124752047865,0.9843023199899117,-0.22110831935702666,1.4509525002200232,-0.603458241894982,-0.8353692157475672,1.308680128282278,-1.308680128282278,-0.7849414012719943,-2.6637317809240124,-2.344807412518521,-0.3621110069944861,-1.2865500240598053
1.3652513031061086,1.4657287784165391,1.2511859849833404,1.2667466227527846,0.7660502529017241,1.049983545247071,-1.3762488006937443,1.0131064229057247,0.21747894623109626,-1.1084485585471964,-0.22110831935702666,-0.689202437604511,-0.603458241894982,1.1970754741124932,-0.7641286655071019,0.7641286655071019,-1.1043508966315232,1.2982894394419557,1.2615437418546425,0.3326710877266418,-0.5387047831202503
0.4420441181976798,0.17501239145272118,0.08866672334527588,0.15125332808988481,0.7660502529017241,1.049983545247071,1.1711607441197744,1.0131064229057247,-2.468133157227322,-0.3236669790957809,-0.22110831935702666,-0.689202437604511,1.6571154896481253,-0.8353692157475672,-0.7641286655071019,0.7641286655071019,-0.5737492315802597,-0.6827211707410283,-1.1426903610607997,2.4170173718900254,-0.4429694564057632
-1.404370251619178,-1.1157039955110968,1.2511859849833404,1.2667466227527846,0.7660502529017241,1.049983545247071,-0.10254402828698488,1.0131064229057247,1.6348853341674838,-1.1084485585471964,-0.22110831935702666,-0.689202437604511,-0.603458241894982,1.1970754741124932,-0.7641286655071019,0.7641286655071019,1.6160796176707848,0.9681210044114584,-0.7419846772415594,-1.056893101715614,0.32154016446346567
1.3652513031061086,1.4657287784165391,0.08866672334527588,0.15125332808988481,0.7660502529017241,1.049983545247071,1.1711607441197744,1.0131064229057247,0.44127995485263116,-1.1084485585471964,-0.22110831935702666,-0.689202437604511,-0.603458241894982,1.1970754741124932,-0.7641286655071019,0.7641286655071019,-0.32525023714829365,0.637952569380961,0.4601323742161617,0.3326710877266418,1.2900596119566479
1.3652513031061086,0.17501239145272118,0.08866672334527588,0.15125332808988481,-0.3568557078734737,-0.2339341577493477,-0.10254402828698488,-0.24527839712454377,0.36667961864545284,0.7227084601727731,-0.22110831935702666,1.4509525002200232,-0.603458241894982,-0.8353692157475672,1.308680128282278,-1.308680128282278,1.102175819534301,0.637952569380961,0.4601323742161617,0.3326710877266418,-1.1397481847940694
-0.4811630667107491,-1.1157039955110968,1.2511859849833404,1.2667466227527846,-1.4797616686486716,-1.5178518607457663,1.1711607441197744,-1.5036632171548123,-1.7967301313627178,2.292271619075604,4.522670168666454,1.4509525002200232,-0.603458241894982,-0.8353692157475672,1.308680128282278,-1.308680128282278,-0.8214782454454909,-2.0033949108630176,-1.5433960448800401,2.4170173718900254,-0.8255104378256358
-0.4811630667107491,0.17501239145272118,1.2511859849833404,1.2667466227527846,0.7660502529017241,1.049983545247071,-1.3762488006937443,-0.24527839712454377,0.8142816358885226,-0.5852608389129195,-0.22110831935702666,-0.689202437604511,-0.603458241894982,1.1970754741124932,-0.7641286655071019,0.7641286655071019,-0.6998832616039578,1.2982894394419557,1.2615437418546425,0.3326710877266418,0.5213665188997424
2.2884584880145376,2.7564451653803568,-1.0738525382927888,-0.964239966573015,0.7660502529017241,1.049983545247071,1.1711607441197744,1.0131064229057247,0.2920792824382746,-1.370042418364335,-0.22110831935702666,-0.689202437604511,-0.603458241894982,1.1970754741124932,-0.7641286655071019,0.7641286655071019,0.6835115761214238,-1.0128896057715258,-1.5433960448800401,-1.056893101715614,-0.3214163503222266
-0.4811630667107491,0.17501239145272118,1.2511859849833404,1.2667466227527846,0.7660502529017241,1.049983545247071,1.1711607441197744,1.0131064229057247,0.8142816358885226,-0.5852608389129195,-0.22110831935702666,-0.689202437604511,1.6571154896481253,-0.8353692157475672,-0.7641286655071019,0.7641286655071019,-0.8397344383862729,0.9681210044114584,0.05942669039692135,1.0274531824477697,-0.25361852523243245
-0.4811630667107491,0.17501239145272118,0.08866672334527588,0.15125332808988481,0.7660502529017241,1.049983545247071,1.1711607441197744,1.0131064229057247,0.665080963474166,-0.3236669790957809,-0.22110831935702666,-0.689202437604511,1.6571154896481253,-0.8353692157475672,-0.7641286655071019,0.7641286655071019,-1.2042930365257365,-0.35255273571053103,0.05942669039692135,1.0274531824477697,1.0450479442885514
0.4420441181976798,0.17501239145272118,0.08866672334527588,0.15125332808988481,0.7660502529017241,1.049983545247071,1.1711607441197744,1.0131064229057247,1.3364839893387708,-1.1084485585471964,-0.22110831935702666,-0.689202437604511,-0.603458241894982,1.1970754741124932,-0.7641286655071019,0.7641286655071019,1.2462566129619488,1.6284578744724532,0.8608380580354021,-0.3621110069944861,0.5878396295259666
-0.4811630667107491,-1.1157039955110968,0.08866672334527588,0.15125332808988481,-0.3568557078734737,-0.2339341577493477,-0.10254402828698488,-0.24527839712454377,-0.4539240796335084,1.2458961798070503,-0.22110831935702666,1.4509525002200232,-0.603458241894982,-0.8353692157475672,1.308680128282278,-1.308680128282278,0.4724759179278689,-0.02238430068003366,0.05942669039692135,-0.3621110069944861,-1.1802373820566388
-0.4811630667107491,0.17501239145272118,0.08866672334527588,0.15125332808988481,-0.3568557078734737,-0.2339341577493477,-0.10254402828698488,-0.24527839712454377,-0.15552273480479523,-0.06207311927864241,-0.22110831935702666,-0.689202437604511,-0.603458241894982,1.1970754741124932,1.308680128282278,-1.308680128282278,0.4681484865599813,0.3077841343504637,-0.34127899342231904,1.0274531824477697,0.8803122187934417
