timestamp,image_folder_path,image,greenness degree,cleanliness degree,crowdedness degree,noisy degree,skin feeling degree,stress degree,personal aqi degree,safety degree,hum,tem,uv,part_of_day_Afternoon,part_of_day_Evening,part_of_day_Morning,Not rush hour,Rush hour,distance_to_airport,num_people,num_motorcycles,num_cars,rms_contrast
2020-02-28 07:53:00,..\..\Data\Data HCM\_MNR_SENSOR_DATA_\emotion_tags\image_tag,22646-44678-1582851237.jpg,3.0,3.0,4.0,3.0,2.0,3.0,3.0,3.0,82.0,28.0,0.0,0.0,0.0,1.0,0.0,1.0,2.6238310895191885,10,8,2,67.38964419050109
2020-02-28 07:58:00,..\..\Data\Data HCM\_MNR_SENSOR_DATA_\emotion_tags\image_tag,22646-44678-1582851567.jpg,5.0,4.0,3.0,3.0,2.0,3.0,4.0,4.0,79.0,27.0,0.0,0.0,0.0,1.0,0.0,1.0,2.3072409411780925,11,9,3,56.08192676536954
2020-02-28 08:02:00,..\..\Data\Data HCM\_MNR_SENSOR_DATA_\emotion_tags\image_tag,22646-44678-1582852124.jpg,2.0,4.0,3.0,3.0,4.0,3.0,3.0,3.0,81.0,27.0,0.0,0.0,0.0,1.0,0.0,1.0,2.3072409411780925,13,8,1,69.40389870301546
2020-02-28 08:13:00,..\..\Data\Data HCM\_MNR_SENSOR_DATA_\emotion_tags\image_tag,22646-44678-1582852513.jpg,2.0,3.0,4.0,3.0,3.0,3.0,3.0,2.0,82.0,27.0,0.0,0.0,0.0,1.0,0.0,1.0,4.1986102909017635,7,7,0,82.51699037343678
2020-02-28 08:17:00,..\..\Data\Data HCM\_MNR_SENSOR_DATA_\emotion_tags\image_tag,22646-44678-1582852742.jpg,5.0,5.0,3.0,3.0,4.0,4.0,4.0,4.0,80.0,28.0,0.0,0.0,0.0,1.0,0.0,1.0,4.1986102909017635,5,2,0,64.66839588089518
2020-02-28 08:23:00,..\..\Data\Data HCM\_MNR_SENSOR_DATA_\emotion_tags\image_tag,22646-44678-1582853035.jpg,4.0,4.0,3.0,2.0,4.0,4.0,4.0,4.0,80.0,29.0,0.0,0.0,0.0,1.0,0.0,1.0,4.1986102909017635,4,1,0,51.146842793462376
2020-02-28 08:26:00,..\..\Data\Data HCM\_MNR_SENSOR_DATA_\emotion_tags\image_tag,22646-44678-1582853243.jpg,3.0,3.0,3.0,3.0,3.0,3.0,3.0,3.0,77.0,29.0,0.0,0.0,0.0,1.0,0.0,1.0,4.1986102909017635,8,8,1,64.68450974294808
2020-02-28 08:32:00,..\..\Data\Data HCM\_MNR_SENSOR_DATA_\emotion_tags\image_tag,22646-44678-1582853636.jpg,3.0,4.0,2.0,2.0,4.0,4.0,4.0,4.0,77.0,30.0,0.0,0.0,0.0,1.0,0.0,1.0,5.147828680575264,2,3,0,63.34433615714945
2020-02-28 08:42:00,..\..\Data\Data HCM\_MNR_SENSOR_DATA_\emotion_tags\image_tag,22646-44678-1582854208.jpg,4.0,4.0,3.0,3.0,3.0,4.0,4.0,4.0,71.0,28.0,0.0,0.0,0.0,1.0,0.0,1.0,5.147828680575264,4,2,0,60.140661833475534
2020-02-28 08:50:00,..\..\Data\Data HCM\_MNR_SENSOR_DATA_\emotion_tags\image_tag,22646-44678-1582854750.jpg,2.0,3.0,4.0,4.0,3.0,2.0,2.0,1.0,70.0,29.0,0.0,0.0,0.0,1.0,0.0,1.0,2.9644894088849076,3,3,5,46.39288780280632
2020-02-28 12:21:00,..\..\Data\Data HCM\_MNR_SENSOR_DATA_\emotion_tags\image_tag,22646-44678-1582867379.jpg,4.0,3.0,4.0,4.0,2.0,2.0,2.0,2.0,65.0,34.0,0.0,1.0,0.0,0.0,1.0,0.0,2.5927916196567753,10,11,2,62.96227525592277
2020-02-28 12:26:00,..\..\Data\Data HCM\_MNR_SENSOR_DATA_\emotion_tags\image_tag,22646-44678-1582867614.jpg,2.0,2.0,3.0,3.0,2.0,2.0,2.0,2.0,61.0,37.0,0.0,1.0,0.0,0.0,1.0,0.0,2.5927916196567753,7,6,1,53.52672889412542
2020-02-28 12:29:00,..\..\Data\Data HCM\_MNR_SENSOR_DATA_\emotion_tags\image_tag,22646-44678-1582867879.jpg,2.0,2.0,3.0,3.0,2.0,2.0,2.0,2.0,68.0,37.0,0.0,1.0,0.0,0.0,1.0,0.0,2.5927916196567753,0,0,1,54.93503105704612
2020-02-28 12:40:00,..\..\Data\Data HCM\_MNR_SENSOR_DATA_\emotion_tags\image_tag,22646-44678-1582868441.jpg,2.0,2.0,2.0,2.0,2.0,2.0,2.0,2.0,69.0,35.0,0.0,1.0,0.0,0.0,1.0,0.0,4.832087982081859,2,3,1,60.842567751131334
2020-02-28 12:42:00,..\..\Data\Data HCM\_MNR_SENSOR_DATA_\emotion_tags\image_tag,22646-44678-1582868630.jpg,2.0,2.0,2.0,3.0,2.0,2.0,2.0,2.0,66.0,36.0,0.0,1.0,0.0,0.0,1.0,0.0,4.832087982081859,6,6,1,66.77740713756745
2020-02-28 12:47:00,..\..\Data\Data HCM\_MNR_SENSOR_DATA_\emotion_tags\image_tag,22646-44678-1582868906.jpg,1.0,1.0,3.0,3.0,1.0,2.0,2.0,1.0,59.0,37.0,0.0,1.0,0.0,0.0,1.0,0.0,4.832087982081859,0,2,0,60.047319232905174
2020-02-28 12:52:00,..\..\Data\Data HCM\_MNR_SENSOR_DATA_\emotion_tags\image_tag,22646-44678-1582869209.jpg,1.0,1.0,4.0,4.0,1.0,1.0,1.0,1.0,57.0,40.0,0.0,1.0,0.0,0.0,1.0,0.0,4.832087982081859,8,9,1,62.145301625292376
2020-02-28 12:57:00,..\..\Data\Data HCM\_MNR_SENSOR_DATA_\emotion_tags\image_tag,22646-44678-1582869512.jpg,2.0,2.0,3.0,3.0,1.0,1.0,1.0,1.0,67.0,42.0,0.0,1.0,0.0,0.0,1.0,0.0,4.715755772923994,10,10,1,61.05697550941868
2020-02-28 13:02:00,..\..\Data\Data HCM\_MNR_SENSOR_DATA_\emotion_tags\image_tag,22646-44678-1582869765.jpg,1.0,1.0,3.0,3.0,1.0,1.0,1.0,1.0,62.0,41.0,0.0,1.0,0.0,0.0,1.0,0.0,4.715755772923994,7,6,3,62.52503255566909
2020-02-28 13:05:00,..\..\Data\Data HCM\_MNR_SENSOR_DATA_\emotion_tags\image_tag,22646-44678-1582869983.jpg,2.0,2.0,4.0,4.0,1.0,1.0,1.0,1.0,63.0,40.0,0.0,1.0,0.0,0.0,1.0,0.0,4.715755772923994,5,3,1,66.64972275197903
2020-02-28 13:09:00,..\..\Data\Data HCM\_MNR_SENSOR_DATA_\emotion_tags\image_tag,22646-44678-1582870193.jpg,2.0,2.0,4.0,3.0,2.0,2.0,2.0,1.0,59.0,41.0,0.0,1.0,0.0,0.0,1.0,0.0,2.835925083910866,5,7,0,63.80364183440649
2020-02-28 13:11:00,..\..\Data\Data HCM\_MNR_SENSOR_DATA_\emotion_tags\image_tag,22646-44678-1582870322.jpg,2.0,2.0,3.0,3.0,2.0,2.0,2.0,3.0,63.0,40.0,0.0,1.0,0.0,0.0,1.0,0.0,2.835925083910866,5,4,3,56.98943764231923
2020-02-28 13:14:00,..\..\Data\Data HCM\_MNR_SENSOR_DATA_\emotion_tags\image_tag,22646-44678-1582870522.jpg,2.0,2.0,4.0,4.0,2.0,2.0,2.0,2.0,60.0,43.0,0.0,1.0,0.0,0.0,1.0,0.0,2.835925083910866,12,6,1,66.26134486371285
2020-02-28 13:17:00,..\..\Data\Data HCM\_MNR_SENSOR_DATA_\emotion_tags\image_tag,22646-44678-1582870693.jpg,2.0,2.0,4.0,4.0,3.0,2.0,2.0,2.0,53.0,41.0,0.0,1.0,0.0,0.0,1.0,0.0,2.835925083910866,10,6,2,48.739659008275446
2020-02-28 13:19:00,..\..\Data\Data HCM\_MNR_SENSOR_DATA_\emotion_tags\image_tag,22646-44678-1582870770.jpg,2.0,2.0,4.0,3.0,2.0,2.0,2.0,2.0,53.0,44.0,0.0,1.0,0.0,0.0,1.0,0.0,2.835925083910866,6,3,3,63.36148389629627
2020-02-28 13:20:00,..\..\Data\Data HCM\_MNR_SENSOR_DATA_\emotion_tags\image_tag,22646-44678-1582870864.jpg,2.0,2.0,3.0,3.0,2.0,2.0,2.0,2.0,53.0,44.0,0.0,1.0,0.0,0.0,1.0,0.0,2.835925083910866,2,4,1,52.22160914611348
2020-02-28 16:49:00,..\..\Data\Data HCM\_MNR_SENSOR_DATA_\emotion_tags\image_tag,22646-44678-1582883410.jpg,2.0,2.0,4.0,4.0,4.0,3.0,3.0,3.0,64.0,32.0,0.0,0.0,1.0,0.0,0.0,1.0,2.396749478841821,11,6,0,68.45822336781995
2020-02-28 16:53:00,..\..\Data\Data HCM\_MNR_SENSOR_DATA_\emotion_tags\image_tag,22646-44678-1582884005.jpg,4.0,3.0,4.0,4.0,4.0,4.0,3.0,3.0,61.0,32.0,0.0,0.0,1.0,0.0,0.0,1.0,2.396749478841821,10,6,2,61.92969759275483
2020-02-28 17:04:00,..\..\Data\Data HCM\_MNR_SENSOR_DATA_\emotion_tags\image_tag,22646-44678-1582884324.jpg,3.0,3.0,4.0,4.0,4.0,4.0,4.0,4.0,43.0,32.0,0.0,0.0,1.0,0.0,0.0,1.0,2.8237396544475883,6,3,5,63.442533848332026
2020-02-28 17:07:00,..\..\Data\Data HCM\_MNR_SENSOR_DATA_\emotion_tags\image_tag,22646-44678-1582884453.jpg,3.0,3.0,4.0,4.0,4.0,3.0,3.0,3.0,42.0,32.0,0.0,0.0,1.0,0.0,0.0,1.0,2.8237396544475883,10,5,1,69.64252293913694
2020-02-28 17:09:00,..\..\Data\Data HCM\_MNR_SENSOR_DATA_\emotion_tags\image_tag,22646-44678-1582884593.jpg,3.0,2.0,4.0,4.0,4.0,3.0,3.0,3.0,42.0,32.0,0.0,0.0,1.0,0.0,0.0,1.0,2.8237396544475883,6,6,3,65.17787263054497
2020-02-28 17:14:00,..\..\Data\Data HCM\_MNR_SENSOR_DATA_\emotion_tags\image_tag,22646-44678-1582884894.jpg,3.0,3.0,4.0,4.0,4.0,3.0,3.0,3.0,46.0,32.0,0.0,0.0,1.0,0.0,0.0,1.0,2.8237396544475883,12,8,2,80.6554942230308
2020-02-28 17:15:00,..\..\Data\Data HCM\_MNR_SENSOR_DATA_\emotion_tags\image_tag,22646-44678-1582884978.jpg,2.0,2.0,5.0,4.0,4.0,3.0,3.0,3.0,46.0,31.0,0.0,0.0,1.0,0.0,0.0,1.0,2.8237396544475883,9,6,3,66.85865005725337
2020-02-28 17:16:00,..\..\Data\Data HCM\_MNR_SENSOR_DATA_\emotion_tags\image_tag,22646-44678-1582885075.jpg,2.0,2.0,4.0,4.0,4.0,3.0,3.0,3.0,47.0,31.0,0.0,0.0,1.0,0.0,0.0,1.0,2.8237396544475883,10,7,2,86.41652488575836
2020-02-28 17:23:00,..\..\Data\Data HCM\_MNR_SENSOR_DATA_\emotion_tags\image_tag,22646-44678-1582885456.jpg,2.0,3.0,4.0,4.0,4.0,3.0,3.0,3.0,49.0,32.0,0.0,0.0,1.0,0.0,0.0,1.0,4.811684359158321,11,5,2,67.45777736197373
2020-02-28 17:35:00,..\..\Data\Data HCM\_MNR_SENSOR_DATA_\emotion_tags\image_tag,22646-44678-1582886144.jpg,1.0,2.0,4.0,4.0,3.0,2.0,2.0,2.0,48.0,31.0,0.0,0.0,1.0,0.0,0.0,1.0,4.811684359158321,12,10,1,77.4206514394648
2020-02-28 17:40:00,..\..\Data\Data HCM\_MNR_SENSOR_DATA_\emotion_tags\image_tag,22646-44678-1582886448.jpg,1.0,2.0,4.0,4.0,4.0,3.0,3.0,3.0,48.0,31.0,0.0,0.0,1.0,0.0,0.0,1.0,3.9730203380555835,11,6,0,76.63056680780778
2020-02-28 17:43:00,..\..\Data\Data HCM\_MNR_SENSOR_DATA_\emotion_tags\image_tag,22646-44678-1582886641.jpg,2.0,2.0,4.0,4.0,4.0,3.0,3.0,3.0,50.0,31.0,0.0,0.0,1.0,0.0,0.0,1.0,3.9730203380555835,11,8,0,86.80862764903438
2020-02-28 17:46:00,..\..\Data\Data HCM\_MNR_SENSOR_DATA_\emotion_tags\image_tag,22646-44678-1582886834.jpg,1.0,2.0,4.0,4.0,4.0,3.0,3.0,3.0,50.0,31.0,0.0,0.0,1.0,0.0,0.0,1.0,3.9730203380555835,9,3,0,67.69604533540323
2020-02-28 17:52:00,..\..\Data\Data HCM\_MNR_SENSOR_DATA_\emotion_tags\image_tag,22646-44678-1582887201.jpg,1.0,2.0,3.0,3.0,4.0,3.0,3.0,3.0,52.0,31.0,0.0,0.0,1.0,0.0,0.0,1.0,3.9730203380555835,11,6,3,82.54024731740923
2020-02-28 17:59:00,..\..\Data\Data HCM\_MNR_SENSOR_DATA_\emotion_tags\image_tag,22646-44678-1582887563.jpg,2.0,2.0,5.0,5.0,4.0,3.0,3.0,3.0,54.0,31.0,0.0,0.0,1.0,0.0,0.0,1.0,2.240871711588565,9,4,3,77.23243727208606
2020-02-29 09:06:00,..\..\Data\Data HCM\_MNR_SENSOR_DATA_\emotion_tags\image_tag,22646-44678-1582942069.jpg,2.0,3.0,3.0,3.0,4.0,3.0,3.0,3.0,67.0,32.0,0.0,0.0,0.0,1.0,0.0,1.0,3.3680460040654734,8,6,1,75.42572667095128
2020-02-29 09:11:00,..\..\Data\Data HCM\_MNR_SENSOR_DATA_\emotion_tags\image_tag,22646-44678-1582942310.jpg,2.0,3.0,3.0,3.0,4.0,3.0,3.0,3.0,67.0,32.0,0.0,0.0,0.0,1.0,0.0,1.0,3.3680460040654734,6,5,3,56.65561504881603
2020-02-29 09:15:00,..\..\Data\Data HCM\_MNR_SENSOR_DATA_\emotion_tags\image_tag,22646-44678-1582942547.jpg,1.0,2.0,3.0,4.0,4.0,4.0,4.0,3.0,67.0,32.0,0.0,0.0,0.0,1.0,0.0,1.0,3.3680460040654734,8,9,0,63.74586079886042
2020-02-29 09:20:00,..\..\Data\Data HCM\_MNR_SENSOR_DATA_\emotion_tags\image_tag,22646-44678-1582942848.jpg,2.0,3.0,3.0,3.0,4.0,3.0,3.0,3.0,67.0,32.0,0.0,0.0,0.0,1.0,0.0,1.0,3.3680460040654734,9,4,3,75.76807563212718
2020-02-29 09:23:00,..\..\Data\Data HCM\_MNR_SENSOR_DATA_\emotion_tags\image_tag,22646-44678-1582943064.jpg,1.0,2.0,3.0,3.0,3.0,3.0,3.0,3.0,67.0,32.0,0.0,0.0,0.0,1.0,0.0,1.0,5.225498068981291,11,12,1,49.294784965124514
2020-02-29 09:25:00,..\..\Data\Data HCM\_MNR_SENSOR_DATA_\emotion_tags\image_tag,22646-44678-1582943159.jpg,1.0,2.0,3.0,3.0,4.0,4.0,3.0,3.0,67.0,32.0,0.0,0.0,0.0,1.0,0.0,1.0,5.225498068981291,9,3,0,71.72446287325661
2020-02-29 09:28:00,..\..\Data\Data HCM\_MNR_SENSOR_DATA_\emotion_tags\image_tag,22646-44678-1582943347.jpg,3.0,4.0,3.0,3.0,4.0,4.0,4.0,4.0,67.0,32.0,0.0,0.0,0.0,1.0,0.0,1.0,5.225498068981291,3,3,3,64.2040242712852
2020-02-29 09:30:00,..\..\Data\Data HCM\_MNR_SENSOR_DATA_\emotion_tags\image_tag,22646-44678-1582943483.jpg,4.0,4.0,3.0,3.0,5.0,4.0,4.0,4.0,67.0,32.0,0.0,0.0,0.0,1.0,0.0,1.0,5.225498068981291,15,8,0,74.72601087141372
2020-02-29 09:33:00,..\..\Data\Data HCM\_MNR_SENSOR_DATA_\emotion_tags\image_tag,22646-44678-1582943661.jpg,4.0,4.0,3.0,2.0,5.0,4.0,4.0,4.0,67.0,32.0,0.0,0.0,0.0,1.0,0.0,1.0,5.225498068981291,2,2,0,72.29090626056635
2020-02-29 09:37:00,..\..\Data\Data HCM\_MNR_SENSOR_DATA_\emotion_tags\image_tag,22646-44678-1582943904.jpg,5.0,5.0,2.0,2.0,5.0,4.0,4.0,4.0,67.0,32.0,0.0,0.0,0.0,1.0,0.0,1.0,5.225498068981291,4,3,1,67.21818102902023
2020-02-29 09:41:00,..\..\Data\Data HCM\_MNR_SENSOR_DATA_\emotion_tags\image_tag,22646-44678-1582944101.jpg,3.0,3.0,4.0,4.0,3.0,3.0,3.0,3.0,67.0,32.0,0.0,0.0,0.0,1.0,0.0,1.0,4.311316225966489,8,4,2,59.79709179102049
2020-02-29 09:42:00,..\..\Data\Data HCM\_MNR_SENSOR_DATA_\emotion_tags\image_tag,22646-44678-1582944174.jpg,3.0,3.0,4.0,4.0,3.0,3.0,3.0,3.0,67.0,32.0,0.0,0.0,0.0,1.0,0.0,1.0,4.311316225966489,6,4,1,54.265412521955085
2020-02-29 09:44:00,..\..\Data\Data HCM\_MNR_SENSOR_DATA_\emotion_tags\image_tag,22646-44678-1582944290.jpg,3.0,3.0,4.0,4.0,3.0,3.0,3.0,3.0,67.0,32.0,0.0,0.0,0.0,1.0,0.0,1.0,4.311316225966489,7,6,4,62.16920764438701
2020-02-29 09:48:00,..\..\Data\Data HCM\_MNR_SENSOR_DATA_\emotion_tags\image_tag,22646-44678-1582944548.jpg,3.0,3.0,4.0,4.0,3.0,3.0,3.0,3.0,67.0,32.0,0.0,0.0,0.0,1.0,0.0,1.0,4.311316225966489,13,6,1,59.757903998245695
2020-02-29 09:52:00,..\..\Data\Data HCM\_MNR_SENSOR_DATA_\emotion_tags\image_tag,22646-44678-1582944781.jpg,2.0,3.0,4.0,4.0,3.0,3.0,3.0,3.0,67.0,32.0,0.0,0.0,0.0,1.0,0.0,1.0,4.311316225966489,3,5,1,50.26571260748679
2020-02-29 09:54:00,..\..\Data\Data HCM\_MNR_SENSOR_DATA_\emotion_tags\image_tag,22646-44678-1582944934.jpg,5.0,4.0,3.0,3.0,4.0,4.0,4.0,4.0,67.0,32.0,0.0,0.0,0.0,1.0,0.0,1.0,4.311316225966489,4,4,1,53.469142206673574
2020-02-29 09:59:00,..\..\Data\Data HCM\_MNR_SENSOR_DATA_\emotion_tags\image_tag,22646-44678-1582945174.jpg,3.0,3.0,4.0,4.0,3.0,3.0,3.0,3.0,67.0,32.0,0.0,0.0,0.0,1.0,0.0,1.0,2.242408859973279,8,7,5,55.73364061590108
2020-02-29 10:10:00,..\..\Data\Data HCM\_MNR_SENSOR_DATA_\emotion_tags\image_tag,22646-44678-1582945856.jpg,2.0,3.0,4.0,4.0,3.0,3.0,3.0,3.0,67.0,32.0,0.0,0.0,0.0,1.0,1.0,0.0,2.242408859973279,9,9,1,66.03429134971834
2020-02-29 10:14:00,..\..\Data\Data HCM\_MNR_SENSOR_DATA_\emotion_tags\image_tag,22646-44678-1582946109.jpg,2.0,3.0,4.0,4.0,3.0,3.0,3.0,3.0,67.0,32.0,0.0,0.0,0.0,1.0,1.0,0.0,2.4014782464947233,11,7,0,69.6147126354348
2020-02-29 10:19:00,..\..\Data\Data HCM\_MNR_SENSOR_DATA_\emotion_tags\image_tag,22646-44678-1582946373.jpg,5.0,4.0,4.0,4.0,3.0,3.0,3.0,4.0,67.0,32.0,0.0,0.0,0.0,1.0,1.0,0.0,2.4014782464947233,11,8,1,70.86554315876121
2020-02-29 11:58:00,..\..\Data\Data HCM\_MNR_SENSOR_DATA_\emotion_tags\image_tag,22646-44678-1582952394.jpg,2.0,3.0,4.0,4.0,2.0,2.0,2.0,2.0,61.0,39.0,1.0,0.0,0.0,1.0,1.0,0.0,2.3965662184675907,12,8,1,64.92684360356218
2020-02-29 12:03:00,..\..\Data\Data HCM\_MNR_SENSOR_DATA_\emotion_tags\image_tag,22646-44678-1582952644.jpg,4.0,3.0,4.0,4.0,2.0,3.0,3.0,3.0,54.0,42.0,1.0,1.0,0.0,0.0,1.0,0.0,2.3965662184675907,11,8,3,62.578086618522626
2020-02-29 12:07:00,..\..\Data\Data HCM\_MNR_SENSOR_DATA_\emotion_tags\image_tag,22646-44678-1582952894.jpg,2.0,2.0,4.0,4.0,2.0,2.0,2.0,2.0,52.0,38.0,0.0,1.0,0.0,0.0,1.0,0.0,2.3965662184675907,6,5,2,53.18100147007353
2020-02-29 12:14:00,..\..\Data\Data HCM\_MNR_SENSOR_DATA_\emotion_tags\image_tag,22646-44678-1582953284.jpg,3.0,3.0,3.0,3.0,3.0,3.0,3.0,3.0,51.0,42.0,0.0,1.0,0.0,0.0,1.0,0.0,4.454291201033603,1,3,0,54.73742736191328
2020-02-29 12:17:00,..\..\Data\Data HCM\_MNR_SENSOR_DATA_\emotion_tags\image_tag,22646-44678-1582953500.jpg,3.0,3.0,4.0,4.0,2.0,3.0,2.0,2.0,58.0,39.0,0.0,1.0,0.0,0.0,1.0,0.0,4.454291201033603,5,0,3,73.16220839299872
2020-02-29 12:21:00,..\..\Data\Data HCM\_MNR_SENSOR_DATA_\emotion_tags\image_tag,22646-44678-1582953687.jpg,3.0,2.0,3.0,3.0,2.0,2.0,3.0,3.0,47.0,41.0,1.0,1.0,0.0,0.0,1.0,0.0,4.454291201033603,8,7,1,71.81900861383431
2020-02-29 12:29:00,..\..\Data\Data HCM\_MNR_SENSOR_DATA_\emotion_tags\image_tag,22646-44678-1582954218.jpg,2.0,2.0,4.0,4.0,2.0,2.0,2.0,2.0,57.0,40.0,1.0,1.0,0.0,0.0,1.0,0.0,3.960083573718105,9,4,0,76.13914090758301
2020-02-29 12:41:00,..\..\Data\Data HCM\_MNR_SENSOR_DATA_\emotion_tags\image_tag,22646-44678-1582954884.jpg,2.0,2.0,4.0,4.0,2.0,2.0,2.0,2.0,57.0,43.0,1.0,1.0,0.0,0.0,1.0,0.0,3.960083573718105,11,7,2,74.28494205050472
2020-02-29 12:44:00,..\..\Data\Data HCM\_MNR_SENSOR_DATA_\emotion_tags\image_tag,22646-44678-1582955090.jpg,2.0,2.0,4.0,4.0,2.0,2.0,2.0,2.0,61.0,40.0,0.0,1.0,0.0,0.0,1.0,0.0,3.960083573718105,6,7,5,68.49639061074085
2020-02-29 16:43:00,..\..\Data\Data HCM\_MNR_SENSOR_DATA_\emotion_tags\image_tag,22646-44678-1582969430.jpg,2.0,3.0,4.0,4.0,3.0,3.0,3.0,3.0,63.0,40.0,1.0,0.0,1.0,0.0,0.0,1.0,2.7791099888271966,9,5,0,68.2672244358694
2020-02-29 16:48:00,..\..\Data\Data HCM\_MNR_SENSOR_DATA_\emotion_tags\image_tag,22646-44678-1582969765.jpg,1.0,3.0,3.0,3.0,3.0,3.0,3.0,3.0,75.0,32.0,0.0,0.0,1.0,0.0,0.0,1.0,2.7791099888271966,8,5,0,61.937362139840424
2020-02-29 16:55:00,..\..\Data\Data HCM\_MNR_SENSOR_DATA_\emotion_tags\image_tag,22646-44678-1582970150.jpg,1.0,3.0,4.0,4.0,4.0,4.0,4.0,4.0,73.0,32.0,0.0,0.0,1.0,0.0,0.0,1.0,2.7791099888271966,10,8,2,68.20640437100346
2020-02-29 17:02:00,..\..\Data\Data HCM\_MNR_SENSOR_DATA_\emotion_tags\image_tag,22646-44678-1582970563.jpg,1.0,2.0,4.0,4.0,4.0,3.0,3.0,3.0,71.0,32.0,0.0,0.0,1.0,0.0,0.0,1.0,5.223817080153297,5,3,4,63.73091819999087
2020-02-29 17:10:00,..\..\Data\Data HCM\_MNR_SENSOR_DATA_\emotion_tags\image_tag,22646-44678-1582971092.jpg,3.0,4.0,3.0,3.0,4.0,4.0,4.0,4.0,72.0,31.0,0.0,0.0,1.0,0.0,0.0,1.0,5.223817080153297,5,4,1,68.42601167828371
2020-02-29 17:14:00,..\..\Data\Data HCM\_MNR_SENSOR_DATA_\emotion_tags\image_tag,22646-44678-1582971430.jpg,2.0,3.0,5.0,5.0,4.0,3.0,3.0,3.0,71.0,31.0,0.0,0.0,1.0,0.0,0.0,1.0,5.223817080153297,6,3,5,63.44371129707604
2020-02-29 17:23:00,..\..\Data\Data HCM\_MNR_SENSOR_DATA_\emotion_tags\image_tag,22646-44678-1582971903.jpg,3.0,4.0,5.0,5.0,5.0,4.0,4.0,4.0,74.0,31.0,0.0,0.0,1.0,0.0,0.0,1.0,2.781255131426577,3,1,6,74.79521402048235
2020-02-29 17:29:00,..\..\Data\Data HCM\_MNR_SENSOR_DATA_\emotion_tags\image_tag,22646-44678-1582972209.jpg,2.0,3.0,5.0,5.0,4.0,3.0,3.0,3.0,76.0,31.0,0.0,0.0,1.0,0.0,0.0,1.0,2.781255131426577,9,7,3,84.55436946391382
2020-02-29 17:46:00,..\..\Data\Data HCM\_MNR_SENSOR_DATA_\emotion_tags\image_tag,22646-44678-1582973264.jpg,2.0,3.0,5.0,5.0,4.0,4.0,4.0,4.0,91.0,32.0,0.0,0.0,1.0,0.0,0.0,1.0,1.8260832463959416,10,10,1,79.73409448378332
2020-02-29 18:01:00,..\..\Data\Data HCM\_MNR_SENSOR_DATA_\emotion_tags\image_tag,22646-44678-1582974128.jpg,3.0,4.0,2.0,2.0,4.0,4.0,4.0,4.0,91.0,32.0,0.0,0.0,1.0,0.0,0.0,1.0,1.8260832463959416,6,7,1,76.39945404025349
2020-03-01 07:51:00,..\..\Data\Data HCM\_MNR_SENSOR_DATA_\emotion_tags\image_tag,22646-44678-1583024044.jpg,2.0,3.0,4.0,4.0,4.0,4.0,4.0,4.0,91.0,32.0,0.0,0.0,0.0,1.0,0.0,1.0,1.794260863451812,7,4,2,72.16431878772698
2020-03-01 07:59:00,..\..\Data\Data HCM\_MNR_SENSOR_DATA_\emotion_tags\image_tag,22646-44678-1583024419.jpg,4.0,4.0,3.0,3.0,4.0,4.0,4.0,4.0,86.0,30.0,0.0,0.0,0.0,1.0,0.0,1.0,1.794260863451812,12,9,1,73.3428553550219
2020-03-01 08:04:00,..\..\Data\Data HCM\_MNR_SENSOR_DATA_\emotion_tags\image_tag,22646-44678-1583024716.jpg,2.0,3.0,3.0,3.0,4.0,4.0,4.0,4.0,85.0,29.0,0.0,0.0,0.0,1.0,0.0,1.0,1.794260863451812,11,8,0,76.28338413471312
2020-03-01 08:10:00,..\..\Data\Data HCM\_MNR_SENSOR_DATA_\emotion_tags\image_tag,22646-44678-1583025022.jpg,2.0,3.0,3.0,3.0,4.0,4.0,4.0,4.0,85.0,30.0,0.0,0.0,0.0,1.0,0.0,1.0,4.190769802088731,4,5,2,79.60091981464645
2020-03-01 08:15:00,..\..\Data\Data HCM\_MNR_SENSOR_DATA_\emotion_tags\image_tag,22646-44678-1583025380.jpg,4.0,4.0,2.0,2.0,4.0,4.0,4.0,4.0,86.0,29.0,0.0,0.0,0.0,1.0,0.0,1.0,4.190769802088731,11,2,1,67.79883840237767
2020-03-01 08:21:00,..\..\Data\Data HCM\_MNR_SENSOR_DATA_\emotion_tags\image_tag,22646-44678-1583025698.jpg,1.0,3.0,2.0,2.0,4.0,4.0,4.0,4.0,88.0,29.0,0.0,0.0,0.0,1.0,0.0,1.0,4.190769802088731,9,3,1,67.20437216161692
2020-03-01 08:31:00,..\..\Data\Data HCM\_MNR_SENSOR_DATA_\emotion_tags\image_tag,22646-44678-1583026326.jpg,2.0,3.0,2.0,2.0,4.0,4.0,4.0,4.0,85.0,30.0,0.0,0.0,0.0,1.0,0.0,1.0,3.400195833711558,8,4,1,66.49188021952703
2020-03-01 08:35:00,..\..\Data\Data HCM\_MNR_SENSOR_DATA_\emotion_tags\image_tag,22646-44678-1583026568.jpg,2.0,4.0,2.0,2.0,4.0,4.0,4.0,4.0,85.0,31.0,0.0,0.0,0.0,1.0,0.0,1.0,3.400195833711558,6,5,1,51.541888691946596
2020-03-01 08:40:00,..\..\Data\Data HCM\_MNR_SENSOR_DATA_\emotion_tags\image_tag,22646-44678-1583026874.jpg,3.0,3.0,2.0,2.0,4.0,4.0,3.0,3.0,82.0,31.0,0.0,0.0,0.0,1.0,0.0,1.0,3.400195833711558,6,6,3,63.39306419614862
2020-03-01 08:42:00,..\..\Data\Data HCM\_MNR_SENSOR_DATA_\emotion_tags\image_tag,22646-44678-1583027018.jpg,3.0,3.0,3.0,3.0,3.0,3.0,3.0,3.0,79.0,33.0,0.0,0.0,0.0,1.0,0.0,1.0,3.400195833711558,8,6,3,53.65910801105821
2020-03-01 08:47:00,..\..\Data\Data HCM\_MNR_SENSOR_DATA_\emotion_tags\image_tag,22646-44678-1583027284.jpg,2.0,3.0,3.0,3.0,3.0,3.0,3.0,3.0,79.0,33.0,0.0,0.0,0.0,1.0,0.0,1.0,1.8283233477342271,11,9,0,53.91450330911295
2020-03-01 08:51:00,..\..\Data\Data HCM\_MNR_SENSOR_DATA_\emotion_tags\image_tag,22646-44678-1583027499.jpg,2.0,2.0,3.0,3.0,3.0,3.0,3.0,3.0,79.0,33.0,0.0,0.0,0.0,1.0,0.0,1.0,1.8283233477342271,7,6,1,50.85832682442887
2020-03-01 08:53:00,..\..\Data\Data HCM\_MNR_SENSOR_DATA_\emotion_tags\image_tag,22646-44678-1583027643.jpg,2.0,3.0,3.0,2.0,3.0,3.0,3.0,3.0,79.0,33.0,0.0,0.0,0.0,1.0,0.0,1.0,1.8283233477342271,5,4,1,51.53811084277892
2020-03-01 08:56:00,..\..\Data\Data HCM\_MNR_SENSOR_DATA_\emotion_tags\image_tag,22646-44678-1583027812.jpg,3.0,3.0,2.0,2.0,3.0,3.0,3.0,3.0,79.0,33.0,0.0,0.0,0.0,1.0,0.0,1.0,1.8283233477342271,3,3,0,51.61463919628491
2020-03-01 08:58:00,..\..\Data\Data HCM\_MNR_SENSOR_DATA_\emotion_tags\image_tag,22646-44678-1583027956.jpg,2.0,2.0,2.0,2.0,3.0,3.0,3.0,3.0,79.0,33.0,0.0,0.0,0.0,1.0,0.0,1.0,1.8283233477342271,6,7,3,58.07084895010454
2020-03-01 09:01:00,..\..\Data\Data HCM\_MNR_SENSOR_DATA_\emotion_tags\image_tag,22646-44678-1583028136.jpg,2.0,2.0,3.0,3.0,3.0,3.0,3.0,4.0,79.0,33.0,0.0,0.0,0.0,1.0,0.0,1.0,1.8283233477342271,8,7,0,64.75418058694189
2020-03-01 09:55:00,..\..\Data\Data HCM\_MNR_SENSOR_DATA_\emotion_tags\image_tag,22646-44678-1583031355.jpg,5.0,5.0,5.0,5.0,5.0,5.0,5.0,5.0,79.0,33.0,0.0,0.0,0.0,1.0,0.0,1.0,1.6115426957382748,0,0,0,89.07363373673144
2020-03-01 12:10:00,..\..\Data\Data HCM\_MNR_SENSOR_DATA_\emotion_tags\image_tag,22895-44678-1583039519.jpg,3.0,3.0,4.0,4.0,2.0,2.0,3.0,3.0,79.0,33.0,0.0,1.0,0.0,0.0,1.0,0.0,2.1319780909505783,13,10,0,62.513572243342274
2020-03-01 12:13:00,..\..\Data\Data HCM\_MNR_SENSOR_DATA_\emotion_tags\image_tag,22895-44678-1583039664.jpg,2.0,3.0,3.0,3.0,3.0,3.0,3.0,3.0,79.0,33.0,0.0,1.0,0.0,0.0,1.0,0.0,2.1319780909505783,11,8,0,67.60419737809328
2020-03-01 12:21:00,..\..\Data\Data HCM\_MNR_SENSOR_DATA_\emotion_tags\image_tag,22895-44678-1583040123.jpg,3.0,3.0,4.0,4.0,2.0,3.0,3.0,3.0,79.0,33.0,0.0,1.0,0.0,0.0,1.0,0.0,2.1319780909505783,10,6,0,77.22346061952733
2020-03-01 12:23:00,..\..\Data\Data HCM\_MNR_SENSOR_DATA_\emotion_tags\image_tag,22895-44678-1583040280.jpg,4.0,4.0,3.0,3.0,3.0,3.0,3.0,3.0,76.0,39.0,0.0,1.0,0.0,0.0,1.0,0.0,2.1319780909505783,9,7,3,65.60700324995217
2020-03-01 12:26:00,..\..\Data\Data HCM\_MNR_SENSOR_DATA_\emotion_tags\image_tag,22895-44678-1583040452.jpg,3.0,3.0,3.0,3.0,3.0,3.0,3.0,3.0,76.0,39.0,0.0,1.0,0.0,0.0,1.0,0.0,2.6140294579587295,9,7,6,67.1611400838213
2020-03-01 12:30:00,..\..\Data\Data HCM\_MNR_SENSOR_DATA_\emotion_tags\image_tag,22895-44678-1583040727.jpg,2.0,2.0,2.0,3.0,2.0,2.0,2.0,2.0,77.0,39.0,0.0,1.0,0.0,0.0,1.0,0.0,2.6140294579587295,1,0,1,55.373239854678054
2020-03-01 12:45:00,..\..\Data\Data HCM\_MNR_SENSOR_DATA_\emotion_tags\image_tag,22895-44678-1583041534.jpg,2.0,2.0,3.0,3.0,2.0,2.0,2.0,2.0,77.0,39.0,0.0,1.0,0.0,0.0,1.0,0.0,4.152886072072368,11,7,2,58.09191121770094
2020-03-01 12:51:00,..\..\Data\Data HCM\_MNR_SENSOR_DATA_\emotion_tags\image_tag,22895-44678-1583041931.jpg,3.0,2.0,2.0,2.0,2.0,2.0,2.0,2.0,77.0,39.0,0.0,1.0,0.0,0.0,1.0,0.0,4.152886072072368,2,0,1,66.05873018291945
2020-03-01 13:00:00,..\..\Data\Data HCM\_MNR_SENSOR_DATA_\emotion_tags\image_tag,22895-44678-1583042466.jpg,1.0,1.0,2.0,2.0,1.0,2.0,2.0,2.0,77.0,39.0,0.0,1.0,0.0,0.0,1.0,0.0,4.337645201450138,8,6,0,64.18863754580212
2020-03-01 13:08:00,..\..\Data\Data HCM\_MNR_SENSOR_DATA_\emotion_tags\image_tag,22895-44678-1583042937.jpg,1.0,1.0,2.0,2.0,2.0,2.0,2.0,2.0,77.0,39.0,0.0,1.0,0.0,0.0,1.0,0.0,4.337645201450138,7,6,1,60.09348132013118
2020-03-01 13:12:00,..\..\Data\Data HCM\_MNR_SENSOR_DATA_\emotion_tags\image_tag,22895-44678-1583043197.jpg,1.0,2.0,2.0,2.0,2.0,2.0,2.0,2.0,77.0,39.0,0.0,1.0,0.0,0.0,1.0,0.0,4.337645201450138,4,6,2,61.7200671983908
2020-03-01 13:19:00,..\..\Data\Data HCM\_MNR_SENSOR_DATA_\emotion_tags\image_tag,22895-44678-1583043576.jpg,2.0,2.0,3.0,3.0,2.0,2.0,2.0,2.0,77.0,39.0,0.0,1.0,0.0,0.0,1.0,0.0,2.3985156189070276,10,8,1,59.18454110397798
2020-03-01 13:23:00,..\..\Data\Data HCM\_MNR_SENSOR_DATA_\emotion_tags\image_tag,22895-44678-1583043843.jpg,2.0,2.0,3.0,3.0,2.0,2.0,2.0,2.0,77.0,39.0,0.0,1.0,0.0,0.0,1.0,0.0,2.3985156189070276,11,12,1,59.60095967888032
2020-03-01 13:31:00,..\..\Data\Data HCM\_MNR_SENSOR_DATA_\emotion_tags\image_tag,22895-44678-1583044293.jpg,1.0,2.0,3.0,3.0,2.0,2.0,2.0,2.0,77.0,39.0,0.0,1.0,0.0,0.0,1.0,0.0,2.3985156189070276,8,6,0,66.09042163572805
2020-03-01 13:33:00,..\..\Data\Data HCM\_MNR_SENSOR_DATA_\emotion_tags\image_tag,22895-44678-1583044455.jpg,2.0,3.0,3.0,3.0,3.0,3.0,3.0,3.0,77.0,39.0,0.0,1.0,0.0,0.0,1.0,0.0,2.3985156189070276,5,6,3,66.30844007697021
2020-03-01 13:36:00,..\..\Data\Data HCM\_MNR_SENSOR_DATA_\emotion_tags\image_tag,22895-44678-1583044627.jpg,1.0,1.0,4.0,3.0,2.0,2.0,2.0,2.0,77.0,39.0,0.0,1.0,0.0,0.0,1.0,0.0,2.056950113872088,3,2,0,64.02466851693397
2020-03-01 16:50:00,..\..\Data\Data HCM\_MNR_SENSOR_DATA_\emotion_tags\image_tag,22895-44678-1583056257.jpg,2.0,3.0,4.0,4.0,3.0,3.0,3.0,3.0,81.0,34.0,0.0,0.0,1.0,0.0,0.0,1.0,2.396681937392536,7,6,0,73.48913067107362
2020-03-01 16:56:00,..\..\Data\Data HCM\_MNR_SENSOR_DATA_\emotion_tags\image_tag,22895-44678-1583056620.jpg,4.0,4.0,4.0,4.0,4.0,4.0,4.0,5.0,84.0,33.0,0.0,0.0,1.0,0.0,0.0,1.0,2.396681937392536,3,2,6,69.53068730449488
2020-03-01 17:00:00,..\..\Data\Data HCM\_MNR_SENSOR_DATA_\emotion_tags\image_tag,22895-44678-1583056836.jpg,2.0,3.0,4.0,4.0,4.0,4.0,4.0,4.0,81.0,33.0,0.0,0.0,1.0,0.0,0.0,1.0,2.396681937392536,8,4,1,63.70054684513715
2020-03-01 17:04:00,..\..\Data\Data HCM\_MNR_SENSOR_DATA_\emotion_tags\image_tag,22895-44678-1583057100.jpg,3.0,3.0,4.0,4.0,4.0,4.0,4.0,4.0,82.0,33.0,0.0,0.0,1.0,0.0,0.0,1.0,2.396681937392536,10,8,0,63.95959478364064
2020-03-01 17:11:00,..\..\Data\Data HCM\_MNR_SENSOR_DATA_\emotion_tags\image_tag,22895-44678-1583057512.jpg,4.0,4.0,4.0,4.0,4.0,4.0,4.0,4.0,84.0,32.0,0.0,0.0,1.0,0.0,0.0,1.0,4.80578201403075,7,5,1,65.32646281661988
2020-03-01 17:13:00,..\..\Data\Data HCM\_MNR_SENSOR_DATA_\emotion_tags\image_tag,22895-44678-1583057691.jpg,4.0,4.0,3.0,4.0,4.0,4.0,4.0,4.0,81.0,32.0,0.0,0.0,1.0,0.0,0.0,1.0,4.80578201403075,12,7,0,56.5409730232461
2020-03-01 17:17:00,..\..\Data\Data HCM\_MNR_SENSOR_DATA_\emotion_tags\image_tag,22895-44678-1583057879.jpg,3.0,4.0,2.0,2.0,4.0,4.0,4.0,4.0,87.0,32.0,0.0,0.0,1.0,0.0,0.0,1.0,4.80578201403075,5,4,1,78.80765584856135
2020-03-01 17:26:00,..\..\Data\Data HCM\_MNR_SENSOR_DATA_\emotion_tags\image_tag,22895-44678-1583058411.jpg,3.0,3.0,4.0,4.0,4.0,4.0,4.0,4.0,90.0,32.0,0.0,0.0,1.0,0.0,0.0,1.0,3.969815416337179,13,9,0,77.36869603468507
2020-03-01 17:30:00,..\..\Data\Data HCM\_MNR_SENSOR_DATA_\emotion_tags\image_tag,22895-44678-1583058663.jpg,1.0,2.0,4.0,4.0,4.0,3.0,4.0,4.0,92.0,31.0,0.0,0.0,1.0,0.0,0.0,1.0,3.969815416337179,8,7,1,77.8875613306097
2020-03-01 17:38:00,..\..\Data\Data HCM\_MNR_SENSOR_DATA_\emotion_tags\image_tag,22895-44678-1583059116.jpg,2.0,3.0,4.0,4.0,4.0,4.0,4.0,4.0,86.0,31.0,0.0,0.0,1.0,0.0,0.0,1.0,3.969815416337179,9,3,2,81.92274919747878
2020-03-01 17:43:00,..\..\Data\Data HCM\_MNR_SENSOR_DATA_\emotion_tags\image_tag,22895-44678-1583059445.jpg,2.0,3.0,4.0,4.0,4.0,4.0,4.0,4.0,85.0,32.0,0.0,0.0,1.0,0.0,0.0,1.0,2.1342119469845855,7,6,3,78.44917657493471
2020-03-02 07:58:00,..\..\Data\Data HCM\_MNR_SENSOR_DATA_\emotion_tags\image_tag,22895-44678-1583110762.jpg,2.0,3.0,5.0,5.0,4.0,4.0,4.0,4.0,99.0,31.0,0.0,0.0,0.0,1.0,0.0,1.0,2.2305799351709905,12,12,0,78.37586545166813
2020-03-02 08:05:00,..\..\Data\Data HCM\_MNR_SENSOR_DATA_\emotion_tags\image_tag,22895-44678-1583111138.jpg,3.0,3.0,5.0,4.0,4.0,4.0,4.0,3.0,99.0,30.0,0.0,0.0,0.0,1.0,0.0,1.0,2.2305799351709905,8,7,1,69.35248483445207
2020-03-02 08:07:00,..\..\Data\Data HCM\_MNR_SENSOR_DATA_\emotion_tags\image_tag,22895-44678-1583111278.jpg,2.0,3.0,5.0,5.0,3.0,3.0,3.0,3.0,99.0,29.0,0.0,0.0,0.0,1.0,0.0,1.0,2.2305799351709905,10,6,1,86.51484118127128
2020-03-02 08:09:00,..\..\Data\Data HCM\_MNR_SENSOR_DATA_\emotion_tags\image_tag,22895-44678-1583111395.jpg,3.0,3.0,5.0,5.0,4.0,3.0,3.0,3.0,99.0,28.0,0.0,0.0,0.0,1.0,0.0,1.0,2.2305799351709905,11,6,1,73.67858974746541
2020-03-02 08:16:00,..\..\Data\Data HCM\_MNR_SENSOR_DATA_\emotion_tags\image_tag,22895-44678-1583111824.jpg,3.0,4.0,5.0,5.0,4.0,4.0,4.0,4.0,95.0,30.0,0.0,0.0,0.0,1.0,0.0,1.0,4.813997028659633,12,5,0,82.4133624313071
2020-03-02 08:18:00,..\..\Data\Data HCM\_MNR_SENSOR_DATA_\emotion_tags\image_tag,22895-44678-1583111960.jpg,3.0,3.0,4.0,4.0,4.0,4.0,4.0,4.0,94.0,29.0,0.0,0.0,0.0,1.0,0.0,1.0,4.813997028659633,13,8,1,73.83823464100787
2020-03-02 08:22:00,..\..\Data\Data HCM\_MNR_SENSOR_DATA_\emotion_tags\image_tag,22895-44678-1583112210.jpg,2.0,2.0,4.0,4.0,4.0,3.0,3.0,3.0,93.0,31.0,0.0,0.0,0.0,1.0,0.0,1.0,4.813997028659633,9,7,0,66.77860168252013
2020-03-02 08:30:00,..\..\Data\Data HCM\_MNR_SENSOR_DATA_\emotion_tags\image_tag,22895-44678-1583112691.jpg,2.0,2.0,4.0,4.0,3.0,3.0,3.0,3.0,88.0,30.0,0.0,0.0,0.0,1.0,0.0,1.0,4.813997028659633,12,8,1,61.40007584152455
2020-03-02 08:37:00,..\..\Data\Data HCM\_MNR_SENSOR_DATA_\emotion_tags\image_tag,22895-44678-1583113059.jpg,2.0,3.0,5.0,5.0,4.0,4.0,4.0,4.0,89.0,30.0,0.0,0.0,0.0,1.0,0.0,1.0,3.4117543982939855,6,3,1,59.95624931693688
2020-03-02 08:42:00,..\..\Data\Data HCM\_MNR_SENSOR_DATA_\emotion_tags\image_tag,22895-44678-1583113358.jpg,2.0,3.0,5.0,5.0,4.0,4.0,4.0,4.0,88.0,32.0,0.0,0.0,0.0,1.0,0.0,1.0,3.4117543982939855,7,3,2,62.579352547090274
2020-03-02 08:45:00,..\..\Data\Data HCM\_MNR_SENSOR_DATA_\emotion_tags\image_tag,22895-44678-1583113565.jpg,2.0,3.0,5.0,5.0,4.0,4.0,4.0,4.0,88.0,33.0,0.0,0.0,0.0,1.0,0.0,1.0,3.4117543982939855,9,4,2,83.46490508202206
2020-03-02 08:49:00,..\..\Data\Data HCM\_MNR_SENSOR_DATA_\emotion_tags\image_tag,22895-44678-1583113810.jpg,3.0,4.0,4.0,5.0,4.0,4.0,4.0,4.0,97.0,32.0,0.0,0.0,0.0,1.0,0.0,1.0,3.4117543982939855,7,6,5,79.619475072652
2020-03-02 11:52:00,..\..\Data\Data HCM\_MNR_SENSOR_DATA_\emotion_tags\image_tag,22895-44678-1583124787.jpg,3.0,3.0,5.0,5.0,2.0,2.0,2.0,2.0,84.0,36.0,0.0,0.0,0.0,1.0,1.0,0.0,2.232651959514643,11,6,2,72.39462284936391
2020-03-02 11:58:00,..\..\Data\Data HCM\_MNR_SENSOR_DATA_\emotion_tags\image_tag,22895-44678-1583125116.jpg,3.0,3.0,5.0,5.0,2.0,2.0,2.0,2.0,70.0,38.0,0.0,0.0,0.0,1.0,1.0,0.0,2.232651959514643,13,8,3,74.67657832994875
2020-03-02 12:00:00,..\..\Data\Data HCM\_MNR_SENSOR_DATA_\emotion_tags\image_tag,22895-44678-1583125269.jpg,3.0,3.0,5.0,5.0,2.0,2.0,2.0,2.0,70.0,38.0,0.0,1.0,0.0,0.0,1.0,0.0,2.232651959514643,7,5,1,59.85183336618598
2020-03-02 12:02:00,..\..\Data\Data HCM\_MNR_SENSOR_DATA_\emotion_tags\image_tag,22895-44678-1583125366.jpg,2.0,2.0,5.0,5.0,2.0,2.0,2.0,2.0,70.0,38.0,0.0,1.0,0.0,0.0,1.0,0.0,2.232651959514643,6,2,7,55.04361702426923
2020-03-02 12:09:00,..\..\Data\Data HCM\_MNR_SENSOR_DATA_\emotion_tags\image_tag,22895-44678-1583125800.jpg,2.0,2.0,5.0,5.0,2.0,2.0,2.0,2.0,70.0,38.0,0.0,1.0,0.0,0.0,1.0,0.0,4.168401565096117,10,6,3,67.61371196012334
2020-03-02 12:15:00,..\..\Data\Data HCM\_MNR_SENSOR_DATA_\emotion_tags\image_tag,22895-44678-1583126176.jpg,4.0,3.0,4.0,4.0,2.0,3.0,3.0,3.0,70.0,38.0,0.0,1.0,0.0,0.0,1.0,0.0,4.168401565096117,6,4,0,55.14611766963743
2020-03-02 12:19:00,..\..\Data\Data HCM\_MNR_SENSOR_DATA_\emotion_tags\image_tag,22895-44678-1583126371.jpg,4.0,3.0,4.0,4.0,2.0,3.0,3.0,3.0,70.0,38.0,0.0,1.0,0.0,0.0,1.0,0.0,4.168401565096117,11,6,0,63.41698417644902
2020-03-02 12:22:00,..\..\Data\Data HCM\_MNR_SENSOR_DATA_\emotion_tags\image_tag,22895-44678-1583126558.jpg,2.0,3.0,2.0,2.0,2.0,3.0,3.0,3.0,70.0,38.0,0.0,1.0,0.0,0.0,1.0,0.0,4.168401565096117,7,6,0,53.931706277272475
2020-03-02 12:29:00,..\..\Data\Data HCM\_MNR_SENSOR_DATA_\emotion_tags\image_tag,22895-44678-1583127008.jpg,3.0,3.0,3.0,2.0,2.0,3.0,3.0,3.0,70.0,38.0,0.0,1.0,0.0,0.0,1.0,0.0,3.967833408398367,10,6,2,68.97648559797513
2020-03-02 12:33:00,..\..\Data\Data HCM\_MNR_SENSOR_DATA_\emotion_tags\image_tag,22895-44678-1583127244.jpg,2.0,2.0,4.0,4.0,3.0,3.0,3.0,3.0,70.0,38.0,0.0,1.0,0.0,0.0,1.0,0.0,3.967833408398367,8,6,1,56.00719314004213
2020-03-02 12:37:00,..\..\Data\Data HCM\_MNR_SENSOR_DATA_\emotion_tags\image_tag,22895-44678-1583127522.jpg,2.0,2.0,4.0,3.0,3.0,3.0,3.0,3.0,70.0,38.0,0.0,1.0,0.0,0.0,1.0,0.0,3.967833408398367,10,8,1,66.46587970219923
2020-03-02 12:42:00,..\..\Data\Data HCM\_MNR_SENSOR_DATA_\emotion_tags\image_tag,22895-44678-1583127799.jpg,2.0,2.0,4.0,4.0,3.0,3.0,3.0,3.0,70.0,38.0,0.0,1.0,0.0,0.0,1.0,0.0,3.967833408398367,7,5,2,63.94774805190179
2020-03-02 12:45:00,..\..\Data\Data HCM\_MNR_SENSOR_DATA_\emotion_tags\image_tag,22895-44678-1583127973.jpg,3.0,2.0,4.0,4.0,2.0,2.0,2.0,2.0,70.0,38.0,0.0,1.0,0.0,0.0,1.0,0.0,2.240012951068897,10,7,1,58.75594755213432
2020-03-02 17:25:00,..\..\Data\Data HCM\_MNR_SENSOR_DATA_\emotion_tags\image_tag,22895-44678-1583144774.jpg,2.0,3.0,5.0,4.0,4.0,4.0,4.0,4.0,70.0,31.0,0.0,0.0,1.0,0.0,0.0,1.0,3.2729710606433153,6,8,3,69.46849565353595
2020-03-02 17:28:00,..\..\Data\Data HCM\_MNR_SENSOR_DATA_\emotion_tags\image_tag,22895-44678-1583144951.jpg,2.0,3.0,4.0,4.0,4.0,4.0,4.0,4.0,70.0,32.0,0.0,0.0,1.0,0.0,0.0,1.0,3.2729710606433153,10,8,1,83.53246659831726
2020-03-02 17:37:00,..\..\Data\Data HCM\_MNR_SENSOR_DATA_\emotion_tags\image_tag,22895-44678-1583145457.jpg,3.0,3.0,4.0,4.0,4.0,4.0,4.0,4.0,74.0,32.0,0.0,0.0,1.0,0.0,0.0,1.0,3.2729710606433153,7,4,2,85.03801921683805
2020-03-02 17:42:00,..\..\Data\Data HCM\_MNR_SENSOR_DATA_\emotion_tags\image_tag,22895-44678-1583145794.jpg,2.0,3.0,4.0,3.0,4.0,4.0,4.0,4.0,72.0,32.0,0.0,0.0,1.0,0.0,0.0,1.0,5.16994287318984,11,8,0,75.77144746819194
2020-03-02 17:44:00,..\..\Data\Data HCM\_MNR_SENSOR_DATA_\emotion_tags\image_tag,22895-44678-1583145921.jpg,2.0,3.0,4.0,3.0,4.0,4.0,4.0,4.0,76.0,31.0,0.0,0.0,1.0,0.0,0.0,1.0,5.16994287318984,2,2,3,85.04911839836964
2020-03-02 17:53:00,..\..\Data\Data HCM\_MNR_SENSOR_DATA_\emotion_tags\image_tag,22895-44678-1583146428.jpg,3.0,3.0,5.0,4.0,4.0,4.0,4.0,4.0,77.0,31.0,0.0,0.0,1.0,0.0,0.0,1.0,5.16994287318984,8,6,0,80.23447037154325
2020-03-02 17:57:00,..\..\Data\Data HCM\_MNR_SENSOR_DATA_\emotion_tags\image_tag,22895-44678-1583146671.jpg,2.0,3.0,5.0,4.0,4.0,4.0,4.0,4.0,79.0,31.0,0.0,0.0,1.0,0.0,0.0,1.0,5.16994287318984,10,6,0,72.8122266458389
2020-03-02 18:31:00,..\..\Data\Data HCM\_MNR_SENSOR_DATA_\emotion_tags\image_tag,22895-44678-1583148745.jpg,5.0,5.0,5.0,5.0,5.0,5.0,5.0,5.0,79.0,31.0,0.0,0.0,1.0,0.0,0.0,1.0,1.6093756259181984,0,0,0,3.5464485356098163
2020-03-03 08:01:00,..\..\Data\Data HCM\_MNR_SENSOR_DATA_\emotion_tags\image_tag,22895-44678-1583197378.jpg,4.0,4.0,4.0,3.0,4.0,4.0,4.0,4.0,78.0,31.0,0.0,0.0,0.0,1.0,0.0,1.0,2.2254656657939043,9,7,3,80.10019010456242
2020-03-03 08:04:00,..\..\Data\Data HCM\_MNR_SENSOR_DATA_\emotion_tags\image_tag,22895-44678-1583197520.jpg,5.0,4.0,4.0,4.0,5.0,5.0,4.0,4.0,80.0,30.0,0.0,0.0,0.0,1.0,0.0,1.0,2.2254656657939043,12,12,2,75.58144732824682
2020-03-03 08:07:00,..\..\Data\Data HCM\_MNR_SENSOR_DATA_\emotion_tags\image_tag,22895-44678-1583197647.jpg,4.0,3.0,4.0,4.0,4.0,4.0,4.0,4.0,80.0,30.0,0.0,0.0,0.0,1.0,0.0,1.0,2.2254656657939043,13,9,0,73.8316904515778
2020-03-03 08:09:00,..\..\Data\Data HCM\_MNR_SENSOR_DATA_\emotion_tags\image_tag,22895-44678-1583197816.jpg,3.0,3.0,4.0,4.0,4.0,4.0,4.0,4.0,80.0,30.0,0.0,0.0,0.0,1.0,0.0,1.0,2.2254656657939043,8,9,4,68.54433214689776
2020-03-03 08:14:00,..\..\Data\Data HCM\_MNR_SENSOR_DATA_\emotion_tags\image_tag,22895-44678-1583198108.jpg,3.0,3.0,4.0,5.0,4.0,4.0,4.0,4.0,79.0,29.0,0.0,0.0,0.0,1.0,0.0,1.0,3.095484362100932,10,7,3,60.427179534151065
2020-03-03 08:16:00,..\..\Data\Data HCM\_MNR_SENSOR_DATA_\emotion_tags\image_tag,22895-44678-1583198244.jpg,2.0,3.0,4.0,5.0,4.0,4.0,4.0,4.0,80.0,30.0,0.0,0.0,0.0,1.0,0.0,1.0,3.095484362100932,8,7,5,59.558465662433896
2020-03-03 08:23:00,..\..\Data\Data HCM\_MNR_SENSOR_DATA_\emotion_tags\image_tag,22895-44678-1583198616.jpg,4.0,4.0,4.0,4.0,4.0,4.0,4.0,4.0,82.0,29.0,0.0,0.0,0.0,1.0,0.0,1.0,3.095484362100932,10,7,2,80.92011714244998
2020-03-03 08:26:00,..\..\Data\Data HCM\_MNR_SENSOR_DATA_\emotion_tags\image_tag,22895-44678-1583198808.jpg,4.0,4.0,4.0,4.0,4.0,4.0,4.0,4.0,80.0,29.0,0.0,0.0,0.0,1.0,0.0,1.0,4.822936084953792,7,2,3,72.70406278150588
2020-03-03 08:31:00,..\..\Data\Data HCM\_MNR_SENSOR_DATA_\emotion_tags\image_tag,22895-44678-1583199069.jpg,2.0,3.0,4.0,4.0,4.0,4.0,4.0,4.0,78.0,30.0,0.0,0.0,0.0,1.0,0.0,1.0,4.822936084953792,13,8,0,71.89818646934118
2020-03-03 08:42:00,..\..\Data\Data HCM\_MNR_SENSOR_DATA_\emotion_tags\image_tag,22895-44678-1583199762.jpg,2.0,3.0,4.0,4.0,4.0,3.0,3.0,3.0,75.0,31.0,0.0,0.0,0.0,1.0,0.0,1.0,3.4089937910125205,9,6,1,57.770340194609744
2020-03-03 08:47:00,..\..\Data\Data HCM\_MNR_SENSOR_DATA_\emotion_tags\image_tag,22895-44678-1583200069.jpg,1.0,2.0,4.0,4.0,4.0,4.0,4.0,4.0,74.0,30.0,0.0,0.0,0.0,1.0,0.0,1.0,3.4089937910125205,7,9,0,67.958457157991
2020-03-03 08:51:00,..\..\Data\Data HCM\_MNR_SENSOR_DATA_\emotion_tags\image_tag,22895-44678-1583200313.jpg,1.0,3.0,4.0,4.0,4.0,4.0,4.0,4.0,71.0,31.0,0.0,0.0,0.0,1.0,0.0,1.0,3.4089937910125205,6,12,2,74.93355837577789
2020-03-03 08:54:00,..\..\Data\Data HCM\_MNR_SENSOR_DATA_\emotion_tags\image_tag,22895-44678-1583200479.jpg,3.0,4.0,4.0,4.0,4.0,4.0,4.0,4.0,72.0,31.0,0.0,0.0,0.0,1.0,0.0,1.0,3.4089937910125205,1,1,0,77.73964589963653
2020-03-03 12:08:00,..\..\Data\Data HCM\_MNR_SENSOR_DATA_\emotion_tags\image_tag,22895-44678-1583212129.jpg,4.0,3.0,4.0,4.0,2.0,3.0,3.0,3.0,64.0,38.0,0.0,1.0,0.0,0.0,1.0,0.0,2.609031432235393,8,6,5,58.550145562604314
2020-03-03 12:11:00,..\..\Data\Data HCM\_MNR_SENSOR_DATA_\emotion_tags\image_tag,22895-44678-1583212318.jpg,2.0,3.0,4.0,4.0,2.0,3.0,3.0,3.0,64.0,38.0,0.0,1.0,0.0,0.0,1.0,0.0,2.609031432235393,6,3,1,53.15973007494937
2020-03-03 12:16:00,..\..\Data\Data HCM\_MNR_SENSOR_DATA_\emotion_tags\image_tag,22895-44678-1583212640.jpg,2.0,2.0,4.0,4.0,2.0,3.0,3.0,3.0,64.0,38.0,0.0,1.0,0.0,0.0,1.0,0.0,2.609031432235393,8,5,1,65.54328379404842
2020-03-03 12:21:00,..\..\Data\Data HCM\_MNR_SENSOR_DATA_\emotion_tags\image_tag,22895-44678-1583212918.jpg,4.0,3.0,4.0,4.0,3.0,3.0,3.0,3.0,64.0,38.0,0.0,1.0,0.0,0.0,1.0,0.0,2.609031432235393,2,2,0,61.23051425567146
2020-03-03 12:24:00,..\..\Data\Data HCM\_MNR_SENSOR_DATA_\emotion_tags\image_tag,22895-44678-1583213078.jpg,4.0,3.0,4.0,4.0,3.0,3.0,3.0,3.0,64.0,38.0,0.0,1.0,0.0,0.0,1.0,0.0,4.8109347739652675,10,6,1,65.00746543755065
2020-03-03 12:27:00,..\..\Data\Data HCM\_MNR_SENSOR_DATA_\emotion_tags\image_tag,22895-44678-1583213280.jpg,2.0,2.0,4.0,4.0,2.0,2.0,2.0,2.0,64.0,38.0,0.0,1.0,0.0,0.0,1.0,0.0,4.8109347739652675,7,4,0,59.17547125870013
2020-03-03 12:33:00,..\..\Data\Data HCM\_MNR_SENSOR_DATA_\emotion_tags\image_tag,22895-44678-1583213668.jpg,1.0,2.0,3.0,3.0,1.0,2.0,2.0,2.0,64.0,38.0,0.0,1.0,0.0,0.0,1.0,0.0,4.8109347739652675,11,8,0,57.31180687971221
2020-03-03 12:36:00,..\..\Data\Data HCM\_MNR_SENSOR_DATA_\emotion_tags\image_tag,22895-44678-1583213838.jpg,2.0,2.0,4.0,4.0,2.0,3.0,3.0,3.0,64.0,38.0,0.0,1.0,0.0,0.0,1.0,0.0,4.8109347739652675,9,8,1,74.24244307721295
2020-03-03 12:44:00,..\..\Data\Data HCM\_MNR_SENSOR_DATA_\emotion_tags\image_tag,22895-44678-1583214299.jpg,2.0,3.0,4.0,4.0,2.0,2.0,2.0,2.0,64.0,38.0,0.0,1.0,0.0,0.0,1.0,0.0,2.826178931041041,5,4,1,57.43628085515177
2020-03-03 12:48:00,..\..\Data\Data HCM\_MNR_SENSOR_DATA_\emotion_tags\image_tag,22895-44678-1583214604.jpg,2.0,2.0,4.0,4.0,2.0,2.0,2.0,2.0,64.0,38.0,0.0,1.0,0.0,0.0,1.0,0.0,2.826178931041041,12,7,4,56.71668702799582
2020-03-03 12:54:00,..\..\Data\Data HCM\_MNR_SENSOR_DATA_\emotion_tags\image_tag,22895-44678-1583214877.jpg,2.0,2.0,4.0,4.0,2.0,2.0,2.0,2.0,64.0,38.0,0.0,1.0,0.0,0.0,1.0,0.0,2.826178931041041,8,8,0,54.009644416250126
2020-03-04 09:37:00,..\..\Data\Data HCM\_MNR_SENSOR_DATA_\emotion_tags\image_tag,22895-44678-1583289461.jpg,4.0,4.0,5.0,5.0,4.0,4.0,4.0,4.0,55.0,32.0,0.0,0.0,0.0,1.0,0.0,1.0,2.448314245785446,11,12,6,72.86566348378871
2020-03-04 09:40:00,..\..\Data\Data HCM\_MNR_SENSOR_DATA_\emotion_tags\image_tag,22895-44678-1583289687.jpg,3.0,3.0,5.0,5.0,4.0,4.0,4.0,4.0,81.0,32.0,0.0,0.0,0.0,1.0,0.0,1.0,2.448314245785446,7,5,2,66.25873864505621
2020-03-04 09:43:00,..\..\Data\Data HCM\_MNR_SENSOR_DATA_\emotion_tags\image_tag,22895-44678-1583289807.jpg,3.0,3.0,5.0,5.0,3.0,3.0,3.0,3.0,76.0,34.0,0.0,0.0,0.0,1.0,0.0,1.0,2.448314245785446,11,6,1,60.55063588379171
2020-03-04 09:46:00,..\..\Data\Data HCM\_MNR_SENSOR_DATA_\emotion_tags\image_tag,22895-44678-1583289998.jpg,3.0,3.0,5.0,5.0,3.0,3.0,3.0,3.0,69.0,32.0,0.0,0.0,0.0,1.0,0.0,1.0,2.448314245785446,5,2,1,74.56641348111734
2020-03-04 09:48:00,..\..\Data\Data HCM\_MNR_SENSOR_DATA_\emotion_tags\image_tag,22895-44678-1583290112.jpg,2.0,3.0,4.0,4.0,4.0,4.0,4.0,3.0,71.0,33.0,0.0,0.0,0.0,1.0,0.0,1.0,2.448314245785446,9,6,5,65.85422385414054
2020-03-04 09:53:00,..\..\Data\Data HCM\_MNR_SENSOR_DATA_\emotion_tags\image_tag,22895-44678-1583290434.jpg,4.0,4.0,4.0,4.0,4.0,4.0,4.0,4.0,74.0,31.0,0.0,0.0,0.0,1.0,0.0,1.0,4.855726443370384,4,5,0,66.33399244670831
2020-03-04 09:56:00,..\..\Data\Data HCM\_MNR_SENSOR_DATA_\emotion_tags\image_tag,22895-44678-1583290591.jpg,4.0,4.0,4.0,4.0,4.0,4.0,4.0,4.0,74.0,32.0,0.0,0.0,0.0,1.0,0.0,1.0,4.855726443370384,10,8,2,75.14913870171979
2020-03-04 10:05:00,..\..\Data\Data HCM\_MNR_SENSOR_DATA_\emotion_tags\image_tag,22895-44678-1583291159.jpg,2.0,3.0,4.0,4.0,4.0,3.0,3.0,3.0,73.0,33.0,0.0,0.0,0.0,1.0,1.0,0.0,4.855726443370384,11,9,2,69.3912590440896
2020-03-04 10:09:00,..\..\Data\Data HCM\_MNR_SENSOR_DATA_\emotion_tags\image_tag,22895-44678-1583291388.jpg,2.0,3.0,4.0,4.0,4.0,3.0,3.0,3.0,73.0,32.0,0.0,0.0,0.0,1.0,1.0,0.0,3.9631011696436595,5,6,1,70.86291462404247
2020-03-04 10:13:00,..\..\Data\Data HCM\_MNR_SENSOR_DATA_\emotion_tags\image_tag,22895-44678-1583291636.jpg,2.0,2.0,4.0,4.0,3.0,3.0,3.0,3.0,71.0,32.0,0.0,0.0,0.0,1.0,1.0,0.0,3.9631011696436595,10,6,1,69.61931832885165
2020-03-04 10:17:00,..\..\Data\Data HCM\_MNR_SENSOR_DATA_\emotion_tags\image_tag,22895-44678-1583291886.jpg,2.0,2.0,4.0,4.0,3.0,3.0,3.0,3.0,72.0,33.0,0.0,0.0,0.0,1.0,1.0,0.0,3.9631011696436595,8,10,2,64.1281858383031
2020-03-04 10:21:00,..\..\Data\Data HCM\_MNR_SENSOR_DATA_\emotion_tags\image_tag,22895-44678-1583292083.jpg,2.0,3.0,4.0,4.0,3.0,3.0,3.0,3.0,74.0,33.0,0.0,0.0,0.0,1.0,1.0,0.0,3.9631011696436595,9,5,3,76.78781819588664
2020-03-04 10:23:00,..\..\Data\Data HCM\_MNR_SENSOR_DATA_\emotion_tags\image_tag,22895-44678-1583292237.jpg,2.0,2.0,3.0,3.0,3.0,3.0,3.0,3.0,79.0,34.0,0.0,0.0,0.0,1.0,1.0,0.0,3.9631011696436595,5,7,2,77.84584685156382
2020-03-04 12:17:00,..\..\Data\Data HCM\_MNR_SENSOR_DATA_\emotion_tags\image_tag,22895-44678-1583299065.jpg,4.0,3.0,5.0,5.0,3.0,3.0,3.0,3.0,71.0,36.0,0.0,1.0,0.0,0.0,1.0,0.0,2.2665899613387137,10,9,2,59.64726105235578
2020-03-04 12:20:00,..\..\Data\Data HCM\_MNR_SENSOR_DATA_\emotion_tags\image_tag,22895-44678-1583299272.jpg,2.0,2.0,5.0,5.0,3.0,3.0,3.0,3.0,66.0,37.0,0.0,1.0,0.0,0.0,1.0,0.0,2.2665899613387137,4,4,3,59.85681181249485
2020-03-04 12:22:00,..\..\Data\Data HCM\_MNR_SENSOR_DATA_\emotion_tags\image_tag,22895-44678-1583299402.jpg,2.0,2.0,4.0,4.0,3.0,3.0,3.0,3.0,67.0,37.0,0.0,1.0,0.0,0.0,1.0,0.0,2.2665899613387137,2,2,6,64.13417172574911
2020-03-04 12:25:00,..\..\Data\Data HCM\_MNR_SENSOR_DATA_\emotion_tags\image_tag,22895-44678-1583299552.jpg,2.0,2.0,4.0,4.0,3.0,3.0,3.0,3.0,74.0,36.0,0.0,1.0,0.0,0.0,1.0,0.0,2.2665899613387137,1,1,2,59.81286056610394
2020-03-04 12:31:00,..\..\Data\Data HCM\_MNR_SENSOR_DATA_\emotion_tags\image_tag,22895-44678-1583299910.jpg,4.0,3.0,4.0,4.0,3.0,3.0,3.0,3.0,75.0,36.0,1.0,1.0,0.0,0.0,1.0,0.0,4.876151993380595,0,0,3,62.27158000430815
2020-03-04 12:34:00,..\..\Data\Data HCM\_MNR_SENSOR_DATA_\emotion_tags\image_tag,22895-44678-1583300081.jpg,4.0,4.0,4.0,4.0,3.0,3.0,3.0,3.0,77.0,39.0,1.0,1.0,0.0,0.0,1.0,0.0,4.876151993380595,5,3,1,66.67180388283775
2020-03-04 12:37:00,..\..\Data\Data HCM\_MNR_SENSOR_DATA_\emotion_tags\image_tag,22895-44678-1583300294.jpg,1.0,2.0,4.0,4.0,2.0,2.0,2.0,2.0,74.0,40.0,1.0,1.0,0.0,0.0,1.0,0.0,4.876151993380595,6,8,0,68.19357667227001
2020-03-04 12:42:00,..\..\Data\Data HCM\_MNR_SENSOR_DATA_\emotion_tags\image_tag,22895-44678-1583300570.jpg,1.0,2.0,4.0,4.0,3.0,3.0,3.0,3.0,83.0,41.0,0.0,1.0,0.0,0.0,1.0,0.0,4.876151993380595,8,5,1,71.48030750398193
2020-03-04 12:49:00,..\..\Data\Data HCM\_MNR_SENSOR_DATA_\emotion_tags\image_tag,22895-44678-1583301009.jpg,2.0,2.0,4.0,4.0,2.0,2.0,2.0,2.0,83.0,40.0,1.0,1.0,0.0,0.0,1.0,0.0,3.400268160671535,9,6,3,66.12855388551576
2020-03-04 12:55:00,..\..\Data\Data HCM\_MNR_SENSOR_DATA_\emotion_tags\image_tag,22895-44678-1583301334.jpg,2.0,2.0,3.0,3.0,2.0,2.0,2.0,2.0,71.0,41.0,1.0,1.0,0.0,0.0,1.0,0.0,3.400268160671535,11,8,1,64.21806253420252
2020-03-04 12:58:00,..\..\Data\Data HCM\_MNR_SENSOR_DATA_\emotion_tags\image_tag,22895-44678-1583301530.jpg,2.0,3.0,3.0,3.0,3.0,3.0,3.0,3.0,77.0,42.0,0.0,1.0,0.0,0.0,1.0,0.0,3.400268160671535,7,8,1,70.76626797587492
2020-03-04 13:00:00,..\..\Data\Data HCM\_MNR_SENSOR_DATA_\emotion_tags\image_tag,22895-44678-1583301646.jpg,2.0,3.0,4.0,4.0,3.0,3.0,3.0,3.0,78.0,40.0,0.0,1.0,0.0,0.0,1.0,0.0,3.400268160671535,8,7,1,68.05738472525871
2020-03-04 17:08:00,..\..\Data\Data HCM\_MNR_SENSOR_DATA_\emotion_tags\image_tag,22895-44678-1583316505.jpg,4.0,4.0,5.0,5.0,4.0,4.0,4.0,4.0,91.0,32.0,0.0,0.0,1.0,0.0,0.0,1.0,2.5328729954945564,6,5,3,64.53222502341954
2020-03-04 17:10:00,..\..\Data\Data HCM\_MNR_SENSOR_DATA_\emotion_tags\image_tag,22895-44678-1583316678.jpg,2.0,3.0,5.0,5.0,4.0,4.0,4.0,4.0,87.0,31.0,0.0,0.0,1.0,0.0,0.0,1.0,2.5328729954945564,11,6,3,65.35213636557533
2020-03-04 17:14:00,..\..\Data\Data HCM\_MNR_SENSOR_DATA_\emotion_tags\image_tag,22895-44678-1583316894.jpg,2.0,3.0,4.0,4.0,4.0,4.0,4.0,4.0,87.0,31.0,0.0,0.0,1.0,0.0,0.0,1.0,2.5328729954945564,9,7,0,73.07213740741307
2020-03-04 17:18:00,..\..\Data\Data HCM\_MNR_SENSOR_DATA_\emotion_tags\image_tag,22895-44678-1583317157.jpg,4.0,4.0,5.0,5.0,4.0,4.0,4.0,4.0,86.0,30.0,0.0,0.0,1.0,0.0,0.0,1.0,2.5328729954945564,11,6,1,89.20113811779756
2020-03-04 17:22:00,..\..\Data\Data HCM\_MNR_SENSOR_DATA_\emotion_tags\image_tag,22895-44678-1583317344.jpg,4.0,4.0,4.0,4.0,4.0,4.0,4.0,4.0,86.0,31.0,0.0,0.0,1.0,0.0,0.0,1.0,2.5328729954945564,9,4,2,67.70546568049369
2020-03-04 17:24:00,..\..\Data\Data HCM\_MNR_SENSOR_DATA_\emotion_tags\image_tag,22895-44678-1583317494.jpg,2.0,3.0,4.0,4.0,4.0,4.0,4.0,4.0,84.0,30.0,0.0,0.0,1.0,0.0,0.0,1.0,5.184178315659661,8,7,0,72.73272556623506
2020-03-04 17:31:00,..\..\Data\Data HCM\_MNR_SENSOR_DATA_\emotion_tags\image_tag,22895-44678-1583317931.jpg,2.0,3.0,4.0,4.0,4.0,3.0,3.0,3.0,93.0,31.0,0.0,0.0,1.0,0.0,0.0,1.0,5.184178315659661,13,4,1,86.63101085148298
2020-03-04 17:39:00,..\..\Data\Data HCM\_MNR_SENSOR_DATA_\emotion_tags\image_tag,22895-44678-1583318374.jpg,2.0,3.0,5.0,5.0,4.0,4.0,3.0,3.0,96.0,30.0,0.0,0.0,1.0,0.0,0.0,1.0,5.184178315659661,11,10,1,81.75554072565788
2020-03-04 17:44:00,..\..\Data\Data HCM\_MNR_SENSOR_DATA_\emotion_tags\image_tag,22895-44678-1583318749.jpg,3.0,3.0,5.0,5.0,4.0,3.0,3.0,3.0,80.0,31.0,0.0,0.0,1.0,0.0,0.0,1.0,2.231878175387262,14,6,1,78.87586059787655
2020-03-05 07:41:00,..\..\Data\Data HCM\_MNR_SENSOR_DATA_\emotion_tags\image_tag,22895-44678-1583368934.jpg,2.0,3.0,5.0,5.0,4.0,4.0,4.0,4.0,96.0,28.0,0.0,0.0,0.0,1.0,0.0,1.0,2.3962253816710355,10,7,0,75.66054270473211
2020-03-05 07:46:00,..\..\Data\Data HCM\_MNR_SENSOR_DATA_\emotion_tags\image_tag,22895-44678-1583369274.jpg,5.0,4.0,5.0,5.0,4.0,3.0,3.0,4.0,93.0,28.0,0.0,0.0,0.0,1.0,0.0,1.0,2.3962253816710355,11,8,0,77.65994934795228
2020-03-05 07:50:00,..\..\Data\Data HCM\_MNR_SENSOR_DATA_\emotion_tags\image_tag,22895-44678-1583369481.jpg,2.0,3.0,5.0,5.0,4.0,4.0,2.0,4.0,98.0,29.0,0.0,0.0,0.0,1.0,0.0,1.0,2.3962253816710355,12,5,0,78.81789901899899
2020-03-05 07:53:00,..\..\Data\Data HCM\_MNR_SENSOR_DATA_\emotion_tags\image_tag,22895-44678-1583369646.jpg,2.0,3.0,5.0,5.0,4.0,4.0,2.0,4.0,99.0,29.0,0.0,0.0,0.0,1.0,0.0,1.0,2.3962253816710355,9,5,0,84.04809964727121
2020-03-05 07:56:00,..\..\Data\Data HCM\_MNR_SENSOR_DATA_\emotion_tags\image_tag,22895-44678-1583369857.jpg,2.0,2.0,5.0,5.0,4.0,2.0,4.0,3.0,99.0,29.0,0.0,0.0,0.0,1.0,0.0,1.0,4.167300647663691,11,3,0,82.13628115415517
2020-03-05 08:03:00,..\..\Data\Data HCM\_MNR_SENSOR_DATA_\emotion_tags\image_tag,22895-44678-1583370247.jpg,4.0,4.0,5.0,5.0,4.0,4.0,1.0,4.0,99.0,30.0,0.0,0.0,0.0,1.0,0.0,1.0,4.167300647663691,12,4,4,85.1217046581113
2020-03-05 08:05:00,..\..\Data\Data HCM\_MNR_SENSOR_DATA_\emotion_tags\image_tag,22895-44678-1583370384.jpg,4.0,4.0,5.0,5.0,4.0,4.0,2.0,4.0,99.0,29.0,0.0,0.0,0.0,1.0,0.0,1.0,4.167300647663691,11,6,1,73.60795459769047
2020-03-05 08:11:00,..\..\Data\Data HCM\_MNR_SENSOR_DATA_\emotion_tags\image_tag,22895-44678-1583370733.jpg,1.0,3.0,2.0,2.0,4.0,4.0,2.0,4.0,99.0,29.0,0.0,0.0,0.0,1.0,0.0,1.0,5.218414939998898,7,6,2,71.21781861730692
2020-03-05 08:18:00,..\..\Data\Data HCM\_MNR_SENSOR_DATA_\emotion_tags\image_tag,22895-44678-1583371111.jpg,1.0,2.0,5.0,5.0,4.0,4.0,3.0,4.0,98.0,29.0,0.0,0.0,0.0,1.0,0.0,1.0,5.218414939998898,11,4,0,71.15260681930788
2020-03-05 08:21:00,..\..\Data\Data HCM\_MNR_SENSOR_DATA_\emotion_tags\image_tag,22895-44678-1583371338.jpg,3.0,3.0,4.0,4.0,4.0,3.0,2.0,3.0,97.0,30.0,0.0,0.0,0.0,1.0,0.0,1.0,5.218414939998898,8,5,3,61.91209492738109
2020-03-05 08:26:00,..\..\Data\Data HCM\_MNR_SENSOR_DATA_\emotion_tags\image_tag,22895-44678-1583371591.jpg,1.0,2.0,4.0,4.0,4.0,3.0,3.0,3.0,99.0,30.0,0.0,0.0,0.0,1.0,0.0,1.0,5.218414939998898,11,9,0,61.84942535012524
2020-03-05 08:31:00,..\..\Data\Data HCM\_MNR_SENSOR_DATA_\emotion_tags\image_tag,22895-44678-1583371913.jpg,2.0,3.0,4.0,4.0,4.0,4.0,2.0,4.0,99.0,30.0,0.0,0.0,0.0,1.0,0.0,1.0,2.6858064801412755,7,4,3,75.9122489433148
2020-03-05 08:34:00,..\..\Data\Data HCM\_MNR_SENSOR_DATA_\emotion_tags\image_tag,22895-44678-1583372099.jpg,2.0,3.0,5.0,5.0,4.0,4.0,2.0,3.0,87.0,31.0,0.0,0.0,0.0,1.0,0.0,1.0,2.6858064801412755,12,9,2,73.1678538903337
2020-03-05 08:37:00,..\..\Data\Data HCM\_MNR_SENSOR_DATA_\emotion_tags\image_tag,22895-44678-1583372274.jpg,2.0,2.0,5.0,5.0,4.0,3.0,2.0,3.0,86.0,32.0,0.0,0.0,0.0,1.0,0.0,1.0,2.6858064801412755,9,6,4,61.84433088197581
2020-03-05 12:02:00,..\..\Data\Data HCM\_MNR_SENSOR_DATA_\emotion_tags\image_tag,22895-44678-1583384603.jpg,4.0,3.0,5.0,5.0,2.0,2.0,4.0,2.0,34.0,40.0,0.0,1.0,0.0,0.0,1.0,0.0,2.5528369548051204,7,6,5,53.39391572832095
2020-03-05 12:05:00,..\..\Data\Data HCM\_MNR_SENSOR_DATA_\emotion_tags\image_tag,22895-44678-1583384795.jpg,2.0,2.0,5.0,5.0,2.0,2.0,4.0,3.0,33.0,41.0,0.0,1.0,0.0,0.0,1.0,0.0,2.5528369548051204,9,8,0,57.34793540530162
2020-03-05 12:09:00,..\..\Data\Data HCM\_MNR_SENSOR_DATA_\emotion_tags\image_tag,22895-44678-1583385000.jpg,2.0,2.0,5.0,5.0,2.0,2.0,4.0,2.0,52.0,42.0,1.0,1.0,0.0,0.0,1.0,0.0,2.5528369548051204,2,2,5,59.58461133091162
2020-03-05 12:10:00,..\..\Data\Data HCM\_MNR_SENSOR_DATA_\emotion_tags\image_tag,22895-44678-1583385085.jpg,2.0,2.0,5.0,5.0,2.0,2.0,4.0,2.0,51.0,42.0,1.0,1.0,0.0,0.0,1.0,0.0,2.5528369548051204,7,4,5,54.54170894703271
2020-03-05 12:14:00,..\..\Data\Data HCM\_MNR_SENSOR_DATA_\emotion_tags\image_tag,22895-44678-1583385326.jpg,4.0,4.0,3.0,3.0,3.0,3.0,3.0,3.0,57.0,38.0,0.0,1.0,0.0,0.0,1.0,0.0,2.5528369548051204,4,4,1,57.787320722604235
2020-03-05 12:17:00,..\..\Data\Data HCM\_MNR_SENSOR_DATA_\emotion_tags\image_tag,22895-44678-1583385491.jpg,4.0,3.0,4.0,3.0,3.0,3.0,4.0,3.0,62.0,36.0,0.0,1.0,0.0,0.0,1.0,0.0,4.825939880274316,10,6,2,67.77327150395948
2020-03-05 12:20:00,..\..\Data\Data HCM\_MNR_SENSOR_DATA_\emotion_tags\image_tag,22895-44678-1583385678.jpg,4.0,3.0,4.0,4.0,3.0,3.0,3.0,3.0,65.0,37.0,0.0,1.0,0.0,0.0,1.0,0.0,4.825939880274316,11,8,1,76.48173260731609
2020-03-05 12:27:00,..\..\Data\Data HCM\_MNR_SENSOR_DATA_\emotion_tags\image_tag,22895-44678-1583386103.jpg,1.0,2.0,3.0,3.0,3.0,3.0,3.0,3.0,59.0,36.0,0.0,1.0,0.0,0.0,1.0,0.0,4.825939880274316,8,3,1,60.33494074477517
2020-03-05 12:35:00,..\..\Data\Data HCM\_MNR_SENSOR_DATA_\emotion_tags\image_tag,22895-44678-1583386534.jpg,2.0,3.0,3.0,3.0,3.0,3.0,3.0,3.0,59.0,37.0,0.0,1.0,0.0,0.0,1.0,0.0,3.2025616325035426,6,6,2,66.90363629721024
2020-03-05 12:38:00,..\..\Data\Data HCM\_MNR_SENSOR_DATA_\emotion_tags\image_tag,22895-44678-1583386731.jpg,1.0,2.0,4.0,3.0,2.0,2.0,4.0,2.0,59.0,37.0,0.0,1.0,0.0,0.0,1.0,0.0,3.2025616325035426,6,5,0,71.5708005138687
2020-03-05 12:42:00,..\..\Data\Data HCM\_MNR_SENSOR_DATA_\emotion_tags\image_tag,22895-44678-1583386953.jpg,2.0,2.0,3.0,3.0,2.0,2.0,4.0,2.0,61.0,37.0,0.0,1.0,0.0,0.0,1.0,0.0,3.2025616325035426,8,7,2,73.85870250229516
2020-03-05 12:44:00,..\..\Data\Data HCM\_MNR_SENSOR_DATA_\emotion_tags\image_tag,22895-44678-1583387116.jpg,3.0,3.0,4.0,4.0,2.0,2.0,4.0,2.0,60.0,38.0,1.0,1.0,0.0,0.0,1.0,0.0,3.2025616325035426,9,6,1,66.99635874589437
2020-03-05 16:54:00,..\..\Data\Data HCM\_MNR_SENSOR_DATA_\emotion_tags\image_tag,22895-44678-1583402086.jpg,4.0,3.0,5.0,5.0,4.0,4.0,3.0,4.0,90.0,31.0,0.0,0.0,1.0,0.0,0.0,1.0,2.5999313923390437,8,7,2,57.50146634424008
2020-03-05 16:57:00,..\..\Data\Data HCM\_MNR_SENSOR_DATA_\emotion_tags\image_tag,22895-44678-1583402260.jpg,2.0,3.0,5.0,5.0,4.0,4.0,3.0,4.0,90.0,31.0,0.0,0.0,1.0,0.0,0.0,1.0,2.5999313923390437,8,6,1,73.3586632111335
2020-03-05 17:00:00,..\..\Data\Data HCM\_MNR_SENSOR_DATA_\emotion_tags\image_tag,22895-44678-1583402536.jpg,2.0,3.0,5.0,5.0,4.0,3.0,3.0,3.0,89.0,31.0,0.0,0.0,1.0,0.0,0.0,1.0,2.5999313923390437,10,5,3,74.58439785637607
2020-03-05 17:04:00,..\..\Data\Data HCM\_MNR_SENSOR_DATA_\emotion_tags\image_tag,22895-44678-1583402712.jpg,2.0,3.0,5.0,5.0,4.0,4.0,3.0,4.0,91.0,32.0,0.0,0.0,1.0,0.0,0.0,1.0,2.5999313923390437,8,7,4,66.39910363572474
2020-03-05 17:10:00,..\..\Data\Data HCM\_MNR_SENSOR_DATA_\emotion_tags\image_tag,22895-44678-1583403043.jpg,4.0,4.0,5.0,5.0,4.0,3.0,3.0,4.0,91.0,32.0,0.0,0.0,1.0,0.0,0.0,1.0,4.839458770895119,6,4,2,73.14441111939658
2020-03-05 17:12:00,..\..\Data\Data HCM\_MNR_SENSOR_DATA_\emotion_tags\image_tag,22895-44678-1583403184.jpg,4.0,4.0,5.0,5.0,4.0,4.0,3.0,4.0,91.0,31.0,0.0,0.0,1.0,0.0,0.0,1.0,4.839458770895119,13,7,0,63.03589688659776
2020-03-05 17:16:00,..\..\Data\Data HCM\_MNR_SENSOR_DATA_\emotion_tags\image_tag,22895-44678-1583403397.jpg,1.0,2.0,3.0,3.0,4.0,4.0,3.0,4.0,92.0,31.0,0.0,0.0,1.0,0.0,0.0,1.0,4.839458770895119,5,7,2,63.67133554398845
2020-03-05 17:17:00,..\..\Data\Data HCM\_MNR_SENSOR_DATA_\emotion_tags\image_tag,22895-44678-1583403488.jpg,1.0,2.0,5.0,5.0,4.0,4.0,3.0,4.0,91.0,30.0,0.0,0.0,1.0,0.0,0.0,1.0,4.839458770895119,8,6,3,84.26388282816629
2020-03-05 17:25:00,..\..\Data\Data HCM\_MNR_SENSOR_DATA_\emotion_tags\image_tag,22895-44678-1583403934.jpg,2.0,3.0,4.0,4.0,4.0,4.0,3.0,3.0,97.0,31.0,0.0,0.0,1.0,0.0,0.0,1.0,4.839458770895119,10,8,1,81.12843375389915
2020-03-05 17:33:00,..\..\Data\Data HCM\_MNR_SENSOR_DATA_\emotion_tags\image_tag,22895-44678-1583404433.jpg,2.0,3.0,5.0,5.0,3.0,3.0,3.0,3.0,96.0,31.0,0.0,0.0,1.0,0.0,0.0,1.0,2.8132697916396303,5,2,2,83.02619115566003
2020-03-05 17:37:00,..\..\Data\Data HCM\_MNR_SENSOR_DATA_\emotion_tags\image_tag,22895-44678-1583404640.jpg,2.0,3.0,5.0,5.0,4.0,4.0,3.0,3.0,97.0,31.0,0.0,0.0,1.0,0.0,0.0,1.0,2.8132697916396303,5,3,1,76.88377752320991
2020-03-05 17:42:00,..\..\Data\Data HCM\_MNR_SENSOR_DATA_\emotion_tags\image_tag,22895-44678-1583404959.jpg,3.0,3.0,5.0,5.0,4.0,4.0,3.0,4.0,99.0,32.0,0.0,0.0,1.0,0.0,0.0,1.0,2.8132697916396303,10,8,2,76.45411363994427
2020-03-06 07:42:00,..\..\Data\Data HCM\_MNR_SENSOR_DATA_\emotion_tags\image_tag,22895-44678-1583455349.jpg,4.0,4.0,5.0,5.0,4.0,3.0,2.0,4.0,79.0,30.0,0.0,0.0,0.0,1.0,0.0,1.0,2.2435031239967236,6,5,1,72.6468159475676
2020-03-06 07:45:00,..\..\Data\Data HCM\_MNR_SENSOR_DATA_\emotion_tags\image_tag,22895-44678-1583455542.jpg,4.0,4.0,5.0,5.0,4.0,4.0,2.0,4.0,79.0,29.0,0.0,0.0,0.0,1.0,0.0,1.0,2.2435031239967236,12,9,2,62.47704389932435
2020-03-06 07:49:00,..\..\Data\Data HCM\_MNR_SENSOR_DATA_\emotion_tags\image_tag,22895-44678-1583455816.jpg,2.0,3.0,5.0,5.0,4.0,4.0,2.0,4.0,79.0,28.0,0.0,0.0,0.0,1.0,0.0,1.0,2.2435031239967236,8,7,4,69.02727555581849
2020-03-06 07:52:00,..\..\Data\Data HCM\_MNR_SENSOR_DATA_\emotion_tags\image_tag,22895-44678-1583455947.jpg,2.0,3.0,4.0,4.0,4.0,4.0,3.0,3.0,99.0,28.0,0.0,0.0,0.0,1.0,0.0,1.0,2.2435031239967236,11,7,1,71.83792717147796
2020-03-06 07:53:00,..\..\Data\Data HCM\_MNR_SENSOR_DATA_\emotion_tags\image_tag,22895-44678-1583456037.jpg,2.0,3.0,5.0,5.0,4.0,4.0,3.0,3.0,99.0,28.0,0.0,0.0,0.0,1.0,0.0,1.0,2.2435031239967236,11,6,0,78.3341264554597
2020-03-06 07:59:00,..\..\Data\Data HCM\_MNR_SENSOR_DATA_\emotion_tags\image_tag,22895-44678-1583456394.jpg,4.0,4.0,3.0,3.0,4.0,4.0,1.0,4.0,99.0,28.0,0.0,0.0,0.0,1.0,0.0,1.0,4.711184626438511,8,6,0,68.2372867877969
2020-03-06 08:02:00,..\..\Data\Data HCM\_MNR_SENSOR_DATA_\emotion_tags\image_tag,22895-44678-1583456575.jpg,4.0,4.0,3.0,3.0,4.0,4.0,2.0,4.0,99.0,29.0,0.0,0.0,0.0,1.0,0.0,1.0,4.711184626438511,12,10,2,82.0575995425069
2020-03-06 08:04:00,..\..\Data\Data HCM\_MNR_SENSOR_DATA_\emotion_tags\image_tag,22895-44678-1583456715.jpg,4.0,3.0,5.0,5.0,4.0,3.0,3.0,4.0,99.0,29.0,0.0,0.0,0.0,1.0,0.0,1.0,4.711184626438511,11,5,1,83.86756404839545
2020-03-06 08:08:00,..\..\Data\Data HCM\_MNR_SENSOR_DATA_\emotion_tags\image_tag,22895-44678-1583456928.jpg,1.0,2.0,4.0,4.0,3.0,3.0,3.0,3.0,99.0,29.0,0.0,0.0,0.0,1.0,0.0,1.0,4.711184626438511,8,6,1,67.9149908660697
2020-03-06 08:13:00,..\..\Data\Data HCM\_MNR_SENSOR_DATA_\emotion_tags\image_tag,22895-44678-1583457249.jpg,1.0,2.0,3.0,3.0,3.0,3.0,3.0,3.0,99.0,30.0,0.0,0.0,0.0,1.0,0.0,1.0,4.711184626438511,11,4,0,72.86516397281413
2020-03-06 08:20:00,..\..\Data\Data HCM\_MNR_SENSOR_DATA_\emotion_tags\image_tag,22895-44678-1583457647.jpg,1.0,2.0,5.0,5.0,4.0,3.0,3.0,4.0,99.0,30.0,0.0,0.0,0.0,1.0,0.0,1.0,4.151392006493408,11,11,1,71.44649916066865
2020-03-06 08:25:00,..\..\Data\Data HCM\_MNR_SENSOR_DATA_\emotion_tags\image_tag,22895-44678-1583457934.jpg,1.0,2.0,4.0,4.0,4.0,3.0,3.0,4.0,99.0,30.0,0.0,0.0,0.0,1.0,0.0,1.0,4.151392006493408,13,8,0,74.90579132263392
2020-03-06 08:28:00,..\..\Data\Data HCM\_MNR_SENSOR_DATA_\emotion_tags\image_tag,22895-44678-1583458123.jpg,2.0,3.0,5.0,5.0,4.0,3.0,3.0,3.0,99.0,30.0,0.0,0.0,0.0,1.0,0.0,1.0,4.151392006493408,10,6,1,80.17144692205702
2020-03-06 08:31:00,..\..\Data\Data HCM\_MNR_SENSOR_DATA_\emotion_tags\image_tag,22895-44678-1583458311.jpg,3.0,3.0,5.0,5.0,4.0,3.0,3.0,3.0,99.0,30.0,0.0,0.0,0.0,1.0,0.0,1.0,2.2397325257393956,9,6,2,72.03454434751616
2020-03-06 12:02:00,..\..\Data\Data HCM\_MNR_SENSOR_DATA_\emotion_tags\image_tag,22895-44678-1583470979.jpg,4.0,4.0,5.0,5.0,4.0,3.0,3.0,4.0,73.0,35.0,0.0,1.0,0.0,0.0,1.0,0.0,2.3067698539339285,6,6,3,56.3442759026632
2020-03-06 12:04:00,..\..\Data\Data HCM\_MNR_SENSOR_DATA_\emotion_tags\image_tag,22895-44678-1583471117.jpg,4.0,3.0,5.0,5.0,4.0,3.0,3.0,4.0,71.0,34.0,0.0,1.0,0.0,0.0,1.0,0.0,2.3067698539339285,3,1,0,55.423047919733484
2020-03-06 12:08:00,..\..\Data\Data HCM\_MNR_SENSOR_DATA_\emotion_tags\image_tag,22895-44678-1583471359.jpg,2.0,3.0,5.0,5.0,3.0,3.0,3.0,3.0,79.0,34.0,0.0,1.0,0.0,0.0,1.0,0.0,2.3067698539339285,5,2,2,71.3923275005082
2020-03-06 12:10:00,..\..\Data\Data HCM\_MNR_SENSOR_DATA_\emotion_tags\image_tag,22895-44678-1583471469.jpg,2.0,3.0,4.0,4.0,3.0,4.0,3.0,3.0,80.0,35.0,0.0,1.0,0.0,0.0,1.0,0.0,2.3067698539339285,7,0,5,65.02022041296891
2020-03-06 12:13:00,..\..\Data\Data HCM\_MNR_SENSOR_DATA_\emotion_tags\image_tag,22895-44678-1583471651.jpg,2.0,3.0,4.0,4.0,3.0,3.0,3.0,3.0,87.0,35.0,0.0,1.0,0.0,0.0,1.0,0.0,2.3067698539339285,7,2,1,63.69310167080552
2020-03-06 12:18:00,..\..\Data\Data HCM\_MNR_SENSOR_DATA_\emotion_tags\image_tag,22895-44678-1583471936.jpg,4.0,4.0,2.0,2.0,4.0,4.0,3.0,4.0,86.0,34.0,0.0,1.0,0.0,0.0,1.0,0.0,4.656438270009697,3,3,0,69.33686636657707
2020-03-06 12:21:00,..\..\Data\Data HCM\_MNR_SENSOR_DATA_\emotion_tags\image_tag,22895-44678-1583472085.jpg,4.0,3.0,4.0,4.0,3.0,3.0,3.0,3.0,85.0,35.0,0.0,1.0,0.0,0.0,1.0,0.0,4.656438270009697,7,8,1,64.5821361690097
2020-03-06 12:25:00,..\..\Data\Data HCM\_MNR_SENSOR_DATA_\emotion_tags\image_tag,22895-44678-1583472379.jpg,4.0,3.0,4.0,4.0,3.0,3.0,3.0,3.0,81.0,36.0,0.0,1.0,0.0,0.0,1.0,0.0,4.656438270009697,10,7,2,56.4155263472498
2020-03-06 12:29:00,..\..\Data\Data HCM\_MNR_SENSOR_DATA_\emotion_tags\image_tag,22895-44678-1583472596.jpg,1.0,2.0,3.0,3.0,2.0,2.0,4.0,2.0,76.0,37.0,0.0,1.0,0.0,0.0,1.0,0.0,4.656438270009697,5,6,1,61.153094279044836
2020-03-06 12:33:00,..\..\Data\Data HCM\_MNR_SENSOR_DATA_\emotion_tags\image_tag,22895-44678-1583472856.jpg,1.0,2.0,3.0,3.0,2.0,2.0,4.0,3.0,76.0,39.0,1.0,1.0,0.0,0.0,1.0,0.0,4.7285630203567335,4,7,1,57.71177393110736
2020-03-06 12:38:00,..\..\Data\Data HCM\_MNR_SENSOR_DATA_\emotion_tags\image_tag,22895-44678-1583473129.jpg,2.0,3.0,3.0,3.0,2.0,2.0,4.0,2.0,75.0,41.0,1.0,1.0,0.0,0.0,1.0,0.0,4.7285630203567335,11,6,0,59.576140187868276
2020-03-06 12:42:00,..\..\Data\Data HCM\_MNR_SENSOR_DATA_\emotion_tags\image_tag,22895-44678-1583473362.jpg,1.0,3.0,4.0,4.0,2.0,2.0,4.0,2.0,80.0,38.0,0.0,1.0,0.0,0.0,1.0,0.0,4.7285630203567335,7,4,2,61.68383611189682
2020-03-06 12:46:00,..\..\Data\Data HCM\_MNR_SENSOR_DATA_\emotion_tags\image_tag,22895-44678-1583473619.jpg,2.0,3.0,4.0,4.0,2.0,2.0,4.0,2.0,79.0,38.0,0.0,1.0,0.0,0.0,1.0,0.0,4.7285630203567335,7,7,1,66.38802588054347
2020-03-06 12:50:00,..\..\Data\Data HCM\_MNR_SENSOR_DATA_\emotion_tags\image_tag,22895-44678-1583473865.jpg,2.0,3.0,4.0,4.0,3.0,3.0,3.0,3.0,78.0,38.0,0.0,1.0,0.0,0.0,1.0,0.0,2.5377975685194682,10,4,2,68.78685804293652
2020-03-06 12:53:00,..\..\Data\Data HCM\_MNR_SENSOR_DATA_\emotion_tags\image_tag,22895-44678-1583474020.jpg,2.0,3.0,4.0,4.0,3.0,3.0,3.0,3.0,78.0,35.0,0.0,1.0,0.0,0.0,1.0,0.0,2.5377975685194682,5,3,3,73.11475717717286
2020-03-06 16:54:00,..\..\Data\Data HCM\_MNR_SENSOR_DATA_\emotion_tags\image_tag,22895-44678-1583488526.jpg,2.0,3.0,5.0,5.0,3.0,3.0,3.0,3.0,63.0,33.0,0.0,0.0,1.0,0.0,0.0,1.0,2.232509753147435,8,8,1,71.8441167828313
2020-03-06 16:57:00,..\..\Data\Data HCM\_MNR_SENSOR_DATA_\emotion_tags\image_tag,22895-44678-1583488712.jpg,5.0,4.0,5.0,5.0,4.0,4.0,2.0,4.0,62.0,33.0,0.0,0.0,1.0,0.0,0.0,1.0,2.232509753147435,12,9,0,58.438892919757016
2020-03-06 17:00:00,..\..\Data\Data HCM\_MNR_SENSOR_DATA_\emotion_tags\image_tag,22895-44678-1583488851.jpg,4.0,3.0,4.0,4.0,4.0,4.0,2.0,4.0,63.0,31.0,0.0,0.0,1.0,0.0,0.0,1.0,2.232509753147435,5,5,3,69.62008425478871
2020-03-06 17:05:00,..\..\Data\Data HCM\_MNR_SENSOR_DATA_\emotion_tags\image_tag,22895-44678-1583489217.jpg,2.0,3.0,5.0,5.0,4.0,3.0,3.0,4.0,63.0,33.0,0.0,0.0,1.0,0.0,0.0,1.0,2.232509753147435,9,8,1,76.51707917168501
2020-03-06 17:08:00,..\..\Data\Data HCM\_MNR_SENSOR_DATA_\emotion_tags\image_tag,22895-44678-1583489318.jpg,2.0,3.0,5.0,5.0,4.0,3.0,4.0,2.0,71.0,31.0,0.0,0.0,1.0,0.0,0.0,1.0,2.232509753147435,6,4,3,66.41108291818189
2020-03-06 17:17:00,..\..\Data\Data HCM\_MNR_SENSOR_DATA_\emotion_tags\image_tag,22895-44678-1583489910.jpg,4.0,3.0,5.0,5.0,4.0,4.0,3.0,3.0,72.0,31.0,0.0,0.0,1.0,0.0,0.0,1.0,4.802869606416861,6,4,4,68.94007242511631
2020-03-06 17:21:00,..\..\Data\Data HCM\_MNR_SENSOR_DATA_\emotion_tags\image_tag,22895-44678-1583490130.jpg,1.0,2.0,5.0,5.0,4.0,3.0,3.0,3.0,71.0,30.0,0.0,0.0,1.0,0.0,0.0,1.0,4.802869606416861,10,8,0,80.65201924554042
2020-03-06 17:26:00,..\..\Data\Data HCM\_MNR_SENSOR_DATA_\emotion_tags\image_tag,22895-44678-1583490440.jpg,1.0,3.0,4.0,4.0,3.0,3.0,4.0,3.0,72.0,31.0,0.0,0.0,1.0,0.0,0.0,1.0,4.802869606416861,9,9,1,79.22984004197151
2020-03-06 17:31:00,..\..\Data\Data HCM\_MNR_SENSOR_DATA_\emotion_tags\image_tag,22895-44678-1583490732.jpg,2.0,3.0,4.0,4.0,4.0,4.0,3.0,4.0,71.0,31.0,0.0,0.0,1.0,0.0,0.0,1.0,4.802869606416861,12,6,2,78.11146356181064
2020-03-06 17:35:00,..\..\Data\Data HCM\_MNR_SENSOR_DATA_\emotion_tags\image_tag,22895-44678-1583490992.jpg,1.0,2.0,4.0,4.0,4.0,4.0,3.0,3.0,71.0,30.0,0.0,0.0,1.0,0.0,0.0,1.0,3.9573807095380333,10,5,2,69.19380437935008
2020-03-06 17:39:00,..\..\Data\Data HCM\_MNR_SENSOR_DATA_\emotion_tags\image_tag,22895-44678-1583491226.jpg,1.0,3.0,4.0,4.0,3.0,3.0,4.0,3.0,72.0,30.0,0.0,0.0,1.0,0.0,0.0,1.0,3.9573807095380333,9,8,0,71.35023357305005
2020-03-06 17:42:00,..\..\Data\Data HCM\_MNR_SENSOR_DATA_\emotion_tags\image_tag,22895-44678-1583491375.jpg,2.0,2.0,5.0,5.0,3.0,3.0,3.0,4.0,71.0,31.0,0.0,0.0,1.0,0.0,0.0,1.0,3.9573807095380333,9,10,1,74.89606366848638
2020-03-06 17:48:00,..\..\Data\Data HCM\_MNR_SENSOR_DATA_\emotion_tags\image_tag,22895-44678-1583491739.jpg,3.0,3.0,5.0,5.0,4.0,4.0,4.0,2.0,72.0,32.0,0.0,0.0,1.0,0.0,0.0,1.0,2.242653200442048,10,8,1,79.70174733994318
