greenness degree,cleanliness degree,crowdedness degree,noisy degree,skin feeling degree,stress degree,personal aqi degree,safety degree,hum,tem,uv,part_of_day_Afternoon,part_of_day_Evening,part_of_day_Morning,Not rush hour,Rush hour,distance_to_airport,num_people,num_motorcycles,num_cars,rms_contrast,Temperature,Dew Point,Humidity,Wind Speed,Pressure
2.0,2.0,2.0,2.0,2.0,2.0,2.0,2.0,69.0,35.0,0.0,1.0,0.0,0.0,1.0,0.0,4.832087982081858,2,3,1,60.84256775113133,32.22222222222222,15.0,36,3,29.79
2.0,3.0,5.0,5.0,4.0,4.0,4.0,4.0,89.0,30.0,0.0,0.0,0.0,1.0,0.0,1.0,3.411754398293985,6,3,1,59.95624931693688,28.88888888888889,20.0,58,10,29.85
2.0,2.0,4.0,4.0,3.0,3.0,3.0,3.0,88.0,30.0,0.0,0.0,0.0,1.0,0.0,1.0,4.8139970286596325,12,8,1,61.40007584152455,28.88888888888889,20.0,58,10,29.85
1.0,2.0,5.0,5.0,4.0,4.0,3.0,4.0,91.0,30.0,0.0,0.0,1.0,0.0,0.0,1.0,4.839458770895119,8,6,3,84.26388282816629,31.11111111111111,20.0,52,10,29.76
2.0,3.0,4.0,4.0,4.0,3.0,3.0,3.0,73.0,32.0,0.0,0.0,0.0,1.0,1.0,0.0,3.96310116964366,5,6,1,70.86291462404247,30.0,20.0,55,3,29.88
1.0,2.0,4.0,4.0,3.0,3.0,3.0,3.0,83.0,41.0,0.0,1.0,0.0,0.0,1.0,0.0,4.876151993380595,8,5,1,71.48030750398193,32.77777777777778,18.88888888888889,43,6,29.79
1.0,3.0,4.0,4.0,2.0,2.0,4.0,2.0,80.0,38.0,0.0,1.0,0.0,0.0,1.0,0.0,4.7285630203567335,7,4,2,61.68383611189682,33.888888888888886,17.77777777777778,38,7,29.88
2.0,2.0,4.0,4.0,4.0,3.0,3.0,3.0,93.0,31.0,0.0,0.0,0.0,1.0,0.0,1.0,4.8139970286596325,9,7,0,66.77860168252013,27.77777777777778,21.11111111111111,66,8,29.82
2.0,3.0,4.0,4.0,4.0,3.0,3.0,3.0,93.0,31.0,0.0,0.0,1.0,0.0,0.0,1.0,5.184178315659661,13,4,1,86.63101085148298,30.0,20.0,55,12,29.73
1.0,2.0,3.0,3.0,3.0,3.0,3.0,3.0,67.0,32.0,0.0,0.0,0.0,1.0,0.0,1.0,5.225498068981291,11,12,1,49.294784965124514,28.88888888888889,18.88888888888889,55,6,29.85
3.0,3.0,4.0,3.0,2.0,3.0,3.0,3.0,82.0,28.0,0.0,0.0,0.0,1.0,0.0,1.0,2.6238310895191885,10,8,2,67.38964419050109,25.0,17.77777777777778,65,5,29.82
1.0,2.0,4.0,3.0,2.0,2.0,4.0,2.0,59.0,37.0,0.0,1.0,0.0,0.0,1.0,0.0,3.202561632503542,6,5,0,71.5708005138687,33.888888888888886,17.77777777777778,38,8,29.79
2.0,3.0,5.0,5.0,4.0,4.0,3.0,3.0,97.0,31.0,0.0,0.0,1.0,0.0,0.0,1.0,2.8132697916396303,5,3,1,76.8837775232099,30.0,21.11111111111111,58,8,29.76
3.0,3.0,5.0,4.0,4.0,4.0,4.0,3.0,99.0,30.0,0.0,0.0,0.0,1.0,0.0,1.0,2.2305799351709905,8,7,1,69.35248483445207,27.77777777777778,21.11111111111111,66,8,29.82
2.0,2.0,3.0,3.0,2.0,2.0,2.0,2.0,77.0,39.0,0.0,1.0,0.0,0.0,1.0,0.0,4.152886072072368,11,7,2,58.09191121770094,33.888888888888886,17.77777777777778,38,3,29.79
2.0,3.0,3.0,3.0,3.0,3.0,3.0,3.0,77.0,39.0,0.0,1.0,0.0,0.0,1.0,0.0,2.398515618907028,5,6,3,66.30844007697021,35.0,17.22222222222222,34,5,29.76
4.0,4.0,4.0,4.0,4.0,4.0,4.0,5.0,84.0,33.0,0.0,0.0,1.0,0.0,0.0,1.0,2.396681937392536,3,2,6,69.53068730449489,32.22222222222222,20.0,49,9,29.7
2.0,2.0,5.0,5.0,4.0,3.0,3.0,3.0,54.0,31.0,0.0,0.0,1.0,0.0,0.0,1.0,2.240871711588565,9,4,3,77.23243727208607,30.0,17.22222222222222,45,10,29.73
2.0,2.0,4.0,4.0,2.0,2.0,2.0,2.0,52.0,38.0,0.0,1.0,0.0,0.0,1.0,0.0,2.3965662184675907,6,5,2,53.181001470073525,32.77777777777778,17.22222222222222,38,6,29.79
2.0,3.0,5.0,5.0,4.0,3.0,3.0,3.0,76.0,31.0,0.0,0.0,1.0,0.0,0.0,1.0,2.7812551314265765,9,7,3,84.55436946391382,31.11111111111111,20.0,52,12,29.73
1.0,2.0,5.0,5.0,4.0,3.0,3.0,3.0,71.0,30.0,0.0,0.0,1.0,0.0,0.0,1.0,4.802869606416861,10,8,0,80.65201924554042,31.11111111111111,17.77777777777778,46,8,29.79
5.0,4.0,5.0,5.0,4.0,3.0,3.0,4.0,93.0,28.0,0.0,0.0,0.0,1.0,0.0,1.0,2.3962253816710355,11,8,0,77.65994934795228,27.77777777777778,21.11111111111111,66,12,29.85
1.0,2.0,4.0,4.0,4.0,3.0,4.0,4.0,92.0,31.0,0.0,0.0,1.0,0.0,0.0,1.0,3.969815416337179,8,7,1,77.8875613306097,31.11111111111111,20.0,52,9,29.73
1.0,2.0,3.0,3.0,4.0,4.0,3.0,3.0,67.0,32.0,0.0,0.0,0.0,1.0,0.0,1.0,5.225498068981291,9,3,0,71.72446287325661,28.88888888888889,18.88888888888889,55,6,29.85
2.0,2.0,5.0,5.0,3.0,3.0,3.0,4.0,71.0,31.0,0.0,0.0,1.0,0.0,0.0,1.0,3.957380709538033,9,10,1,74.89606366848638,30.0,17.77777777777778,48,10,29.79
3.0,3.0,5.0,5.0,4.0,3.0,3.0,3.0,99.0,28.0,0.0,0.0,0.0,1.0,0.0,1.0,2.2305799351709905,11,6,1,73.67858974746541,27.77777777777778,21.11111111111111,66,8,29.82
4.0,3.0,4.0,4.0,2.0,3.0,3.0,3.0,70.0,38.0,0.0,1.0,0.0,0.0,1.0,0.0,4.168401565096117,11,6,0,63.41698417644902,33.888888888888886,18.88888888888889,41,6,29.79
2.0,3.0,5.0,5.0,4.0,4.0,4.0,4.0,99.0,31.0,0.0,0.0,0.0,1.0,0.0,1.0,2.2305799351709905,12,12,0,78.37586545166813,27.22222222222222,21.11111111111111,70,7,29.82
2.0,2.0,5.0,5.0,2.0,2.0,2.0,2.0,70.0,38.0,0.0,1.0,0.0,0.0,1.0,0.0,2.232651959514643,6,2,7,55.04361702426923,33.888888888888886,18.88888888888889,41,6,29.79
2.0,3.0,5.0,5.0,3.0,3.0,3.0,3.0,99.0,29.0,0.0,0.0,0.0,1.0,0.0,1.0,2.2305799351709905,10,6,1,86.51484118127128,27.77777777777778,21.11111111111111,66,8,29.82
2.0,3.0,5.0,5.0,3.0,3.0,3.0,3.0,63.0,33.0,0.0,0.0,1.0,0.0,0.0,1.0,2.2325097531474354,8,8,1,71.84411678283129,32.22222222222222,17.77777777777778,43,9,29.79
2.0,3.0,5.0,5.0,4.0,3.0,3.0,3.0,89.0,31.0,0.0,0.0,1.0,0.0,0.0,1.0,2.599931392339044,10,5,3,74.58439785637607,31.11111111111111,20.0,52,10,29.76
2.0,3.0,5.0,5.0,4.0,4.0,4.0,4.0,91.0,32.0,0.0,0.0,1.0,0.0,0.0,1.0,1.8260832463959416,10,10,1,79.73409448378331,30.0,20.0,55,9,29.73
4.0,4.0,5.0,5.0,4.0,4.0,2.0,4.0,99.0,29.0,0.0,0.0,0.0,1.0,0.0,1.0,4.167300647663692,11,6,1,73.60795459769047,27.77777777777778,21.11111111111111,66,8,29.85
3.0,3.0,2.0,2.0,4.0,4.0,3.0,3.0,82.0,31.0,0.0,0.0,0.0,1.0,0.0,1.0,3.400195833711558,6,6,3,63.393064196148615,27.77777777777778,21.11111111111111,66,2,29.85
3.0,2.0,2.0,2.0,2.0,2.0,2.0,2.0,77.0,39.0,0.0,1.0,0.0,0.0,1.0,0.0,4.152886072072368,2,0,1,66.05873018291946,33.888888888888886,17.77777777777778,38,3,29.79
2.0,2.0,3.0,3.0,2.0,2.0,2.0,2.0,77.0,39.0,0.0,1.0,0.0,0.0,1.0,0.0,2.398515618907028,10,8,1,59.18454110397798,35.0,17.77777777777778,36,5,29.76
2.0,3.0,5.0,5.0,4.0,4.0,3.0,4.0,90.0,31.0,0.0,0.0,1.0,0.0,0.0,1.0,2.599931392339044,8,6,1,73.3586632111335,31.11111111111111,18.88888888888889,49,10,29.73
4.0,4.0,5.0,5.0,4.0,4.0,1.0,4.0,99.0,30.0,0.0,0.0,0.0,1.0,0.0,1.0,4.167300647663692,12,4,4,85.1217046581113,27.77777777777778,21.11111111111111,66,8,29.85
2.0,2.0,4.0,4.0,4.0,3.0,3.0,3.0,64.0,32.0,0.0,0.0,1.0,0.0,0.0,1.0,2.3967494788418207,11,6,0,68.45822336781995,31.11111111111111,17.77777777777778,46,15,29.73
3.0,3.0,5.0,5.0,2.0,2.0,2.0,2.0,70.0,38.0,0.0,0.0,0.0,1.0,1.0,0.0,2.232651959514643,13,8,3,74.67657832994875,32.77777777777778,18.88888888888889,43,7,29.82
2.0,2.0,4.0,4.0,2.0,2.0,2.0,2.0,57.0,43.0,1.0,1.0,0.0,0.0,1.0,0.0,3.960083573718105,11,7,2,74.28494205050472,32.77777777777778,17.77777777777778,41,5,29.76
4.0,4.0,3.0,2.0,4.0,4.0,4.0,4.0,80.0,29.0,0.0,0.0,0.0,1.0,0.0,1.0,4.198610290901764,4,1,0,51.14684279346238,26.11111111111111,17.77777777777778,61,6,29.85
2.0,2.0,3.0,3.0,2.0,2.0,2.0,2.0,77.0,39.0,0.0,1.0,0.0,0.0,1.0,0.0,2.398515618907028,11,12,1,59.60095967888032,35.0,17.77777777777778,36,5,29.76
4.0,4.0,3.0,3.0,5.0,4.0,4.0,4.0,67.0,32.0,0.0,0.0,0.0,1.0,0.0,1.0,5.225498068981291,15,8,0,74.72601087141372,30.0,17.77777777777778,48,6,29.85
2.0,2.0,4.0,4.0,2.0,2.0,2.0,2.0,64.0,38.0,0.0,1.0,0.0,0.0,1.0,0.0,4.810934773965268,7,4,0,59.175471258700135,32.77777777777778,17.22222222222222,38,6,29.82
2.0,4.0,2.0,2.0,4.0,4.0,4.0,4.0,85.0,31.0,0.0,0.0,0.0,1.0,0.0,1.0,3.400195833711558,6,5,1,51.5418886919466,27.77777777777778,21.11111111111111,66,2,29.85
3.0,3.0,4.0,4.0,2.0,3.0,3.0,3.0,79.0,33.0,0.0,1.0,0.0,0.0,1.0,0.0,2.1319780909505783,10,6,0,77.22346061952733,33.888888888888886,18.88888888888889,41,6,29.79
3.0,3.0,4.0,5.0,4.0,4.0,4.0,4.0,79.0,29.0,0.0,0.0,0.0,1.0,0.0,1.0,3.0954843621009314,10,7,3,60.42717953415106,27.77777777777778,21.11111111111111,66,3,29.85
2.0,2.0,4.0,4.0,3.0,3.0,3.0,3.0,74.0,36.0,0.0,1.0,0.0,0.0,1.0,0.0,2.2665899613387137,1,1,2,59.812860566103936,32.77777777777778,18.88888888888889,43,3,29.82
2.0,3.0,4.0,4.0,4.0,3.0,3.0,3.0,49.0,32.0,0.0,0.0,1.0,0.0,0.0,1.0,4.811684359158321,11,5,2,67.45777736197373,31.11111111111111,17.22222222222222,43,13,29.73
1.0,2.0,4.0,4.0,2.0,2.0,2.0,2.0,74.0,40.0,1.0,1.0,0.0,0.0,1.0,0.0,4.876151993380595,6,8,0,68.19357667227001,32.77777777777778,18.88888888888889,43,6,29.79
2.0,3.0,4.0,4.0,4.0,3.0,3.0,3.0,73.0,33.0,0.0,0.0,0.0,1.0,1.0,0.0,4.855726443370384,11,9,2,69.39125904408961,30.0,20.0,55,3,29.88
3.0,3.0,5.0,4.0,4.0,4.0,4.0,4.0,77.0,31.0,0.0,0.0,1.0,0.0,0.0,1.0,5.169942873189839,8,6,0,80.23447037154324,31.11111111111111,21.11111111111111,55,9,29.73
2.0,3.0,3.0,3.0,3.0,3.0,3.0,3.0,59.0,37.0,0.0,1.0,0.0,0.0,1.0,0.0,3.202561632503542,6,6,2,66.90363629721024,33.888888888888886,17.77777777777778,38,8,29.79
1.0,2.0,4.0,4.0,4.0,3.0,3.0,3.0,71.0,32.0,0.0,0.0,1.0,0.0,0.0,1.0,5.223817080153297,5,3,4,63.73091819999086,31.11111111111111,20.0,52,12,29.73
2.0,2.0,3.0,3.0,2.0,2.0,4.0,2.0,61.0,37.0,0.0,1.0,0.0,0.0,1.0,0.0,3.202561632503542,8,7,2,73.85870250229516,33.888888888888886,17.77777777777778,38,8,29.79
2.0,3.0,4.0,4.0,4.0,4.0,4.0,4.0,81.0,33.0,0.0,0.0,1.0,0.0,0.0,1.0,2.396681937392536,8,4,1,63.70054684513715,32.22222222222222,20.0,49,9,29.7
4.0,4.0,4.0,3.0,4.0,4.0,4.0,4.0,78.0,31.0,0.0,0.0,0.0,1.0,0.0,1.0,2.2254656657939043,9,7,3,80.10019010456243,27.77777777777778,21.11111111111111,66,3,29.85
1.0,1.0,3.0,3.0,1.0,1.0,1.0,1.0,62.0,41.0,0.0,1.0,0.0,0.0,1.0,0.0,4.715755772923994,7,6,3,62.5250325556691,35.0,16.11111111111111,32,3,29.76
1.0,3.0,2.0,2.0,4.0,4.0,2.0,4.0,99.0,29.0,0.0,0.0,0.0,1.0,0.0,1.0,5.218414939998898,7,6,2,71.21781861730692,27.77777777777778,21.11111111111111,66,8,29.85
2.0,3.0,4.0,4.0,3.0,3.0,3.0,3.0,87.0,35.0,0.0,1.0,0.0,0.0,1.0,0.0,2.3067698539339285,7,2,1,63.69310167080552,32.22222222222222,18.88888888888889,46,8,29.91
2.0,2.0,4.0,4.0,2.0,3.0,3.0,3.0,64.0,38.0,0.0,1.0,0.0,0.0,1.0,0.0,2.609031432235393,8,5,1,65.54328379404842,32.77777777777778,17.22222222222222,38,6,29.82
3.0,4.0,5.0,5.0,4.0,4.0,4.0,4.0,95.0,30.0,0.0,0.0,0.0,1.0,0.0,1.0,4.8139970286596325,12,5,0,82.41336243130709,27.77777777777778,21.11111111111111,66,8,29.82
2.0,2.0,3.0,3.0,2.0,2.0,2.0,2.0,61.0,37.0,0.0,1.0,0.0,0.0,1.0,0.0,2.5927916196567757,7,6,1,53.52672889412543,32.22222222222222,17.22222222222222,40,3,29.82
1.0,2.0,3.0,3.0,4.0,4.0,3.0,4.0,92.0,31.0,0.0,0.0,1.0,0.0,0.0,1.0,4.839458770895119,5,7,2,63.671335543988455,31.11111111111111,20.0,52,10,29.76
4.0,3.0,4.0,4.0,4.0,4.0,2.0,4.0,63.0,31.0,0.0,0.0,1.0,0.0,0.0,1.0,2.2325097531474354,5,5,3,69.62008425478871,31.11111111111111,17.77777777777778,46,8,29.79
2.0,2.0,4.0,3.0,3.0,3.0,3.0,3.0,70.0,38.0,0.0,1.0,0.0,0.0,1.0,0.0,3.9678334083983664,10,8,1,66.46587970219923,35.0,18.88888888888889,39,6,29.76
4.0,4.0,4.0,4.0,4.0,4.0,4.0,4.0,74.0,32.0,0.0,0.0,0.0,1.0,0.0,1.0,4.855726443370384,10,8,2,75.14913870171979,28.88888888888889,20.0,58,2,29.88
2.0,3.0,5.0,5.0,4.0,4.0,4.0,4.0,96.0,28.0,0.0,0.0,0.0,1.0,0.0,1.0,2.3962253816710355,10,7,0,75.66054270473211,27.77777777777778,21.11111111111111,66,12,29.85
4.0,4.0,4.0,4.0,4.0,4.0,4.0,4.0,86.0,31.0,0.0,0.0,1.0,0.0,0.0,1.0,2.5328729954945564,9,4,2,67.70546568049369,31.11111111111111,20.0,52,13,29.73
2.0,2.0,3.0,3.0,3.0,3.0,3.0,3.0,79.0,33.0,0.0,0.0,0.0,1.0,0.0,1.0,1.8283233477342271,7,6,1,50.858326824428865,27.77777777777778,21.11111111111111,66,2,29.85
3.0,3.0,5.0,5.0,2.0,2.0,2.0,2.0,84.0,36.0,0.0,0.0,0.0,1.0,1.0,0.0,2.232651959514643,11,6,2,72.39462284936391,32.77777777777778,18.88888888888889,43,7,29.82
2.0,3.0,4.0,4.0,4.0,4.0,2.0,4.0,99.0,30.0,0.0,0.0,0.0,1.0,0.0,1.0,2.6858064801412755,7,4,3,75.9122489433148,28.88888888888889,21.11111111111111,62,10,29.88
2.0,2.0,5.0,5.0,4.0,2.0,4.0,3.0,99.0,29.0,0.0,0.0,0.0,1.0,0.0,1.0,4.167300647663692,11,3,0,82.13628115415517,27.77777777777778,21.11111111111111,66,12,29.85
2.0,3.0,4.0,3.0,4.0,4.0,4.0,4.0,72.0,32.0,0.0,0.0,1.0,0.0,0.0,1.0,5.169942873189839,11,8,0,75.77144746819194,31.11111111111111,21.11111111111111,55,9,29.73
3.0,3.0,3.0,3.0,3.0,3.0,3.0,3.0,76.0,39.0,0.0,1.0,0.0,0.0,1.0,0.0,2.614029457958729,9,7,6,67.1611400838213,33.888888888888886,18.88888888888889,41,6,29.79
4.0,4.0,5.0,5.0,4.0,3.0,3.0,4.0,73.0,35.0,0.0,1.0,0.0,0.0,1.0,0.0,2.3067698539339285,6,6,3,56.3442759026632,32.22222222222222,18.88888888888889,46,8,29.91
2.0,2.0,4.0,4.0,2.0,2.0,2.0,2.0,61.0,40.0,0.0,1.0,0.0,0.0,1.0,0.0,3.960083573718105,6,7,5,68.49639061074085,32.77777777777778,17.77777777777778,41,5,29.76
1.0,2.0,3.0,3.0,1.0,2.0,2.0,2.0,64.0,38.0,0.0,1.0,0.0,0.0,1.0,0.0,4.810934773965268,11,8,0,57.31180687971221,33.888888888888886,17.77777777777778,38,3,29.79
3.0,3.0,4.0,4.0,3.0,3.0,3.0,3.0,67.0,32.0,0.0,0.0,0.0,1.0,0.0,1.0,4.311316225966489,7,6,4,62.16920764438701,30.0,17.77777777777778,48,6,29.85
5.0,4.0,3.0,3.0,4.0,4.0,4.0,4.0,67.0,32.0,0.0,0.0,0.0,1.0,0.0,1.0,4.311316225966489,4,4,1,53.469142206673574,30.0,17.77777777777778,48,6,29.85
2.0,3.0,5.0,5.0,4.0,4.0,3.0,3.0,96.0,30.0,0.0,0.0,1.0,0.0,0.0,1.0,5.184178315659661,11,10,1,81.75554072565787,30.0,20.0,55,12,29.73
1.0,1.0,4.0,3.0,2.0,2.0,2.0,2.0,77.0,39.0,0.0,1.0,0.0,0.0,1.0,0.0,2.0569501138720883,3,2,0,64.02466851693397,35.0,17.22222222222222,34,5,29.76
4.0,4.0,5.0,5.0,4.0,4.0,4.0,4.0,55.0,32.0,0.0,0.0,0.0,1.0,0.0,1.0,2.4483142457854457,11,12,6,72.8656634837887,28.88888888888889,20.0,58,2,29.88
2.0,3.0,4.0,3.0,4.0,4.0,4.0,4.0,76.0,31.0,0.0,0.0,1.0,0.0,0.0,1.0,5.169942873189839,2,2,3,85.04911839836964,31.11111111111111,21.11111111111111,55,9,29.73
4.0,4.0,5.0,5.0,4.0,4.0,4.0,4.0,91.0,32.0,0.0,0.0,1.0,0.0,0.0,1.0,2.5328729954945564,6,5,3,64.53222502341954,31.11111111111111,20.0,52,13,29.73
5.0,4.0,3.0,3.0,2.0,3.0,4.0,4.0,79.0,27.0,0.0,0.0,0.0,1.0,0.0,1.0,2.3072409411780925,11,9,3,56.08192676536954,25.0,17.77777777777778,65,5,29.82
4.0,4.0,5.0,5.0,4.0,3.0,3.0,4.0,91.0,32.0,0.0,0.0,1.0,0.0,0.0,1.0,4.839458770895119,6,4,2,73.14441111939658,31.11111111111111,20.0,52,10,29.76
1.0,3.0,3.0,3.0,3.0,3.0,3.0,3.0,75.0,32.0,0.0,0.0,1.0,0.0,0.0,1.0,2.7791099888271966,8,5,0,61.937362139840424,32.22222222222222,20.0,49,12,29.7
1.0,1.0,4.0,4.0,1.0,1.0,1.0,1.0,57.0,40.0,0.0,1.0,0.0,0.0,1.0,0.0,4.832087982081858,8,9,1,62.14530162529239,32.22222222222222,15.0,36,3,29.79
3.0,4.0,2.0,2.0,4.0,4.0,4.0,4.0,77.0,30.0,0.0,0.0,0.0,1.0,0.0,1.0,5.147828680575263,2,3,0,63.34433615714945,27.22222222222222,17.77777777777778,58,3,29.85
3.0,3.0,3.0,2.0,2.0,3.0,3.0,3.0,70.0,38.0,0.0,1.0,0.0,0.0,1.0,0.0,3.9678334083983664,10,6,2,68.97648559797513,33.888888888888886,18.88888888888889,41,6,29.79
4.0,3.0,5.0,5.0,4.0,3.0,3.0,4.0,71.0,34.0,0.0,1.0,0.0,0.0,1.0,0.0,2.3067698539339285,3,1,0,55.4230479197335,32.22222222222222,18.88888888888889,46,8,29.91
2.0,3.0,4.0,5.0,4.0,4.0,4.0,4.0,80.0,30.0,0.0,0.0,0.0,1.0,0.0,1.0,3.0954843621009314,8,7,5,59.5584656624339,27.77777777777778,21.11111111111111,66,3,29.85
2.0,3.0,4.0,4.0,3.0,4.0,3.0,3.0,80.0,35.0,0.0,1.0,0.0,0.0,1.0,0.0,2.3067698539339285,7,0,5,65.0202204129689,32.22222222222222,18.88888888888889,46,8,29.91
2.0,3.0,4.0,4.0,4.0,4.0,4.0,4.0,86.0,31.0,0.0,0.0,1.0,0.0,0.0,1.0,3.969815416337179,9,3,2,81.92274919747878,31.11111111111111,20.0,52,9,29.73
1.0,3.0,2.0,2.0,4.0,4.0,4.0,4.0,88.0,29.0,0.0,0.0,0.0,1.0,0.0,1.0,4.190769802088732,9,3,1,67.20437216161693,27.77777777777778,21.11111111111111,66,2,29.85
2.0,4.0,3.0,3.0,4.0,3.0,3.0,3.0,81.0,27.0,0.0,0.0,0.0,1.0,0.0,1.0,2.3072409411780925,13,8,1,69.40389870301546,26.11111111111111,17.77777777777778,61,6,29.85
2.0,3.0,4.0,4.0,4.0,4.0,4.0,4.0,78.0,30.0,0.0,0.0,0.0,1.0,0.0,1.0,4.822936084953792,13,8,0,71.8981864693412,27.77777777777778,21.11111111111111,66,3,29.88
5.0,5.0,5.0,5.0,5.0,5.0,5.0,5.0,79.0,31.0,0.0,0.0,1.0,0.0,0.0,1.0,1.6093756259181984,0,0,0,3.5464485356098163,30.0,20.0,55,16,29.76
2.0,3.0,4.0,4.0,4.0,4.0,4.0,4.0,84.0,30.0,0.0,0.0,1.0,0.0,0.0,1.0,5.184178315659661,8,7,0,72.73272556623506,31.11111111111111,20.0,52,13,29.73
3.0,3.0,4.0,4.0,2.0,2.0,4.0,2.0,60.0,38.0,1.0,1.0,0.0,0.0,1.0,0.0,3.202561632503542,9,6,1,66.99635874589437,33.888888888888886,17.77777777777778,38,8,29.79
1.0,2.0,4.0,4.0,4.0,4.0,3.0,3.0,71.0,30.0,0.0,0.0,1.0,0.0,0.0,1.0,3.957380709538033,10,5,2,69.19380437935008,30.0,17.77777777777778,48,10,29.79
3.0,4.0,4.0,4.0,4.0,4.0,4.0,4.0,72.0,31.0,0.0,0.0,0.0,1.0,0.0,1.0,3.4089937910125205,1,1,0,77.73964589963654,27.77777777777778,21.11111111111111,66,3,29.88
4.0,3.0,4.0,4.0,2.0,3.0,3.0,3.0,54.0,42.0,1.0,1.0,0.0,0.0,1.0,0.0,2.3965662184675907,11,8,3,62.57808661852263,32.77777777777778,17.22222222222222,38,6,29.79
4.0,3.0,4.0,4.0,4.0,4.0,4.0,4.0,80.0,30.0,0.0,0.0,0.0,1.0,0.0,1.0,2.2254656657939043,13,9,0,73.8316904515778,27.77777777777778,21.11111111111111,66,3,29.85
4.0,4.0,3.0,2.0,5.0,4.0,4.0,4.0,67.0,32.0,0.0,0.0,0.0,1.0,0.0,1.0,5.225498068981291,2,2,0,72.29090626056635,30.0,17.77777777777778,48,6,29.85
4.0,4.0,3.0,3.0,4.0,4.0,4.0,4.0,86.0,30.0,0.0,0.0,0.0,1.0,0.0,1.0,1.7942608634518116,12,9,1,73.34285535502191,27.22222222222222,22.22222222222222,74,2,29.85
3.0,2.0,3.0,3.0,2.0,2.0,3.0,3.0,47.0,41.0,1.0,1.0,0.0,0.0,1.0,0.0,4.4542912010336035,8,7,1,71.81900861383431,32.77777777777778,17.22222222222222,38,6,29.79
2.0,3.0,3.0,3.0,4.0,4.0,4.0,4.0,85.0,30.0,0.0,0.0,0.0,1.0,0.0,1.0,4.190769802088732,4,5,2,79.60091981464646,27.77777777777778,21.11111111111111,66,2,29.85
3.0,2.0,4.0,4.0,4.0,3.0,3.0,3.0,42.0,32.0,0.0,0.0,1.0,0.0,0.0,1.0,2.8237396544475883,6,6,3,65.17787263054497,31.11111111111111,17.22222222222222,43,13,29.73
4.0,3.0,4.0,4.0,3.0,3.0,3.0,3.0,65.0,37.0,0.0,1.0,0.0,0.0,1.0,0.0,4.8259398802743165,11,8,1,76.48173260731609,32.77777777777778,17.77777777777778,41,8,29.82
4.0,4.0,4.0,4.0,4.0,4.0,4.0,4.0,74.0,31.0,0.0,0.0,0.0,1.0,0.0,1.0,4.855726443370384,4,5,0,66.33399244670832,28.88888888888889,20.0,58,2,29.88
2.0,3.0,4.0,4.0,3.0,3.0,3.0,3.0,67.0,32.0,0.0,0.0,0.0,1.0,1.0,0.0,2.2424088599732794,9,9,1,66.03429134971834,31.11111111111111,17.77777777777778,46,7,29.85
2.0,2.0,3.0,3.0,1.0,1.0,1.0,1.0,67.0,42.0,0.0,1.0,0.0,0.0,1.0,0.0,4.715755772923994,10,10,1,61.05697550941868,32.22222222222222,15.0,36,3,29.79
3.0,3.0,2.0,2.0,3.0,3.0,3.0,3.0,79.0,33.0,0.0,0.0,0.0,1.0,0.0,1.0,1.8283233477342271,3,3,0,51.614639196284905,27.77777777777778,21.11111111111111,66,2,29.85
4.0,3.0,4.0,4.0,3.0,3.0,3.0,3.0,85.0,35.0,0.0,1.0,0.0,0.0,1.0,0.0,4.656438270009697,7,8,1,64.5821361690097,32.22222222222222,18.88888888888889,46,8,29.91
2.0,3.0,5.0,5.0,4.0,4.0,2.0,4.0,79.0,28.0,0.0,0.0,0.0,1.0,0.0,1.0,2.243503123996724,8,7,4,69.02727555581849,27.22222222222222,21.11111111111111,70,9,29.88
3.0,3.0,4.0,4.0,3.0,3.0,3.0,3.0,67.0,32.0,0.0,0.0,0.0,1.0,0.0,1.0,4.311316225966489,6,4,1,54.26541252195509,30.0,17.77777777777778,48,6,29.85
2.0,3.0,4.0,4.0,3.0,3.0,3.0,3.0,78.0,38.0,0.0,1.0,0.0,0.0,1.0,0.0,2.537797568519468,10,4,2,68.78685804293653,33.888888888888886,17.77777777777778,38,7,29.88
4.0,4.0,3.0,4.0,4.0,4.0,4.0,4.0,81.0,32.0,0.0,0.0,1.0,0.0,0.0,1.0,4.80578201403075,12,7,0,56.540973023246096,32.22222222222222,20.0,49,9,29.7
2.0,3.0,5.0,5.0,4.0,3.0,3.0,3.0,99.0,30.0,0.0,0.0,0.0,1.0,0.0,1.0,4.151392006493408,10,6,1,80.17144692205702,27.77777777777778,21.11111111111111,66,10,29.91
3.0,3.0,4.0,4.0,3.0,3.0,3.0,3.0,67.0,32.0,0.0,0.0,0.0,1.0,0.0,1.0,2.2424088599732794,8,7,5,55.73364061590108,30.0,17.77777777777778,48,6,29.85
3.0,3.0,5.0,5.0,2.0,2.0,2.0,2.0,70.0,38.0,0.0,1.0,0.0,0.0,1.0,0.0,2.232651959514643,7,5,1,59.85183336618598,33.888888888888886,18.88888888888889,41,6,29.79
3.0,3.0,3.0,3.0,3.0,3.0,3.0,3.0,77.0,29.0,0.0,0.0,0.0,1.0,0.0,1.0,4.198610290901764,8,8,1,64.68450974294808,26.11111111111111,17.77777777777778,61,6,29.85
4.0,3.0,5.0,5.0,4.0,4.0,3.0,4.0,90.0,31.0,0.0,0.0,1.0,0.0,0.0,1.0,2.599931392339044,8,7,2,57.50146634424007,31.11111111111111,18.88888888888889,49,10,29.73
4.0,4.0,2.0,2.0,4.0,4.0,3.0,4.0,86.0,34.0,0.0,1.0,0.0,0.0,1.0,0.0,4.656438270009697,3,3,0,69.33686636657707,32.22222222222222,18.88888888888889,46,8,29.91
3.0,3.0,4.0,4.0,2.0,2.0,3.0,3.0,79.0,33.0,0.0,1.0,0.0,0.0,1.0,0.0,2.1319780909505783,13,10,0,62.513572243342274,33.888888888888886,18.88888888888889,41,6,29.79
2.0,3.0,4.0,4.0,3.0,2.0,2.0,1.0,70.0,29.0,0.0,0.0,0.0,1.0,0.0,1.0,2.964489408884908,3,3,5,46.39288780280632,27.22222222222222,17.77777777777778,58,3,29.85
4.0,4.0,5.0,5.0,4.0,3.0,2.0,4.0,79.0,30.0,0.0,0.0,0.0,1.0,0.0,1.0,2.243503123996724,6,5,1,72.6468159475676,27.22222222222222,21.11111111111111,70,9,29.88
1.0,2.0,3.0,3.0,4.0,3.0,3.0,3.0,52.0,31.0,0.0,0.0,1.0,0.0,0.0,1.0,3.973020338055584,11,6,3,82.54024731740924,30.0,17.22222222222222,45,10,29.73
2.0,3.0,4.0,4.0,3.0,3.0,3.0,3.0,67.0,32.0,0.0,0.0,0.0,1.0,1.0,0.0,2.4014782464947237,11,7,0,69.6147126354348,31.11111111111111,17.77777777777778,46,7,29.85
3.0,3.0,5.0,5.0,4.0,4.0,3.0,4.0,99.0,32.0,0.0,0.0,1.0,0.0,0.0,1.0,2.8132697916396303,10,8,2,76.45411363994427,30.0,21.11111111111111,58,8,29.76
2.0,3.0,3.0,3.0,4.0,3.0,3.0,3.0,67.0,32.0,0.0,0.0,0.0,1.0,0.0,1.0,3.3680460040654734,8,6,1,75.42572667095128,28.88888888888889,18.88888888888889,55,6,29.85
2.0,2.0,4.0,3.0,2.0,2.0,2.0,1.0,59.0,41.0,0.0,1.0,0.0,0.0,1.0,0.0,2.8359250839108663,5,7,0,63.80364183440649,35.0,16.11111111111111,32,3,29.76
5.0,4.0,5.0,5.0,4.0,4.0,2.0,4.0,62.0,33.0,0.0,0.0,1.0,0.0,0.0,1.0,2.2325097531474354,12,9,0,58.43889291975702,32.22222222222222,17.77777777777778,43,9,29.79
2.0,3.0,4.0,4.0,4.0,4.0,4.0,4.0,70.0,32.0,0.0,0.0,1.0,0.0,0.0,1.0,3.2729710606433158,10,8,1,83.53246659831727,32.22222222222222,21.11111111111111,52,12,29.73
2.0,3.0,2.0,2.0,2.0,3.0,3.0,3.0,70.0,38.0,0.0,1.0,0.0,0.0,1.0,0.0,4.168401565096117,7,6,0,53.931706277272475,33.888888888888886,18.88888888888889,41,6,29.79
3.0,2.0,4.0,4.0,2.0,2.0,2.0,2.0,70.0,38.0,0.0,1.0,0.0,0.0,1.0,0.0,2.240012951068897,10,7,1,58.75594755213432,35.0,18.88888888888889,39,6,29.76
3.0,3.0,4.0,4.0,4.0,4.0,4.0,4.0,82.0,33.0,0.0,0.0,1.0,0.0,0.0,1.0,2.396681937392536,10,8,0,63.95959478364064,32.22222222222222,20.0,49,9,29.7
2.0,2.0,3.0,3.0,2.0,2.0,2.0,3.0,63.0,40.0,0.0,1.0,0.0,0.0,1.0,0.0,2.8359250839108663,5,4,3,56.98943764231923,35.0,16.11111111111111,32,3,29.76
2.0,3.0,4.0,4.0,3.0,3.0,3.0,3.0,78.0,35.0,0.0,1.0,0.0,0.0,1.0,0.0,2.537797568519468,5,3,3,73.11475717717286,33.888888888888886,17.77777777777778,38,7,29.88
3.0,3.0,4.0,4.0,4.0,3.0,2.0,3.0,97.0,30.0,0.0,0.0,0.0,1.0,0.0,1.0,5.218414939998898,8,5,3,61.9120949273811,27.77777777777778,21.11111111111111,66,8,29.85
2.0,2.0,4.0,4.0,4.0,3.0,3.0,3.0,50.0,31.0,0.0,0.0,1.0,0.0,0.0,1.0,3.973020338055584,11,8,0,86.80862764903436,30.0,17.22222222222222,45,10,29.73
1.0,3.0,4.0,4.0,4.0,4.0,4.0,4.0,71.0,31.0,0.0,0.0,0.0,1.0,0.0,1.0,3.4089937910125205,6,12,2,74.93355837577789,27.77777777777778,21.11111111111111,66,3,29.88
3.0,3.0,3.0,3.0,3.0,3.0,3.0,3.0,79.0,33.0,0.0,0.0,0.0,1.0,0.0,1.0,3.400195833711558,8,6,3,53.65910801105821,27.77777777777778,21.11111111111111,66,2,29.85
1.0,2.0,4.0,4.0,3.0,3.0,3.0,3.0,99.0,29.0,0.0,0.0,0.0,1.0,0.0,1.0,4.711184626438512,8,6,1,67.9149908660697,27.77777777777778,21.11111111111111,66,10,29.91
4.0,3.0,4.0,4.0,2.0,3.0,3.0,3.0,70.0,38.0,0.0,1.0,0.0,0.0,1.0,0.0,4.168401565096117,6,4,0,55.146117669637434,33.888888888888886,18.88888888888889,41,6,29.79
2.0,3.0,4.0,4.0,4.0,4.0,4.0,4.0,91.0,32.0,0.0,0.0,0.0,1.0,0.0,1.0,1.7942608634518116,7,4,2,72.16431878772698,27.22222222222222,22.22222222222222,74,2,29.85
2.0,3.0,4.0,4.0,2.0,3.0,3.0,3.0,64.0,38.0,0.0,1.0,0.0,0.0,1.0,0.0,2.609031432235393,6,3,1,53.15973007494937,32.77777777777778,17.22222222222222,38,6,29.82
2.0,3.0,3.0,2.0,3.0,3.0,3.0,3.0,79.0,33.0,0.0,0.0,0.0,1.0,0.0,1.0,1.8283233477342271,5,4,1,51.53811084277892,27.77777777777778,21.11111111111111,66,2,29.85
1.0,2.0,4.0,4.0,4.0,3.0,3.0,3.0,50.0,31.0,0.0,0.0,1.0,0.0,0.0,1.0,3.973020338055584,9,3,0,67.69604533540323,30.0,17.22222222222222,45,10,29.73
3.0,3.0,4.0,4.0,4.0,4.0,4.0,4.0,74.0,32.0,0.0,0.0,1.0,0.0,0.0,1.0,3.2729710606433158,7,4,2,85.03801921683805,31.11111111111111,21.11111111111111,55,9,29.73
3.0,3.0,4.0,4.0,4.0,4.0,4.0,4.0,80.0,30.0,0.0,0.0,0.0,1.0,0.0,1.0,2.2254656657939043,8,9,4,68.54433214689776,27.77777777777778,21.11111111111111,66,3,29.85
4.0,3.0,4.0,4.0,3.0,3.0,3.0,3.0,64.0,38.0,0.0,1.0,0.0,0.0,1.0,0.0,2.609031432235393,2,2,0,61.230514255671466,32.77777777777778,17.22222222222222,38,6,29.82
5.0,5.0,2.0,2.0,5.0,4.0,4.0,4.0,67.0,32.0,0.0,0.0,0.0,1.0,0.0,1.0,5.225498068981291,4,3,1,67.21818102902023,30.0,17.77777777777778,48,6,29.85
1.0,2.0,3.0,4.0,4.0,4.0,4.0,3.0,67.0,32.0,0.0,0.0,0.0,1.0,0.0,1.0,3.3680460040654734,8,9,0,63.74586079886043,28.88888888888889,18.88888888888889,55,6,29.85
2.0,3.0,5.0,5.0,4.0,4.0,2.0,4.0,99.0,29.0,0.0,0.0,0.0,1.0,0.0,1.0,2.3962253816710355,9,5,0,84.0480996472712,27.77777777777778,21.11111111111111,66,12,29.85
2.0,2.0,4.0,4.0,2.0,2.0,2.0,2.0,64.0,38.0,0.0,1.0,0.0,0.0,1.0,0.0,2.8261789310410412,8,8,0,54.00964441625013,33.888888888888886,17.77777777777778,38,3,29.79
2.0,3.0,4.0,4.0,4.0,3.0,3.0,3.0,75.0,31.0,0.0,0.0,0.0,1.0,0.0,1.0,3.4089937910125205,9,6,1,57.770340194609744,27.77777777777778,21.11111111111111,66,3,29.88
4.0,4.0,4.0,4.0,4.0,4.0,4.0,4.0,84.0,32.0,0.0,0.0,1.0,0.0,0.0,1.0,4.80578201403075,7,5,1,65.32646281661988,32.22222222222222,20.0,49,9,29.7
1.0,2.0,4.0,4.0,4.0,3.0,3.0,3.0,48.0,31.0,0.0,0.0,1.0,0.0,0.0,1.0,3.973020338055584,11,6,0,76.63056680780778,30.0,17.22222222222222,45,10,29.73
1.0,2.0,4.0,4.0,3.0,2.0,2.0,2.0,48.0,31.0,0.0,0.0,1.0,0.0,0.0,1.0,4.811684359158321,12,10,1,77.42065143946479,30.0,17.22222222222222,45,10,29.73
2.0,3.0,3.0,3.0,3.0,3.0,3.0,3.0,77.0,42.0,0.0,1.0,0.0,0.0,1.0,0.0,3.4002681606715353,7,8,1,70.76626797587492,32.77777777777778,18.88888888888889,43,6,29.79
3.0,3.0,5.0,5.0,4.0,3.0,3.0,3.0,99.0,30.0,0.0,0.0,0.0,1.0,0.0,1.0,2.239732525739396,9,6,2,72.03454434751616,27.77777777777778,21.11111111111111,66,8,29.91
1.0,2.0,3.0,3.0,3.0,3.0,3.0,3.0,99.0,30.0,0.0,0.0,0.0,1.0,0.0,1.0,4.711184626438512,11,4,0,72.86516397281412,27.77777777777778,21.11111111111111,66,10,29.91
2.0,2.0,5.0,5.0,2.0,2.0,2.0,2.0,70.0,38.0,0.0,1.0,0.0,0.0,1.0,0.0,4.168401565096117,10,6,3,67.61371196012335,33.888888888888886,18.88888888888889,41,6,29.79
2.0,2.0,3.0,3.0,3.0,3.0,3.0,4.0,79.0,33.0,0.0,0.0,0.0,1.0,0.0,1.0,1.8283233477342271,8,7,0,64.75418058694189,30.0,20.0,55,6,29.85
2.0,2.0,4.0,4.0,3.0,3.0,3.0,3.0,71.0,32.0,0.0,0.0,0.0,1.0,1.0,0.0,3.96310116964366,10,6,1,69.61931832885165,30.0,20.0,55,3,29.88
2.0,2.0,3.0,3.0,2.0,2.0,2.0,2.0,71.0,41.0,1.0,1.0,0.0,0.0,1.0,0.0,3.4002681606715353,11,8,1,64.21806253420253,32.77777777777778,18.88888888888889,43,6,29.79
2.0,3.0,3.0,3.0,4.0,3.0,3.0,3.0,67.0,32.0,0.0,0.0,0.0,1.0,0.0,1.0,3.3680460040654734,9,4,3,75.76807563212719,28.88888888888889,18.88888888888889,55,6,29.85
3.0,3.0,5.0,5.0,4.0,3.0,3.0,3.0,80.0,31.0,0.0,0.0,1.0,0.0,0.0,1.0,2.2318781753872616,14,6,1,78.87586059787655,30.0,20.0,55,12,29.73
2.0,2.0,4.0,3.0,2.0,2.0,2.0,2.0,53.0,44.0,0.0,1.0,0.0,0.0,1.0,0.0,2.8359250839108663,6,3,3,63.36148389629627,35.0,16.11111111111111,32,3,29.76
1.0,1.0,2.0,2.0,2.0,2.0,2.0,2.0,77.0,39.0,0.0,1.0,0.0,0.0,1.0,0.0,4.337645201450138,7,6,1,60.093481320131175,35.0,17.77777777777778,36,5,29.76
4.0,4.0,3.0,3.0,4.0,4.0,1.0,4.0,99.0,28.0,0.0,0.0,0.0,1.0,0.0,1.0,4.711184626438512,8,6,0,68.2372867877969,27.22222222222222,21.11111111111111,70,9,29.88
2.0,3.0,3.0,3.0,3.0,3.0,3.0,3.0,79.0,33.0,0.0,1.0,0.0,0.0,1.0,0.0,2.1319780909505783,11,8,0,67.60419737809328,33.888888888888886,18.88888888888889,41,6,29.79
2.0,3.0,3.0,3.0,3.0,3.0,3.0,3.0,79.0,33.0,0.0,0.0,0.0,1.0,0.0,1.0,1.8283233477342271,11,9,0,53.91450330911295,27.77777777777778,21.11111111111111,66,2,29.85
2.0,2.0,5.0,4.0,4.0,3.0,3.0,3.0,46.0,31.0,0.0,0.0,1.0,0.0,0.0,1.0,2.8237396544475883,9,6,3,66.85865005725337,31.11111111111111,17.22222222222222,43,13,29.73
1.0,2.0,3.0,3.0,2.0,2.0,4.0,3.0,76.0,39.0,1.0,1.0,0.0,0.0,1.0,0.0,4.7285630203567335,4,7,1,57.71177393110736,33.888888888888886,17.77777777777778,38,7,29.88
2.0,2.0,3.0,3.0,3.0,3.0,3.0,3.0,79.0,34.0,0.0,0.0,0.0,1.0,1.0,0.0,3.96310116964366,5,7,2,77.84584685156382,30.0,20.0,55,3,29.88
4.0,3.0,4.0,3.0,3.0,3.0,4.0,3.0,62.0,36.0,0.0,1.0,0.0,0.0,1.0,0.0,4.8259398802743165,10,6,2,67.77327150395948,32.77777777777778,17.77777777777778,41,8,29.82
4.0,3.0,4.0,4.0,4.0,4.0,3.0,3.0,61.0,32.0,0.0,0.0,1.0,0.0,0.0,1.0,2.3967494788418207,10,6,2,61.929697592754835,31.11111111111111,17.77777777777778,46,15,29.73
2.0,3.0,4.0,4.0,4.0,4.0,4.0,4.0,87.0,31.0,0.0,0.0,1.0,0.0,0.0,1.0,2.5328729954945564,9,7,0,73.07213740741307,31.11111111111111,20.0,52,13,29.73
2.0,3.0,5.0,5.0,4.0,4.0,3.0,3.0,99.0,28.0,0.0,0.0,0.0,1.0,0.0,1.0,2.243503123996724,11,6,0,78.3341264554597,27.22222222222222,21.11111111111111,70,9,29.88
1.0,2.0,4.0,4.0,4.0,3.0,3.0,4.0,99.0,30.0,0.0,0.0,0.0,1.0,0.0,1.0,4.151392006493408,13,8,0,74.90579132263393,27.77777777777778,21.11111111111111,66,10,29.91
2.0,3.0,5.0,5.0,4.0,3.0,4.0,2.0,71.0,31.0,0.0,0.0,1.0,0.0,0.0,1.0,2.2325097531474354,6,4,3,66.41108291818189,31.11111111111111,17.77777777777778,46,8,29.79
2.0,3.0,3.0,3.0,4.0,3.0,3.0,3.0,67.0,32.0,0.0,0.0,0.0,1.0,0.0,1.0,3.3680460040654734,6,5,3,56.65561504881603,28.88888888888889,18.88888888888889,55,6,29.85
3.0,4.0,2.0,2.0,4.0,4.0,4.0,4.0,87.0,32.0,0.0,0.0,1.0,0.0,0.0,1.0,4.80578201403075,5,4,1,78.80765584856134,32.22222222222222,20.0,49,9,29.7
2.0,2.0,4.0,4.0,3.0,2.0,2.0,2.0,53.0,41.0,0.0,1.0,0.0,0.0,1.0,0.0,2.8359250839108663,10,6,2,48.73965900827545,35.0,16.11111111111111,32,3,29.76
1.0,1.0,2.0,2.0,1.0,2.0,2.0,2.0,77.0,39.0,0.0,1.0,0.0,0.0,1.0,0.0,4.337645201450138,8,6,0,64.18863754580212,35.0,17.77777777777778,36,5,29.76
4.0,3.0,4.0,4.0,3.0,3.0,3.0,3.0,75.0,36.0,1.0,1.0,0.0,0.0,1.0,0.0,4.876151993380595,0,0,3,62.27158000430815,32.77777777777778,18.88888888888889,43,6,29.79
2.0,2.0,5.0,5.0,3.0,3.0,3.0,3.0,66.0,37.0,0.0,1.0,0.0,0.0,1.0,0.0,2.2665899613387137,4,4,3,59.85681181249485,32.77777777777778,18.88888888888889,43,3,29.82
4.0,4.0,3.0,3.0,3.0,4.0,4.0,4.0,71.0,28.0,0.0,0.0,0.0,1.0,0.0,1.0,5.147828680575263,4,2,0,60.14066183347554,27.22222222222222,17.77777777777778,58,3,29.85
4.0,4.0,4.0,4.0,3.0,3.0,3.0,3.0,77.0,39.0,1.0,1.0,0.0,0.0,1.0,0.0,4.876151993380595,5,3,1,66.67180388283775,32.77777777777778,18.88888888888889,43,6,29.79
4.0,3.0,5.0,5.0,4.0,3.0,3.0,4.0,99.0,29.0,0.0,0.0,0.0,1.0,0.0,1.0,4.711184626438512,11,5,1,83.86756404839545,27.77777777777778,21.11111111111111,66,10,29.91
2.0,2.0,4.0,4.0,2.0,2.0,2.0,2.0,57.0,40.0,1.0,1.0,0.0,0.0,1.0,0.0,3.960083573718105,9,4,0,76.13914090758301,32.77777777777778,17.22222222222222,38,6,29.79
2.0,2.0,4.0,4.0,3.0,3.0,3.0,3.0,72.0,33.0,0.0,0.0,0.0,1.0,1.0,0.0,3.96310116964366,8,10,2,64.1281858383031,30.0,20.0,55,3,29.88
2.0,3.0,5.0,5.0,4.0,3.0,3.0,3.0,71.0,31.0,0.0,0.0,1.0,0.0,0.0,1.0,5.223817080153297,6,3,5,63.443711297076035,31.11111111111111,20.0,52,12,29.73
5.0,5.0,5.0,5.0,5.0,5.0,5.0,5.0,79.0,33.0,0.0,0.0,0.0,1.0,0.0,1.0,1.6115426957382748,0,0,0,89.07363373673144,31.11111111111111,20.0,52,7,29.88
4.0,4.0,4.0,4.0,4.0,4.0,4.0,4.0,80.0,29.0,0.0,0.0,0.0,1.0,0.0,1.0,4.822936084953792,7,2,3,72.70406278150587,27.77777777777778,21.11111111111111,66,3,29.85
1.0,2.0,2.0,2.0,2.0,2.0,2.0,2.0,77.0,39.0,0.0,1.0,0.0,0.0,1.0,0.0,4.337645201450138,4,6,2,61.7200671983908,35.0,17.77777777777778,36,5,29.76
4.0,3.0,5.0,5.0,3.0,3.0,3.0,3.0,71.0,36.0,0.0,1.0,0.0,0.0,1.0,0.0,2.2665899613387137,10,9,2,59.64726105235579,32.77777777777778,18.88888888888889,43,3,29.82
2.0,3.0,5.0,4.0,4.0,4.0,4.0,4.0,70.0,31.0,0.0,0.0,1.0,0.0,0.0,1.0,3.2729710606433158,6,8,3,69.46849565353595,32.22222222222222,21.11111111111111,52,12,29.73
1.0,2.0,3.0,3.0,2.0,2.0,2.0,2.0,77.0,39.0,0.0,1.0,0.0,0.0,1.0,0.0,2.398515618907028,8,6,0,66.09042163572805,35.0,17.22222222222222,34,5,29.76
4.0,4.0,3.0,3.0,3.0,3.0,3.0,3.0,57.0,38.0,0.0,1.0,0.0,0.0,1.0,0.0,2.5528369548051204,4,4,1,57.78732072260425,32.77777777777778,17.77777777777778,41,8,29.82
3.0,3.0,4.0,4.0,4.0,4.0,4.0,4.0,90.0,32.0,0.0,0.0,1.0,0.0,0.0,1.0,3.969815416337179,13,9,0,77.36869603468506,32.22222222222222,20.0,49,9,29.7
4.0,3.0,4.0,4.0,2.0,3.0,3.0,3.0,64.0,38.0,0.0,1.0,0.0,0.0,1.0,0.0,2.609031432235393,8,6,5,58.55014556260432,32.77777777777778,17.22222222222222,38,6,29.82
2.0,3.0,5.0,5.0,4.0,4.0,4.0,4.0,88.0,32.0,0.0,0.0,0.0,1.0,0.0,1.0,3.411754398293985,7,3,2,62.579352547090274,28.88888888888889,20.0,58,10,29.85
1.0,2.0,5.0,5.0,4.0,3.0,3.0,4.0,99.0,30.0,0.0,0.0,0.0,1.0,0.0,1.0,4.151392006493408,11,11,1,71.44649916066867,27.77777777777778,21.11111111111111,66,10,29.91
4.0,3.0,4.0,4.0,2.0,2.0,2.0,2.0,65.0,34.0,0.0,1.0,0.0,0.0,1.0,0.0,2.5927916196567757,10,11,2,62.962275255922776,32.22222222222222,17.22222222222222,40,3,29.82
4.0,4.0,3.0,3.0,4.0,4.0,2.0,4.0,99.0,29.0,0.0,0.0,0.0,1.0,0.0,1.0,4.711184626438512,12,10,2,82.0575995425069,27.77777777777778,21.11111111111111,66,10,29.91
2.0,2.0,4.0,4.0,4.0,3.0,3.0,3.0,47.0,31.0,0.0,0.0,1.0,0.0,0.0,1.0,2.8237396544475883,10,7,2,86.41652488575836,31.11111111111111,17.22222222222222,43,13,29.73
2.0,3.0,5.0,5.0,3.0,3.0,3.0,3.0,96.0,31.0,0.0,0.0,1.0,0.0,0.0,1.0,2.8132697916396303,5,2,2,83.02619115566003,30.0,21.11111111111111,58,8,29.76
3.0,3.0,5.0,5.0,4.0,4.0,4.0,2.0,72.0,32.0,0.0,0.0,1.0,0.0,0.0,1.0,2.2426532004420485,10,8,1,79.7017473399432,30.0,17.77777777777778,48,10,29.79
3.0,4.0,3.0,3.0,4.0,4.0,4.0,4.0,72.0,31.0,0.0,0.0,1.0,0.0,0.0,1.0,5.223817080153297,5,4,1,68.42601167828371,31.11111111111111,20.0,52,12,29.73
2.0,3.0,5.0,5.0,4.0,4.0,2.0,4.0,98.0,29.0,0.0,0.0,0.0,1.0,0.0,1.0,2.3962253816710355,12,5,0,78.81789901899899,27.77777777777778,21.11111111111111,66,12,29.85
2.0,3.0,5.0,5.0,4.0,4.0,4.0,4.0,88.0,33.0,0.0,0.0,0.0,1.0,0.0,1.0,3.411754398293985,9,4,2,83.46490508202207,28.88888888888889,20.0,58,10,29.85
4.0,4.0,5.0,5.0,4.0,4.0,4.0,4.0,86.0,30.0,0.0,0.0,1.0,0.0,0.0,1.0,2.5328729954945564,11,6,1,89.20113811779757,31.11111111111111,20.0,52,13,29.73
2.0,3.0,4.0,4.0,3.0,3.0,3.0,3.0,67.0,32.0,0.0,0.0,0.0,1.0,0.0,1.0,4.311316225966489,3,5,1,50.26571260748679,30.0,17.77777777777778,48,6,29.85
5.0,4.0,4.0,4.0,3.0,3.0,3.0,4.0,67.0,32.0,0.0,0.0,0.0,1.0,1.0,0.0,2.4014782464947237,11,8,1,70.8655431587612,31.11111111111111,17.77777777777778,46,7,29.85
1.0,3.0,4.0,4.0,3.0,3.0,4.0,3.0,72.0,30.0,0.0,0.0,1.0,0.0,0.0,1.0,3.957380709538033,9,8,0,71.35023357305005,30.0,17.77777777777778,48,10,29.79
2.0,2.0,3.0,3.0,2.0,2.0,2.0,2.0,68.0,37.0,0.0,1.0,0.0,0.0,1.0,0.0,2.5927916196567757,0,0,1,54.93503105704612,32.22222222222222,17.22222222222222,40,3,29.82
4.0,4.0,5.0,5.0,4.0,4.0,2.0,4.0,79.0,29.0,0.0,0.0,0.0,1.0,0.0,1.0,2.243503123996724,12,9,2,62.47704389932435,27.22222222222222,21.11111111111111,70,9,29.88
3.0,3.0,4.0,4.0,4.0,4.0,4.0,4.0,43.0,32.0,0.0,0.0,1.0,0.0,0.0,1.0,2.8237396544475883,6,3,5,63.442533848332026,31.11111111111111,17.22222222222222,43,13,29.73
1.0,2.0,5.0,5.0,4.0,4.0,3.0,4.0,98.0,29.0,0.0,0.0,0.0,1.0,0.0,1.0,5.218414939998898,11,4,0,71.15260681930788,27.77777777777778,21.11111111111111,66,8,29.85
4.0,4.0,4.0,4.0,4.0,4.0,4.0,4.0,82.0,29.0,0.0,0.0,0.0,1.0,0.0,1.0,3.0954843621009314,10,7,2,80.92011714244998,27.77777777777778,21.11111111111111,66,3,29.85
4.0,3.0,4.0,4.0,3.0,3.0,3.0,3.0,81.0,36.0,0.0,1.0,0.0,0.0,1.0,0.0,4.656438270009697,10,7,2,56.415526347249795,32.22222222222222,18.88888888888889,46,8,29.91
2.0,2.0,5.0,5.0,2.0,2.0,4.0,2.0,52.0,42.0,1.0,1.0,0.0,0.0,1.0,0.0,2.5528369548051204,2,2,5,59.58461133091162,32.77777777777778,17.77777777777778,41,8,29.82
2.0,3.0,5.0,5.0,4.0,4.0,2.0,3.0,87.0,31.0,0.0,0.0,0.0,1.0,0.0,1.0,2.6858064801412755,12,9,2,73.1678538903337,28.88888888888889,21.11111111111111,62,10,29.88
5.0,5.0,3.0,3.0,4.0,4.0,4.0,4.0,80.0,28.0,0.0,0.0,0.0,1.0,0.0,1.0,4.198610290901764,5,2,0,64.66839588089518,26.11111111111111,17.77777777777778,61,6,29.85
2.0,3.0,5.0,5.0,4.0,4.0,4.0,4.0,87.0,31.0,0.0,0.0,1.0,0.0,0.0,1.0,2.5328729954945564,11,6,3,65.35213636557533,31.11111111111111,20.0,52,13,29.73
2.0,3.0,4.0,4.0,4.0,4.0,4.0,4.0,85.0,32.0,0.0,0.0,1.0,0.0,0.0,1.0,2.134211946984585,7,6,3,78.4491765749347,31.11111111111111,20.0,52,9,29.73
3.0,3.0,4.0,4.0,4.0,4.0,4.0,4.0,94.0,29.0,0.0,0.0,0.0,1.0,0.0,1.0,4.8139970286596325,13,8,1,73.83823464100787,27.77777777777778,21.11111111111111,66,8,29.82
2.0,2.0,4.0,4.0,3.0,3.0,3.0,3.0,70.0,38.0,0.0,1.0,0.0,0.0,1.0,0.0,3.9678334083983664,8,6,1,56.00719314004213,35.0,18.88888888888889,39,6,29.76
2.0,3.0,4.0,4.0,3.0,3.0,3.0,3.0,74.0,33.0,0.0,0.0,0.0,1.0,1.0,0.0,3.96310116964366,9,5,3,76.78781819588664,30.0,20.0,55,3,29.88
