hum,tem,part_of_day_Afternoon,part_of_day_Evening,part_of_day_Morning,Not rush hour,Rush hour,distance_to_airport
20.23,32.28,1.0,0.0,0.0,1.0,0.0,6.589332302807075
17.34,34.46,1.0,0.0,0.0,1.0,0.0,8.228269171048959
25.3,29.12,1.0,0.0,0.0,1.0,0.0,2.437922808368058
34.4,23.26,1.0,0.0,0.0,1.0,0.0,6.57371327031268
19.1,22.82,1.0,0.0,0.0,1.0,0.0,1.2482077361994188
34.1,25.65,0.0,0.0,1.0,1.0,0.0,4.28771536809394
17.34,23.76,1.0,0.0,0.0,1.0,0.0,6.560644566537243
22.79,28.15,1.0,0.0,0.0,1.0,0.0,4.6122378229053025
20.48,21.68,1.0,0.0,0.0,1.0,0.0,8.80521319766263
29.08,18.95,0.0,0.0,1.0,1.0,0.0,5.259799874972911
29.93,25.81,1.0,0.0,0.0,1.0,0.0,6.493500492739649
27.5,32.41,1.0,0.0,0.0,1.0,0.0,6.284473187730587
24.07,33.79,1.0,0.0,0.0,1.0,0.0,2.243309692928613
31.85,26.09,1.0,0.0,0.0,1.0,0.0,4.28771536809394
13.03,32.01,0.0,1.0,0.0,0.0,1.0,2.4929196484083262
21.33,20.6,0.0,1.0,0.0,0.0,1.0,0.813677528719504
28.04,25.64,1.0,0.0,0.0,1.0,0.0,8.788002691248403
33.2,28.62,1.0,0.0,0.0,1.0,0.0,6.642986366416859
27.5,30.41,1.0,0.0,0.0,1.0,0.0,1.7543832844586047
20.56,31.87,0.0,1.0,0.0,0.0,1.0,2.4932348851368342
27.31,19.39,0.0,0.0,1.0,1.0,0.0,4.833146269879601
29.46,34.0,1.0,0.0,0.0,1.0,0.0,6.690683162370775
17.62,27.4,0.0,1.0,0.0,0.0,1.0,2.497185919674704
22.47,33.55,1.0,0.0,0.0,1.0,0.0,5.981228607005588
27.32,25.11,1.0,0.0,0.0,1.0,0.0,0.8968236261806539
23.0,20.11,1.0,0.0,0.0,1.0,0.0,4.333681960668753
11.37,28.76,1.0,0.0,0.0,1.0,0.0,0.7035237715617119
23.77,19.38,1.0,0.0,0.0,1.0,0.0,1.7032895232007952
23.76,21.6,1.0,0.0,0.0,1.0,0.0,7.178374723121721
23.43,20.87,1.0,0.0,0.0,1.0,0.0,8.396010393312713
31.54,28.87,1.0,0.0,0.0,1.0,0.0,6.675766763432172
24.53,27.61,1.0,0.0,0.0,1.0,0.0,5.18563540946091
18.91,24.55,1.0,0.0,0.0,1.0,0.0,6.783194398960574
12.27,28.72,0.0,1.0,0.0,0.0,1.0,2.5071964798176998
24.59,18.12,1.0,0.0,0.0,1.0,0.0,0.9348984758774548
15.26,28.29,0.0,1.0,0.0,0.0,1.0,2.4900064270719855
22.62,33.5,1.0,0.0,0.0,1.0,0.0,6.263138708197698
24.01,28.64,0.0,0.0,1.0,1.0,0.0,4.257792854000312
17.65,23.02,1.0,0.0,0.0,1.0,0.0,1.4441250434515547
16.03,26.9,1.0,0.0,0.0,1.0,0.0,2.474952095330321
17.74,25.73,1.0,0.0,0.0,1.0,0.0,9.391778753432044
26.17,26.44,1.0,0.0,0.0,1.0,0.0,1.8768795497763233
13.63,25.6,1.0,0.0,0.0,1.0,0.0,6.384869395847768
31.23,27.28,0.0,0.0,1.0,1.0,0.0,4.28771536809394
24.69,25.95,1.0,0.0,0.0,1.0,0.0,8.824885817862505
21.25,21.07,1.0,0.0,0.0,1.0,0.0,7.941895263987531
14.54,34.94,1.0,0.0,0.0,1.0,0.0,4.2810115671857565
21.8,35.28,1.0,0.0,0.0,1.0,0.0,4.681648222623198
23.73,32.12,1.0,0.0,0.0,1.0,0.0,5.939178308969618
25.5,29.31,1.0,0.0,0.0,1.0,0.0,2.435854696609512
45.95,22.76,1.0,0.0,0.0,1.0,0.0,7.557187486159261
22.26,29.86,0.0,0.0,1.0,1.0,0.0,4.243056792187225
25.79,30.32,1.0,0.0,0.0,1.0,0.0,3.5220500832160373
23.08,29.06,1.0,0.0,0.0,1.0,0.0,2.489505244864854
20.87,27.93,0.0,1.0,0.0,0.0,1.0,2.5482831050995847
23.19,30.21,0.0,0.0,1.0,0.0,1.0,4.299311014378476
42.51,23.96,1.0,0.0,0.0,1.0,0.0,8.411138107542477
25.09,30.01,0.0,1.0,0.0,0.0,1.0,2.4609149189634456
25.35,27.18,0.0,0.0,1.0,0.0,1.0,4.299311014378476
22.08,22.25,1.0,0.0,0.0,1.0,0.0,8.41697542471074
41.56,24.33,1.0,0.0,0.0,1.0,0.0,4.28771536809394
20.98,29.85,1.0,0.0,0.0,1.0,0.0,7.963191159505539
46.95,23.0,1.0,0.0,0.0,1.0,0.0,8.506500609461089
23.15,19.21,1.0,0.0,0.0,1.0,0.0,0.904807262966746
24.38,31.47,1.0,0.0,0.0,1.0,0.0,6.264825095847579
33.97,25.82,0.0,0.0,1.0,1.0,0.0,4.28771536809394
22.86,20.24,1.0,0.0,0.0,1.0,0.0,0.9487531906959015
29.58,34.75,1.0,0.0,0.0,1.0,0.0,4.5101473991094805
28.52,30.28,1.0,0.0,0.0,1.0,0.0,5.7438203150454665
27.24,18.75,1.0,0.0,0.0,1.0,0.0,8.838587841461521
19.54,32.08,0.0,1.0,0.0,0.0,1.0,2.490854019745744
50.19,28.52,1.0,0.0,0.0,1.0,0.0,8.764566691571343
23.68,29.56,1.0,0.0,0.0,1.0,0.0,6.652768558780988
49.65,22.36,1.0,0.0,0.0,1.0,0.0,8.783246386515643
27.85,31.08,1.0,0.0,0.0,1.0,0.0,2.790509178494414
29.4,18.01,1.0,0.0,0.0,1.0,0.0,5.632159735064009
19.28,22.29,1.0,0.0,0.0,1.0,0.0,4.241768577363101
19.53,31.84,1.0,0.0,0.0,1.0,0.0,7.761672245447326
24.01,20.42,1.0,0.0,0.0,1.0,0.0,7.966068910908034
24.6,18.78,1.0,0.0,0.0,1.0,0.0,7.9121595247044105
36.54,24.52,0.0,0.0,1.0,1.0,0.0,4.28771536809394
18.48,28.86,1.0,0.0,0.0,1.0,0.0,4.297907194016371
21.65,30.55,0.0,0.0,1.0,1.0,0.0,4.382715534426058
17.22,31.19,0.0,1.0,0.0,0.0,1.0,4.299311014378476
22.11,30.84,1.0,0.0,0.0,1.0,0.0,6.584995129506606
28.89,16.49,1.0,0.0,0.0,1.0,0.0,8.654082009610038
26.57,20.14,0.0,0.0,1.0,1.0,0.0,4.42884126493818
26.32,30.77,1.0,0.0,0.0,1.0,0.0,6.864114400722073
22.39,24.23,1.0,0.0,0.0,1.0,0.0,5.641074844814598
19.6,30.66,0.0,1.0,0.0,0.0,1.0,2.440008351355948
20.51,24.36,0.0,0.0,1.0,1.0,0.0,4.382102589075289
12.99,30.54,1.0,0.0,0.0,1.0,0.0,2.497608378360415
27.21,25.39,1.0,0.0,0.0,1.0,0.0,4.500970409228758
31.31,31.72,1.0,0.0,0.0,1.0,0.0,7.900896974175427
27.67,25.57,1.0,0.0,0.0,1.0,0.0,8.465728379040836
24.8,27.15,1.0,0.0,0.0,1.0,0.0,4.365170358583868
11.32,29.82,1.0,0.0,0.0,1.0,0.0,1.2650897328331892
20.89,27.63,1.0,0.0,0.0,1.0,0.0,4.295036460069606
21.81,30.69,0.0,0.0,1.0,0.0,1.0,4.299311014378476
25.09,26.07,1.0,0.0,0.0,1.0,0.0,4.4343189960000995
17.71,24.86,1.0,0.0,0.0,1.0,0.0,8.649636669143959
37.62,26.79,1.0,0.0,0.0,1.0,0.0,8.12226238802898
17.93,32.73,1.0,0.0,0.0,1.0,0.0,8.298370949632405
23.75,30.84,1.0,0.0,0.0,1.0,0.0,4.28771536809394
16.51,33.68,1.0,0.0,0.0,1.0,0.0,4.28771536809394
17.64,25.89,1.0,0.0,0.0,1.0,0.0,9.417302252717663
27.88,26.32,0.0,0.0,1.0,0.0,1.0,4.2060436499403355
30.54,17.69,1.0,0.0,0.0,1.0,0.0,6.085062074627943
45.1,35.9,1.0,0.0,0.0,1.0,0.0,4.757975974423673
21.38,20.2,1.0,0.0,0.0,1.0,0.0,0.9316159808879092
14.78,30.72,1.0,0.0,0.0,1.0,0.0,2.4784882193517346
25.54,18.36,1.0,0.0,0.0,1.0,0.0,7.9632986224064215
31.25,28.8,1.0,0.0,0.0,1.0,0.0,6.555363639709995
27.87,26.61,1.0,0.0,0.0,1.0,0.0,6.560782930138728
31.16,24.67,1.0,0.0,0.0,1.0,0.0,8.848488620882819
20.8,30.7,0.0,0.0,1.0,1.0,0.0,4.484417566262059
27.84,28.62,1.0,0.0,0.0,1.0,0.0,7.3335508877010245
29.2,25.88,1.0,0.0,0.0,1.0,0.0,2.4479731063093513
34.19,32.67,1.0,0.0,0.0,1.0,0.0,2.233655819454449
27.78,34.88,1.0,0.0,0.0,1.0,0.0,7.854885970182322
27.69,19.48,0.0,0.0,1.0,1.0,0.0,4.983848908715276
25.48,30.43,1.0,0.0,0.0,1.0,0.0,6.675766763432172
20.21,34.92,1.0,0.0,0.0,1.0,0.0,4.252901127678123
14.13,28.03,1.0,0.0,0.0,1.0,0.0,4.389082655089779
29.54,26.27,1.0,0.0,0.0,1.0,0.0,4.170739035526663
25.37,20.6,0.0,0.0,1.0,1.0,0.0,4.371545988156471
20.57,29.13,1.0,0.0,0.0,1.0,0.0,6.682616830929725
21.06,21.92,1.0,0.0,0.0,1.0,0.0,6.780028148305586
26.77,33.58,1.0,0.0,0.0,1.0,0.0,4.650084514395878
44.07,24.38,1.0,0.0,0.0,1.0,0.0,8.806427556544058
27.99,27.38,0.0,0.0,1.0,0.0,1.0,4.265788710189831
25.18,20.22,1.0,0.0,0.0,1.0,0.0,8.266176075488461
30.94,33.77,1.0,0.0,0.0,1.0,0.0,6.404539698049881
21.6,29.25,1.0,0.0,0.0,1.0,0.0,6.7981413851257235
29.72,27.9,1.0,0.0,0.0,1.0,0.0,4.28771536809394
19.07,29.13,1.0,0.0,0.0,1.0,0.0,4.360099684008819
27.2,26.05,1.0,0.0,0.0,1.0,0.0,0.8897545349066652
28.93,26.13,1.0,0.0,0.0,1.0,0.0,2.4479731063093513
23.61,29.5,1.0,0.0,0.0,1.0,0.0,8.62509434031109
28.36,20.37,1.0,0.0,0.0,1.0,0.0,6.265803867753163
27.41,26.39,1.0,0.0,0.0,1.0,0.0,4.303321609594163
43.59,28.9,1.0,0.0,0.0,1.0,0.0,8.764566691571343
15.98,28.59,0.0,1.0,0.0,0.0,1.0,2.4777659152943277
20.22,29.43,1.0,0.0,0.0,1.0,0.0,6.607697204874531
14.15,35.88,1.0,0.0,0.0,1.0,0.0,4.28771536809394
25.74,18.41,1.0,0.0,0.0,1.0,0.0,1.4593030871459896
23.68,19.55,1.0,0.0,0.0,1.0,0.0,0.979426686775127
22.7,28.99,1.0,0.0,0.0,1.0,0.0,8.21970166879343
19.18,30.47,1.0,0.0,0.0,1.0,0.0,9.074343654285743
22.2,30.27,0.0,0.0,1.0,1.0,0.0,4.237716883388473
28.11,27.05,1.0,0.0,0.0,1.0,0.0,2.437765286121071
26.48,17.66,1.0,0.0,0.0,1.0,0.0,0.9610413737280795
21.37,32.75,1.0,0.0,0.0,1.0,0.0,6.264026052895261
30.02,20.12,1.0,0.0,0.0,1.0,0.0,4.705826774228502
22.92,28.29,1.0,0.0,0.0,1.0,0.0,6.605824209146921
26.3,20.73,1.0,0.0,0.0,1.0,0.0,6.598964363565482
33.17,28.69,1.0,0.0,0.0,1.0,0.0,6.411791219238184
28.06,18.96,1.0,0.0,0.0,1.0,0.0,6.239870388613381
20.44,28.03,1.0,0.0,0.0,1.0,0.0,4.251873060316418
11.28,28.57,1.0,0.0,0.0,1.0,0.0,0.5559317133380678
25.17,19.19,1.0,0.0,0.0,1.0,0.0,8.415515311581913
23.23,19.22,1.0,0.0,0.0,1.0,0.0,0.8751998512169088
23.11,22.13,1.0,0.0,0.0,1.0,0.0,6.238146694120495
22.71,29.77,0.0,0.0,1.0,1.0,0.0,4.4138544627674055
23.92,26.9,1.0,0.0,0.0,1.0,0.0,0.8910873496402729
20.49,28.51,1.0,0.0,0.0,1.0,0.0,7.71676940262178
25.35,30.02,1.0,0.0,0.0,1.0,0.0,2.5626845562159235
26.7,28.56,1.0,0.0,0.0,1.0,0.0,4.178220235317821
19.2,33.77,1.0,0.0,0.0,1.0,0.0,3.025557453393599
24.53,30.99,1.0,0.0,0.0,1.0,0.0,4.158911687356649
20.34,30.97,1.0,0.0,0.0,1.0,0.0,6.598059952816127
33.13,27.57,0.0,0.0,1.0,1.0,0.0,4.300105722897247
17.98,22.5,1.0,0.0,0.0,1.0,0.0,1.349698942742171
23.72,28.93,0.0,0.0,1.0,1.0,0.0,4.265294995213544
26.92,26.07,1.0,0.0,0.0,1.0,0.0,6.655338399958605
34.58,17.41,1.0,0.0,0.0,1.0,0.0,8.143655798319793
12.15,28.28,1.0,0.0,0.0,1.0,0.0,2.2905058330929955
17.84,33.28,0.0,1.0,0.0,0.0,1.0,4.299311014378476
24.24,26.44,1.0,0.0,0.0,1.0,0.0,1.7024466169035557
21.94,27.2,1.0,0.0,0.0,1.0,0.0,8.345332492717034
20.6,32.57,0.0,1.0,0.0,0.0,1.0,2.4684695289131087
27.61,25.27,0.0,0.0,1.0,1.0,0.0,5.160726197091939
21.74,29.2,1.0,0.0,0.0,1.0,0.0,9.142949247964122
23.2,28.12,1.0,0.0,0.0,1.0,0.0,4.214682026471083
19.32,32.99,0.0,0.0,1.0,1.0,0.0,4.265788710189831
13.93,35.86,1.0,0.0,0.0,1.0,0.0,4.2475818228940225
29.84,25.69,0.0,0.0,1.0,1.0,0.0,5.758916917767041
17.14,24.67,1.0,0.0,0.0,1.0,0.0,8.67267128534162
32.11,23.83,1.0,0.0,0.0,1.0,0.0,8.497519377763648
19.66,31.94,1.0,0.0,0.0,1.0,0.0,6.520572793990075
17.44,33.37,0.0,1.0,0.0,0.0,1.0,4.299311014378476
14.95,25.17,1.0,0.0,0.0,1.0,0.0,9.11545045103934
23.44,23.1,1.0,0.0,0.0,1.0,0.0,4.226432185439245
21.87,28.22,1.0,0.0,0.0,1.0,0.0,8.345049035646394
25.82,28.28,0.0,0.0,1.0,1.0,0.0,4.299311014378476
23.72,27.69,1.0,0.0,0.0,1.0,0.0,4.3531000178006645
24.57,24.65,1.0,0.0,0.0,1.0,0.0,8.892645231262897
25.6,32.32,1.0,0.0,0.0,1.0,0.0,4.300105722897247
17.07,32.38,1.0,0.0,0.0,1.0,0.0,6.549755762848426
26.0,32.54,1.0,0.0,0.0,1.0,0.0,0.7167288307813826
43.18,24.19,1.0,0.0,0.0,1.0,0.0,7.548971131835252
20.68,32.04,1.0,0.0,0.0,1.0,0.0,7.77524434324583
28.23,25.89,1.0,0.0,0.0,1.0,0.0,8.421226356760801
25.0,19.61,1.0,0.0,0.0,1.0,0.0,8.855841012206458
16.04,33.61,1.0,0.0,0.0,1.0,0.0,4.28771536809394
27.99,16.75,1.0,0.0,0.0,1.0,0.0,8.372190541611662
21.48,21.13,1.0,0.0,0.0,1.0,0.0,4.380213067568159
28.05,30.38,1.0,0.0,0.0,1.0,0.0,4.300105722897247
26.33,19.8,1.0,0.0,0.0,1.0,0.0,6.991855046345037
25.89,20.78,1.0,0.0,0.0,1.0,0.0,7.250566069218883
24.02,34.58,1.0,0.0,0.0,1.0,0.0,6.409845931939822
20.45,22.22,1.0,0.0,0.0,1.0,0.0,7.721673934405229
28.47,28.21,1.0,0.0,0.0,1.0,0.0,6.265859499281465
18.11,22.83,1.0,0.0,0.0,1.0,0.0,4.226636390103661
29.2,24.86,0.0,0.0,1.0,1.0,0.0,6.241845007468378
17.98,24.18,1.0,0.0,0.0,1.0,0.0,4.027692233093784
40.87,26.73,1.0,0.0,0.0,1.0,0.0,8.189638023864765
23.29,33.61,0.0,0.0,1.0,1.0,0.0,4.299311014378476
22.26,30.32,0.0,0.0,1.0,1.0,0.0,4.300105722897247
25.91,28.96,1.0,0.0,0.0,1.0,0.0,4.000479641903177
32.44,23.97,1.0,0.0,0.0,1.0,0.0,8.841842964142197
23.35,29.34,0.0,0.0,1.0,1.0,0.0,4.420136718942093
23.36,29.08,0.0,1.0,0.0,0.0,1.0,2.493664583496702
25.0,23.86,1.0,0.0,0.0,1.0,0.0,3.9622726300566846
15.67,28.29,0.0,1.0,0.0,0.0,1.0,2.498825021600414
23.08,28.16,1.0,0.0,0.0,1.0,0.0,4.3497994311880195
23.55,28.8,1.0,0.0,0.0,1.0,0.0,6.0845511095359575
31.6,30.67,1.0,0.0,0.0,1.0,0.0,6.403885086120287
24.12,23.69,1.0,0.0,0.0,1.0,0.0,5.301139303133768
28.67,19.61,1.0,0.0,0.0,1.0,0.0,6.528439347722888
26.85,18.51,1.0,0.0,0.0,1.0,0.0,6.862108430123212
22.22,20.27,1.0,0.0,0.0,1.0,0.0,0.8999664124037728
17.2,22.56,1.0,0.0,0.0,1.0,0.0,0.8121765295044134
19.81,32.14,0.0,1.0,0.0,0.0,1.0,2.4467021192890805
22.66,29.43,0.0,0.0,1.0,1.0,0.0,4.2876044185655156
22.29,29.98,0.0,0.0,1.0,1.0,0.0,4.431385650293178
23.72,30.99,1.0,0.0,0.0,1.0,0.0,4.497872218720725
24.88,29.36,0.0,1.0,0.0,0.0,1.0,2.459214720742474
25.94,20.31,1.0,0.0,0.0,1.0,0.0,7.214453772898274
22.13,19.1,1.0,0.0,0.0,1.0,0.0,4.676702618459696
24.87,20.86,0.0,0.0,1.0,1.0,0.0,4.357667590703572
22.02,20.35,1.0,0.0,0.0,1.0,0.0,1.0461736007681035
18.49,21.92,1.0,0.0,0.0,1.0,0.0,1.306086163493176
26.4,19.78,1.0,0.0,0.0,1.0,0.0,7.806273822420807
12.13,28.02,1.0,0.0,0.0,1.0,0.0,2.2872623946788155
25.74,30.33,1.0,0.0,0.0,1.0,0.0,5.664258933194781
33.97,27.83,1.0,0.0,0.0,1.0,0.0,7.449320504726532
29.5,17.76,1.0,0.0,0.0,1.0,0.0,8.672203393457018
25.58,31.69,1.0,0.0,0.0,1.0,0.0,2.488342944430258
27.05,28.82,1.0,0.0,0.0,1.0,0.0,6.252418474365357
18.18,30.76,1.0,0.0,0.0,1.0,0.0,7.696233173390441
23.95,29.73,1.0,0.0,0.0,1.0,0.0,4.28771536809394
30.09,17.37,1.0,0.0,0.0,1.0,0.0,8.774466325639422
21.47,20.4,1.0,0.0,0.0,1.0,0.0,1.7032895232007952
26.16,29.16,1.0,0.0,0.0,1.0,0.0,3.9959670038900263
32.8,17.97,1.0,0.0,0.0,1.0,0.0,6.6040721084834715
29.16,30.86,1.0,0.0,0.0,1.0,0.0,8.83087447485749
29.75,28.8,1.0,0.0,0.0,1.0,0.0,2.5664995232808505
33.11,24.35,1.0,0.0,0.0,1.0,0.0,4.28771536809394
21.89,36.14,1.0,0.0,0.0,1.0,0.0,4.330970917613383
31.6,17.89,0.0,0.0,1.0,1.0,0.0,5.432234713850049
19.06,32.35,0.0,1.0,0.0,0.0,1.0,4.299311014378476
21.75,28.9,1.0,0.0,0.0,1.0,0.0,4.168903729749671
23.14,27.69,1.0,0.0,0.0,1.0,0.0,8.573732055463744
19.53,23.8,1.0,0.0,0.0,1.0,0.0,6.342471107931381
19.51,31.21,0.0,0.0,1.0,1.0,0.0,4.427623168956896
33.04,29.9,1.0,0.0,0.0,1.0,0.0,8.300077811911152
29.83,26.33,1.0,0.0,0.0,1.0,0.0,2.4479731063093513
19.23,23.07,1.0,0.0,0.0,1.0,0.0,9.815966751368087
17.29,25.54,1.0,0.0,0.0,1.0,0.0,4.29728289847146
28.41,26.83,1.0,0.0,0.0,1.0,0.0,1.3013514582076087
18.24,32.11,1.0,0.0,0.0,1.0,0.0,4.28771536809394
32.77,17.19,1.0,0.0,0.0,1.0,0.0,8.833040571109736
29.33,30.07,1.0,0.0,0.0,1.0,0.0,7.131902315449409
15.63,31.28,1.0,0.0,0.0,1.0,0.0,5.17182816517049
36.46,29.16,1.0,0.0,0.0,1.0,0.0,8.300077811911152
24.13,24.51,1.0,0.0,0.0,1.0,0.0,5.522276788009226
14.54,26.75,1.0,0.0,0.0,1.0,0.0,6.790680632829777
17.18,24.14,1.0,0.0,0.0,1.0,0.0,4.424793301471229
27.93,29.32,1.0,0.0,0.0,1.0,0.0,1.2423519886582932
25.79,28.97,1.0,0.0,0.0,1.0,0.0,6.288321110357986
26.71,19.82,0.0,0.0,1.0,1.0,0.0,4.428993432797226
8.97,30.84,1.0,0.0,0.0,1.0,0.0,6.553406518364851
27.62,16.5,1.0,0.0,0.0,1.0,0.0,4.557300749022975
25.31,33.17,1.0,0.0,0.0,1.0,0.0,2.001751562154372
26.7,19.47,1.0,0.0,0.0,1.0,0.0,8.196716639724427
32.58,27.93,0.0,0.0,1.0,1.0,0.0,4.300105722897247
23.88,29.2,0.0,0.0,1.0,0.0,1.0,4.265788710189831
21.84,27.75,1.0,0.0,0.0,1.0,0.0,6.581777941760232
26.35,29.22,1.0,0.0,0.0,1.0,0.0,2.0762613257701727
21.98,20.23,1.0,0.0,0.0,1.0,0.0,8.723809767521008
16.23,33.63,0.0,1.0,0.0,0.0,1.0,4.299311014378476
23.43,28.08,1.0,0.0,0.0,1.0,0.0,8.34187415557738
27.39,18.75,1.0,0.0,0.0,1.0,0.0,8.835173770801568
40.16,25.6,1.0,0.0,0.0,1.0,0.0,7.694652614517689
29.14,18.43,0.0,0.0,1.0,1.0,0.0,4.738570546206996
24.47,31.01,1.0,0.0,0.0,1.0,0.0,4.158911687356649
26.04,19.09,1.0,0.0,0.0,1.0,0.0,7.267638056809976
26.05,29.25,0.0,0.0,1.0,1.0,0.0,4.299311014378476
12.15,29.05,1.0,0.0,0.0,1.0,0.0,2.4459361613109154
17.74,24.22,1.0,0.0,0.0,1.0,0.0,4.37986200517136
24.67,28.42,1.0,0.0,0.0,1.0,0.0,4.28771536809394
23.13,27.85,1.0,0.0,0.0,1.0,0.0,1.317255997846471
22.76,29.58,1.0,0.0,0.0,1.0,0.0,2.4398955204658472
22.09,29.38,1.0,0.0,0.0,1.0,0.0,6.566968043417604
25.29,19.53,1.0,0.0,0.0,1.0,0.0,9.855769279712405
20.93,26.91,1.0,0.0,0.0,1.0,0.0,6.7975134018787084
19.65,22.0,0.0,1.0,0.0,0.0,1.0,0.7491250746004526
29.89,17.48,1.0,0.0,0.0,1.0,0.0,8.637929874267696
19.49,28.57,1.0,0.0,0.0,1.0,0.0,4.380174682573826
22.8,21.67,1.0,0.0,0.0,1.0,0.0,6.587440998827098
19.68,23.73,1.0,0.0,0.0,1.0,0.0,4.3574702649482315
27.41,31.01,1.0,0.0,0.0,1.0,0.0,4.300105722897247
20.87,28.41,0.0,1.0,0.0,0.0,1.0,2.5553587044378094
19.29,29.05,1.0,0.0,0.0,1.0,0.0,4.083570696629296
16.52,31.41,1.0,0.0,0.0,1.0,0.0,7.722989275765838
28.14,17.31,1.0,0.0,0.0,1.0,0.0,8.75645951426892
27.1,19.98,0.0,0.0,1.0,1.0,0.0,4.342389909712477
16.12,27.3,0.0,1.0,0.0,0.0,1.0,2.4853798324885723
22.1,23.55,1.0,0.0,0.0,1.0,0.0,5.4997848617308955
17.07,30.33,1.0,0.0,0.0,1.0,0.0,8.059627530140503
28.97,21.62,1.0,0.0,0.0,1.0,0.0,5.957112389491585
28.11,23.46,1.0,0.0,0.0,1.0,0.0,4.4687889008548005
34.9,15.45,1.0,0.0,0.0,1.0,0.0,8.831883187465944
26.08,25.62,1.0,0.0,0.0,1.0,0.0,8.825525300619312
19.46,30.66,1.0,0.0,0.0,1.0,0.0,2.4900445111865324
23.7,29.24,1.0,0.0,0.0,1.0,0.0,4.653465318001605
26.3,18.38,1.0,0.0,0.0,1.0,0.0,8.359665273480006
37.69,22.35,1.0,0.0,0.0,1.0,0.0,8.275296705927174
27.95,17.31,1.0,0.0,0.0,1.0,0.0,0.871232059467628
25.2,18.72,0.0,1.0,0.0,0.0,1.0,0.8869097677136623
25.6,29.25,0.0,0.0,1.0,0.0,1.0,4.299311014378476
29.36,25.64,1.0,0.0,0.0,1.0,0.0,8.628756117514351
29.58,26.84,0.0,0.0,1.0,0.0,1.0,4.265788710189831
28.74,28.09,0.0,0.0,1.0,1.0,0.0,4.265788710189831
28.15,27.16,1.0,0.0,0.0,1.0,0.0,6.748596405663412
22.41,29.64,0.0,0.0,1.0,1.0,0.0,4.4007643582041265
30.05,17.53,1.0,0.0,0.0,1.0,0.0,8.201874458782175
18.74,35.76,1.0,0.0,0.0,1.0,0.0,6.549634953392846
28.27,25.16,1.0,0.0,0.0,1.0,0.0,8.3789146668577
24.36,19.8,1.0,0.0,0.0,1.0,0.0,8.153767998722385
23.76,28.0,1.0,0.0,0.0,1.0,0.0,8.613969668392372
19.62,33.39,1.0,0.0,0.0,1.0,0.0,6.528720540940366
26.44,27.16,1.0,0.0,0.0,1.0,0.0,8.54426342961178
27.12,26.54,0.0,0.0,1.0,1.0,0.0,5.527412098679731
28.23,27.28,1.0,0.0,0.0,1.0,0.0,4.122134548739963
20.26,31.57,1.0,0.0,0.0,1.0,0.0,4.299311014378476
29.66,14.83,1.0,0.0,0.0,1.0,0.0,8.59432190084497
27.84,19.71,1.0,0.0,0.0,1.0,0.0,7.403318657009694
15.77,27.13,1.0,0.0,0.0,1.0,0.0,4.3124583700195185
18.31,32.77,1.0,0.0,0.0,1.0,0.0,4.28771536809394
28.8,27.81,1.0,0.0,0.0,1.0,0.0,4.28771536809394
19.82,21.92,0.0,1.0,0.0,0.0,1.0,0.8818477051659988
36.96,23.16,1.0,0.0,0.0,1.0,0.0,8.209902342549647
27.42,17.24,1.0,0.0,0.0,1.0,0.0,8.292758790789303
22.64,29.93,1.0,0.0,0.0,1.0,0.0,5.187922193791792
23.94,29.5,0.0,0.0,1.0,1.0,0.0,4.280788675632088
27.92,30.94,1.0,0.0,0.0,1.0,0.0,5.532762961666477
36.84,31.31,1.0,0.0,0.0,1.0,0.0,7.691077564132018
27.42,19.15,0.0,0.0,1.0,1.0,0.0,4.396505678058377
16.77,33.5,0.0,1.0,0.0,0.0,1.0,4.299311014378476
18.98,30.18,1.0,0.0,0.0,1.0,0.0,7.714193351374544
18.55,29.33,1.0,0.0,0.0,1.0,0.0,4.299311014378476
20.83,30.47,1.0,0.0,0.0,1.0,0.0,4.299311014378476
20.06,22.87,1.0,0.0,0.0,1.0,0.0,5.928671757961755
35.29,25.05,0.0,0.0,1.0,1.0,0.0,4.28771536809394
22.09,31.2,1.0,0.0,0.0,1.0,0.0,6.414675712764504
21.55,20.97,1.0,0.0,0.0,1.0,0.0,1.4441250434515547
25.27,20.2,1.0,0.0,0.0,1.0,0.0,8.546372068644867
26.06,18.73,0.0,1.0,0.0,0.0,1.0,0.8316201024970922
42.31,24.36,1.0,0.0,0.0,1.0,0.0,8.707242217272864
26.09,26.43,0.0,0.0,1.0,1.0,0.0,5.172108937787931
17.08,34.6,1.0,0.0,0.0,1.0,0.0,4.28771536809394
26.39,26.91,0.0,0.0,1.0,0.0,1.0,4.299311014378476
33.43,27.87,1.0,0.0,0.0,1.0,0.0,8.637088592143364
29.44,26.78,1.0,0.0,0.0,1.0,0.0,4.293778207539303
22.52,21.43,1.0,0.0,0.0,1.0,0.0,8.439240544974252
26.0,28.01,1.0,0.0,0.0,1.0,0.0,2.480654442336141
23.01,20.77,1.0,0.0,0.0,1.0,0.0,6.525881526287238
28.58,18.67,0.0,0.0,1.0,1.0,0.0,4.360037311882195
23.45,29.06,1.0,0.0,0.0,1.0,0.0,8.324884731592219
19.11,21.36,1.0,0.0,0.0,1.0,0.0,1.411782943287533
13.58,27.78,1.0,0.0,0.0,1.0,0.0,2.300984896454462
19.79,22.22,1.0,0.0,0.0,1.0,0.0,5.9341770773323965
26.59,19.91,1.0,0.0,0.0,1.0,0.0,7.060511552870598
26.75,18.58,1.0,0.0,0.0,1.0,0.0,7.172474617171413
25.25,20.37,1.0,0.0,0.0,1.0,0.0,5.106907871071797
17.11,31.31,1.0,0.0,0.0,1.0,0.0,7.690898010098578
30.87,17.41,1.0,0.0,0.0,1.0,0.0,5.912983494166272
23.25,29.63,0.0,1.0,0.0,0.0,1.0,2.4504140856702814
19.91,22.63,1.0,0.0,0.0,1.0,0.0,6.603029838428434
28.62,28.92,1.0,0.0,0.0,1.0,0.0,7.011185330983967
21.54,20.52,1.0,0.0,0.0,1.0,0.0,1.0039456023556708
24.58,29.8,0.0,0.0,1.0,0.0,1.0,4.299311014378476
20.15,30.95,1.0,0.0,0.0,1.0,0.0,8.149870325591843
32.22,19.12,1.0,0.0,0.0,1.0,0.0,8.441388373900812
28.2,26.66,1.0,0.0,0.0,1.0,0.0,2.4479731063093513
26.94,20.38,1.0,0.0,0.0,1.0,0.0,5.67959982285714
19.33,23.44,1.0,0.0,0.0,1.0,0.0,4.042071085592955
28.31,19.51,1.0,0.0,0.0,1.0,0.0,5.51434583486799
16.17,33.58,0.0,1.0,0.0,0.0,1.0,4.299311014378476
9.01,32.01,1.0,0.0,0.0,1.0,0.0,0.6196577169991022
15.49,28.43,0.0,1.0,0.0,0.0,1.0,2.484296912352151
11.22,28.24,1.0,0.0,0.0,1.0,0.0,0.47947917006745017
26.76,19.88,0.0,0.0,1.0,1.0,0.0,4.389444777178927
24.55,31.92,1.0,0.0,0.0,1.0,0.0,6.263138708197698
36.24,22.45,1.0,0.0,0.0,1.0,0.0,8.604765276008116
39.6,25.34,1.0,0.0,0.0,1.0,0.0,8.694400426395942
25.58,18.78,1.0,0.0,0.0,1.0,0.0,1.2262082454252712
11.96,29.04,1.0,0.0,0.0,1.0,0.0,6.559601536470483
16.96,26.72,0.0,1.0,0.0,0.0,1.0,2.489007784908562
26.12,21.45,1.0,0.0,0.0,1.0,0.0,6.528191522173108
11.0,29.79,1.0,0.0,0.0,1.0,0.0,6.553406518364851
28.17,19.68,0.0,0.0,1.0,1.0,0.0,4.408856369186366
19.52,27.64,0.0,1.0,0.0,0.0,1.0,2.4828948896208174
25.14,19.24,1.0,0.0,0.0,1.0,0.0,8.346598423248315
23.54,30.52,1.0,0.0,0.0,1.0,0.0,4.25842578343285
22.14,27.92,1.0,0.0,0.0,1.0,0.0,1.3665530686471425
31.21,24.25,1.0,0.0,0.0,1.0,0.0,8.81041827566496
24.51,23.68,1.0,0.0,0.0,1.0,0.0,5.137717407171312
29.01,28.08,0.0,0.0,1.0,1.0,0.0,4.265788710189831
26.3,29.99,1.0,0.0,0.0,1.0,0.0,5.72146888768934
28.79,33.88,1.0,0.0,0.0,1.0,0.0,5.796865794872983
21.65,30.35,0.0,0.0,1.0,1.0,0.0,4.428014771303181
25.13,25.57,1.0,0.0,0.0,1.0,0.0,8.65228984853155
25.87,26.42,1.0,0.0,0.0,1.0,0.0,1.0592707269990387
26.25,18.64,1.0,0.0,0.0,1.0,0.0,6.538778414720727
27.07,19.85,1.0,0.0,0.0,1.0,0.0,8.432184446031615
19.84,29.34,1.0,0.0,0.0,1.0,0.0,8.350725827690987
18.73,32.47,0.0,0.0,1.0,1.0,0.0,4.247102834864872
17.71,23.84,1.0,0.0,0.0,1.0,0.0,1.7032895232007952
28.82,25.39,1.0,0.0,0.0,1.0,0.0,4.366330923050777
27.99,18.32,1.0,0.0,0.0,1.0,0.0,8.242123285403244
19.55,22.04,1.0,0.0,0.0,1.0,0.0,1.0176245240107409
20.72,27.92,1.0,0.0,0.0,1.0,0.0,8.469091026986643
28.12,28.2,1.0,0.0,0.0,1.0,0.0,6.27038610273532
23.53,29.62,1.0,0.0,0.0,1.0,0.0,6.533088083993757
37.87,22.64,1.0,0.0,0.0,1.0,0.0,8.586210719951168
29.14,20.83,1.0,0.0,0.0,1.0,0.0,6.737339128015257
24.01,27.28,1.0,0.0,0.0,1.0,0.0,6.587718143471933
24.77,28.73,1.0,0.0,0.0,1.0,0.0,2.4482082100182256
18.4,21.95,1.0,0.0,0.0,1.0,0.0,6.699352623845857
28.14,27.58,1.0,0.0,0.0,1.0,0.0,8.570903265670491
14.92,33.55,1.0,0.0,0.0,1.0,0.0,1.1475002420921236
12.9,28.28,1.0,0.0,0.0,1.0,0.0,4.37169083307886
24.45,29.36,0.0,0.0,1.0,0.0,1.0,4.299311014378476
26.07,25.72,1.0,0.0,0.0,1.0,0.0,2.489680177588948
26.77,31.41,0.0,0.0,1.0,1.0,0.0,4.299311014378476
21.52,30.36,1.0,0.0,0.0,1.0,0.0,6.4930929462792335
22.08,30.13,0.0,0.0,1.0,1.0,0.0,4.42716398845785
20.95,32.06,0.0,0.0,1.0,0.0,1.0,4.299311014378476
23.71,20.82,1.0,0.0,0.0,1.0,0.0,7.727256351098024
10.66,32.16,0.0,1.0,0.0,0.0,1.0,2.4796631668058517
24.94,33.71,1.0,0.0,0.0,1.0,0.0,6.260845684428281
31.55,24.91,1.0,0.0,0.0,1.0,0.0,6.541295064802098
23.81,31.19,1.0,0.0,0.0,1.0,0.0,1.5696855563344994
20.36,31.84,0.0,0.0,1.0,1.0,0.0,4.4007643582041265
22.75,26.58,1.0,0.0,0.0,1.0,0.0,8.750545142559796
29.66,26.79,1.0,0.0,0.0,1.0,0.0,8.548171918596493
33.77,23.01,1.0,0.0,0.0,1.0,0.0,8.547804569700133
20.21,30.3,1.0,0.0,0.0,1.0,0.0,9.137078552915646
20.87,20.18,1.0,0.0,0.0,1.0,0.0,1.3013514582076087
22.21,30.18,1.0,0.0,0.0,1.0,0.0,6.608700389000125
25.11,18.4,1.0,0.0,0.0,1.0,0.0,8.570001199102187
21.89,20.95,1.0,0.0,0.0,1.0,0.0,1.4368161636323353
28.66,28.13,1.0,0.0,0.0,1.0,0.0,7.811308125009332
27.76,17.79,1.0,0.0,0.0,1.0,0.0,7.721673934405229
20.18,25.35,0.0,0.0,1.0,1.0,0.0,4.365768407631548
35.04,26.39,1.0,0.0,0.0,1.0,0.0,7.039394099716016
22.98,30.29,0.0,0.0,1.0,1.0,0.0,4.235267134677151
29.71,18.56,0.0,0.0,1.0,1.0,0.0,5.067351170414952
19.48,31.54,1.0,0.0,0.0,1.0,0.0,5.814172617713297
28.15,20.51,0.0,1.0,0.0,0.0,1.0,1.2703387866252553
18.41,25.57,1.0,0.0,0.0,1.0,0.0,9.396209369277626
31.91,17.71,1.0,0.0,0.0,1.0,0.0,6.119821152509626
28.75,26.39,1.0,0.0,0.0,1.0,0.0,8.459746711422536
26.56,19.35,1.0,0.0,0.0,1.0,0.0,6.4694963750318655
22.26,33.08,1.0,0.0,0.0,1.0,0.0,5.734595771140706
13.52,30.45,1.0,0.0,0.0,1.0,0.0,2.4873701188043897
19.38,33.53,1.0,0.0,0.0,1.0,0.0,6.551421019712063
24.25,31.02,1.0,0.0,0.0,1.0,0.0,4.514545400048423
16.22,26.72,1.0,0.0,0.0,1.0,0.0,9.129198950450252
28.79,30.32,1.0,0.0,0.0,1.0,0.0,2.0721965985646253
27.34,18.68,1.0,0.0,0.0,1.0,0.0,8.848654083179293
26.65,19.87,0.0,0.0,1.0,1.0,0.0,4.397158587731994
21.12,29.25,1.0,0.0,0.0,1.0,0.0,6.5782811129066125
27.26,26.73,1.0,0.0,0.0,1.0,0.0,7.980961054986978
21.92,30.47,1.0,0.0,0.0,1.0,0.0,8.56223625224165
23.73,18.6,1.0,0.0,0.0,1.0,0.0,8.582393647697646
27.34,18.61,1.0,0.0,0.0,1.0,0.0,8.478886285175872
18.79,29.12,1.0,0.0,0.0,1.0,0.0,2.5266649696633263
23.31,27.24,1.0,0.0,0.0,1.0,0.0,1.7024466169035557
46.21,33.92,1.0,0.0,0.0,1.0,0.0,7.467167781937928
29.58,17.56,1.0,0.0,0.0,1.0,0.0,8.238514501722538
26.37,26.09,0.0,0.0,1.0,1.0,0.0,5.231552085564159
18.71,31.95,1.0,0.0,0.0,1.0,0.0,1.4694311751290468
29.36,17.84,1.0,0.0,0.0,1.0,0.0,7.161704435761759
22.3,30.79,0.0,0.0,1.0,1.0,0.0,4.4007643582041265
32.14,25.4,1.0,0.0,0.0,1.0,0.0,4.28771536809394
24.14,22.34,1.0,0.0,0.0,1.0,0.0,6.59276750439309
30.41,25.98,1.0,0.0,0.0,1.0,0.0,6.252418474365357
22.62,19.87,1.0,0.0,0.0,1.0,0.0,7.6620255766645275
22.06,30.92,0.0,0.0,1.0,1.0,0.0,4.299311014378476
21.54,30.24,1.0,0.0,0.0,1.0,0.0,8.41849788078801
18.83,21.28,1.0,0.0,0.0,1.0,0.0,1.3102541977830904
15.0,25.25,1.0,0.0,0.0,1.0,0.0,9.118154728136304
20.15,28.39,1.0,0.0,0.0,1.0,0.0,4.299311014378476
29.74,25.1,1.0,0.0,0.0,1.0,0.0,6.252418474365357
11.43,32.83,0.0,1.0,0.0,0.0,1.0,2.4967536203990814
17.78,34.14,1.0,0.0,0.0,1.0,0.0,4.28771536809394
29.65,17.81,1.0,0.0,0.0,1.0,0.0,8.80797387938127
23.25,27.73,1.0,0.0,0.0,1.0,0.0,6.356793148814693
25.89,31.58,1.0,0.0,0.0,1.0,0.0,7.819652633346324
21.39,30.17,1.0,0.0,0.0,1.0,0.0,8.168957645504703
19.72,31.44,1.0,0.0,0.0,1.0,0.0,7.763267397605873
22.43,28.8,0.0,0.0,1.0,1.0,0.0,4.500991382395571
26.3,19.35,1.0,0.0,0.0,1.0,0.0,6.558004866856272
29.85,18.48,1.0,0.0,0.0,1.0,0.0,6.364796647277086
24.94,26.96,1.0,0.0,0.0,1.0,0.0,1.3013514582076087
25.55,25.29,1.0,0.0,0.0,1.0,0.0,4.458982055737485
22.39,27.01,1.0,0.0,0.0,1.0,0.0,4.299311014378476
52.34,15.17,0.0,0.0,1.0,0.0,1.0,2.4352485138909366
33.9,16.51,1.0,0.0,0.0,1.0,0.0,6.623659789626758
25.47,27.83,0.0,1.0,0.0,0.0,1.0,2.477076296380991
34.28,29.11,1.0,0.0,0.0,1.0,0.0,8.847206690458657
23.37,19.84,1.0,0.0,0.0,1.0,0.0,8.138058191981528
27.0,25.54,1.0,0.0,0.0,1.0,0.0,1.108217297208049
14.77,25.65,1.0,0.0,0.0,1.0,0.0,1.325530888295317
38.53,18.32,1.0,0.0,0.0,1.0,0.0,8.687713953684938
25.86,30.6,1.0,0.0,0.0,1.0,0.0,8.711886285007182
22.2,20.11,1.0,0.0,0.0,1.0,0.0,4.3802507811269065
24.39,26.79,1.0,0.0,0.0,1.0,0.0,1.3665530686471425
17.04,35.2,1.0,0.0,0.0,1.0,0.0,6.445760958182689
16.86,29.0,0.0,1.0,0.0,0.0,1.0,2.493984920817311
38.23,23.05,0.0,0.0,1.0,0.0,1.0,4.265788710189831
16.93,26.91,0.0,1.0,0.0,0.0,1.0,2.496017205383579
24.16,27.08,1.0,0.0,0.0,1.0,0.0,1.7024466169035557
22.15,20.78,1.0,0.0,0.0,1.0,0.0,6.784048942747681
27.19,25.63,1.0,0.0,0.0,1.0,0.0,8.656991792342593
19.41,24.1,1.0,0.0,0.0,1.0,0.0,6.556660233093254
26.18,19.76,0.0,0.0,1.0,1.0,0.0,4.430087714970635
27.24,19.37,0.0,0.0,1.0,1.0,0.0,4.684868441565251
38.83,26.0,1.0,0.0,0.0,1.0,0.0,8.482532950894258
16.67,23.63,1.0,0.0,0.0,1.0,0.0,1.4441250434515547
19.76,23.7,1.0,0.0,0.0,1.0,0.0,1.7032895232007952
25.09,28.04,1.0,0.0,0.0,1.0,0.0,6.470064944551712
24.69,27.33,1.0,0.0,0.0,1.0,0.0,8.883966341259004
24.8,28.83,0.0,0.0,1.0,1.0,0.0,5.741372316448428
13.02,32.79,0.0,1.0,0.0,0.0,1.0,2.4967536203990814
33.12,19.9,1.0,0.0,0.0,1.0,0.0,4.380814955502419
34.13,16.38,1.0,0.0,0.0,1.0,0.0,5.957112389491585
22.73,35.19,1.0,0.0,0.0,1.0,0.0,4.220924424389232
31.07,25.85,1.0,0.0,0.0,1.0,0.0,4.28771536809394
20.3,29.97,1.0,0.0,0.0,1.0,0.0,9.28425488151069
22.09,21.78,1.0,0.0,0.0,1.0,0.0,3.952826154654658
31.98,24.72,1.0,0.0,0.0,1.0,0.0,6.526871672219668
24.28,28.79,1.0,0.0,0.0,1.0,0.0,0.7682687367442962
22.62,30.98,1.0,0.0,0.0,1.0,0.0,4.28771536809394
22.04,26.24,1.0,0.0,0.0,1.0,0.0,4.379410062674985
22.22,28.55,1.0,0.0,0.0,1.0,0.0,6.7309851043636755
22.61,22.58,0.0,0.0,1.0,1.0,0.0,4.43871512269245
21.43,35.15,1.0,0.0,0.0,1.0,0.0,4.681648222623198
24.8,33.52,1.0,0.0,0.0,1.0,0.0,6.52131940483833
23.07,28.62,1.0,0.0,0.0,1.0,0.0,4.249780239569676
29.97,30.04,1.0,0.0,0.0,1.0,0.0,6.549634953392846
23.31,29.49,1.0,0.0,0.0,1.0,0.0,6.749020503384837
20.62,21.69,1.0,0.0,0.0,1.0,0.0,9.077542251363438
30.26,24.67,0.0,0.0,1.0,1.0,0.0,5.9637512665116885
37.24,15.61,1.0,0.0,0.0,1.0,0.0,7.857861843443792
27.07,32.75,1.0,0.0,0.0,1.0,0.0,6.365429015790793
29.62,27.86,1.0,0.0,0.0,1.0,0.0,4.244167506693469
16.74,32.93,1.0,0.0,0.0,1.0,0.0,7.739449153722397
23.68,32.25,1.0,0.0,0.0,1.0,0.0,8.312379300104837
27.83,19.07,1.0,0.0,0.0,1.0,0.0,4.117848565043867
27.22,31.02,0.0,0.0,1.0,1.0,0.0,4.299311014378476
28.46,19.8,1.0,0.0,0.0,1.0,0.0,6.601544065809556
23.62,26.24,1.0,0.0,0.0,1.0,0.0,6.5845491392063
20.9,24.74,1.0,0.0,0.0,1.0,0.0,9.410396137911034
29.96,25.02,1.0,0.0,0.0,1.0,0.0,8.897215073032136
19.24,32.63,0.0,1.0,0.0,0.0,1.0,4.299311014378476
27.37,32.91,1.0,0.0,0.0,1.0,0.0,2.0098627986770023
25.6,28.94,1.0,0.0,0.0,1.0,0.0,2.4762854814241204
21.11,21.28,1.0,0.0,0.0,1.0,0.0,4.330822036740333
25.88,28.98,0.0,0.0,1.0,1.0,0.0,4.299311014378476
24.57,34.39,1.0,0.0,0.0,1.0,0.0,6.409845931939822
26.67,19.35,1.0,0.0,0.0,1.0,0.0,8.256506007587658
22.35,28.54,1.0,0.0,0.0,1.0,0.0,6.738673920833417
27.46,26.42,1.0,0.0,0.0,1.0,0.0,2.4479731063093513
29.32,25.5,1.0,0.0,0.0,1.0,0.0,8.572712399475451
21.6,29.93,1.0,0.0,0.0,1.0,0.0,6.580694463319182
38.18,26.25,1.0,0.0,0.0,1.0,0.0,8.490098113186697
32.27,17.51,1.0,0.0,0.0,1.0,0.0,6.273945002162824
21.27,33.81,1.0,0.0,0.0,1.0,0.0,4.3417195705193965
27.08,32.8,1.0,0.0,0.0,1.0,0.0,6.260845684428281
21.23,31.49,0.0,0.0,1.0,1.0,0.0,4.390157056126283
28.23,34.12,1.0,0.0,0.0,1.0,0.0,6.518245888883856
16.07,34.49,1.0,0.0,0.0,1.0,0.0,7.929245550209896
23.12,29.13,0.0,0.0,1.0,1.0,0.0,4.2525095893786515
20.84,21.08,1.0,0.0,0.0,1.0,0.0,0.8646217776785602
20.15,22.24,1.0,0.0,0.0,1.0,0.0,1.7032895232007952
28.6,25.82,0.0,0.0,1.0,0.0,1.0,4.2060436499403355
19.9,31.81,1.0,0.0,0.0,1.0,0.0,7.753671120055269
22.23,29.87,1.0,0.0,0.0,1.0,0.0,2.4551329341770964
15.43,31.59,0.0,0.0,1.0,1.0,0.0,4.273432535855599
25.67,28.55,1.0,0.0,0.0,1.0,0.0,2.437765286121071
23.08,23.6,0.0,0.0,1.0,1.0,0.0,4.248638801248515
26.55,27.13,1.0,0.0,0.0,1.0,0.0,8.356302623961227
24.08,30.02,1.0,0.0,0.0,1.0,0.0,5.63440389626088
26.14,28.73,0.0,0.0,1.0,1.0,0.0,4.299311014378476
14.93,26.83,1.0,0.0,0.0,1.0,0.0,6.607279051716044
32.17,24.33,1.0,0.0,0.0,1.0,0.0,4.249076633786182
23.94,28.71,1.0,0.0,0.0,1.0,0.0,8.13940473561435
40.32,25.32,1.0,0.0,0.0,1.0,0.0,8.300077811911152
24.24,30.03,0.0,0.0,1.0,0.0,1.0,4.299311014378476
18.34,27.55,0.0,1.0,0.0,0.0,1.0,2.4828948896208174
21.26,25.18,1.0,0.0,0.0,1.0,0.0,6.645672953598572
23.93,26.9,1.0,0.0,0.0,1.0,0.0,0.9573427301003167
24.4,26.52,1.0,0.0,0.0,1.0,0.0,1.7024466169035557
21.55,21.54,1.0,0.0,0.0,1.0,0.0,8.217840041987156
22.75,29.62,1.0,0.0,0.0,1.0,0.0,4.980678033594213
23.25,28.58,0.0,0.0,1.0,1.0,0.0,4.360297263304077
16.92,30.33,0.0,0.0,1.0,1.0,0.0,4.236347419381962
19.23,23.48,1.0,0.0,0.0,1.0,0.0,8.341987052291799
32.19,17.02,0.0,0.0,1.0,1.0,0.0,5.2882360802636645
39.4,21.01,1.0,0.0,0.0,1.0,0.0,8.617271712664287
27.41,27.85,0.0,0.0,1.0,1.0,0.0,4.193948519930213
22.3,20.49,1.0,0.0,0.0,1.0,0.0,4.646803071307311
22.26,30.61,1.0,0.0,0.0,1.0,0.0,5.898415778833264
36.37,27.99,1.0,0.0,0.0,1.0,0.0,8.625734049154547
24.75,26.57,1.0,0.0,0.0,1.0,0.0,6.282774730699714
34.2,28.58,1.0,0.0,0.0,1.0,0.0,7.241155323982755
18.47,24.06,1.0,0.0,0.0,1.0,0.0,1.3665530686471425
24.53,28.51,1.0,0.0,0.0,1.0,0.0,4.433883707830631
22.36,28.16,1.0,0.0,0.0,1.0,0.0,6.579345802398442
26.63,25.55,0.0,0.0,1.0,1.0,0.0,5.092222152791469
29.63,19.77,1.0,0.0,0.0,1.0,0.0,6.175269181672418
17.26,23.4,1.0,0.0,0.0,1.0,0.0,1.330824503380815
26.99,32.8,1.0,0.0,0.0,1.0,0.0,6.52131940483833
26.69,29.0,1.0,0.0,0.0,1.0,0.0,8.470307084076905
27.79,17.81,1.0,0.0,0.0,1.0,0.0,8.774462085470617
22.23,20.65,1.0,0.0,0.0,1.0,0.0,1.2482077361994188
30.95,26.31,1.0,0.0,0.0,1.0,0.0,6.27159429238023
23.34,19.8,1.0,0.0,0.0,1.0,0.0,8.471287396676852
27.45,31.52,1.0,0.0,0.0,1.0,0.0,5.9436897916883265
11.93,27.9,1.0,0.0,0.0,1.0,0.0,9.124893535532165
26.06,29.72,1.0,0.0,0.0,1.0,0.0,5.522276788009226
23.5,27.82,1.0,0.0,0.0,1.0,0.0,5.950664606098128
31.3,19.41,0.0,0.0,1.0,1.0,0.0,5.172207176664118
30.55,34.26,1.0,0.0,0.0,1.0,0.0,6.518245888883856
18.97,22.81,1.0,0.0,0.0,1.0,0.0,0.9413516688994779
25.24,27.42,1.0,0.0,0.0,1.0,0.0,4.418204912692571
34.24,18.39,1.0,0.0,0.0,1.0,0.0,5.816745620286123
29.46,25.09,1.0,0.0,0.0,1.0,0.0,6.522951354357836
38.25,15.88,1.0,0.0,0.0,1.0,0.0,8.030549741268421
26.39,27.08,0.0,0.0,1.0,0.0,1.0,4.2060436499403355
26.46,17.9,1.0,0.0,0.0,1.0,0.0,8.705223425573276
22.77,23.2,1.0,0.0,0.0,1.0,0.0,11.939164044189091
16.06,28.38,1.0,0.0,0.0,1.0,0.0,2.487273120558031
23.21,19.93,1.0,0.0,0.0,1.0,0.0,4.401264292062347
30.87,26.31,0.0,0.0,1.0,1.0,0.0,4.28771536809394
22.91,27.12,1.0,0.0,0.0,1.0,0.0,3.0432819902412884
26.21,31.19,1.0,0.0,0.0,1.0,0.0,5.3065219246541835
21.03,30.65,1.0,0.0,0.0,1.0,0.0,4.980682892020249
18.02,26.29,1.0,0.0,0.0,1.0,0.0,2.4830242554308875
19.96,28.32,1.0,0.0,0.0,1.0,0.0,4.317717596851583
23.1,29.27,1.0,0.0,0.0,1.0,0.0,2.437580381681337
22.42,30.39,0.0,0.0,1.0,1.0,0.0,4.381301277634962
23.58,29.39,1.0,0.0,0.0,1.0,0.0,4.251218084609729
27.11,18.55,1.0,0.0,0.0,1.0,0.0,8.619881611247086
29.87,26.76,1.0,0.0,0.0,1.0,0.0,2.4479731063093513
23.63,31.88,1.0,0.0,0.0,1.0,0.0,6.264825095847579
24.89,29.19,1.0,0.0,0.0,1.0,0.0,5.677183397208406
13.05,28.52,0.0,1.0,0.0,0.0,1.0,2.4759324394228175
30.44,17.59,1.0,0.0,0.0,1.0,0.0,7.086456472131177
29.08,18.0,1.0,0.0,0.0,1.0,0.0,8.710272065063263
20.5,22.41,1.0,0.0,0.0,1.0,0.0,3.9794078196987575
25.04,18.81,1.0,0.0,0.0,1.0,0.0,8.703549311759788
28.35,18.62,0.0,0.0,1.0,1.0,0.0,4.424562608976522
33.08,17.13,1.0,0.0,0.0,1.0,0.0,8.366172191839818
27.77,30.95,1.0,0.0,0.0,1.0,0.0,4.300105722897247
24.6,22.93,0.0,0.0,1.0,1.0,0.0,4.701300483787017
21.03,30.52,1.0,0.0,0.0,1.0,0.0,2.4764592140136967
46.41,34.43,1.0,0.0,0.0,1.0,0.0,6.124952638672744
25.0,28.08,1.0,0.0,0.0,1.0,0.0,8.322725324206791
26.17,25.92,1.0,0.0,0.0,1.0,0.0,0.9549451214631507
28.85,24.18,0.0,0.0,1.0,1.0,0.0,5.135803131791439
27.16,26.57,1.0,0.0,0.0,1.0,0.0,6.560342154787655
21.97,36.8,1.0,0.0,0.0,1.0,0.0,6.710446581546701
21.17,31.34,0.0,0.0,1.0,0.0,1.0,4.299311014378476
20.42,28.93,1.0,0.0,0.0,1.0,0.0,6.666902747889436
30.22,33.79,1.0,0.0,0.0,1.0,0.0,4.817374480779288
31.91,24.4,1.0,0.0,0.0,1.0,0.0,8.842897895520489
29.6,25.02,1.0,0.0,0.0,1.0,0.0,4.28771536809394
28.46,19.31,1.0,0.0,0.0,1.0,0.0,8.70632842468188
17.05,35.45,1.0,0.0,0.0,1.0,0.0,4.231258683636566
17.17,28.28,0.0,0.0,1.0,1.0,0.0,4.28957572530282
15.95,27.21,1.0,0.0,0.0,1.0,0.0,4.361108995311574
21.2,20.38,1.0,0.0,0.0,1.0,0.0,0.9700449888558156
27.19,31.08,1.0,0.0,0.0,1.0,0.0,4.300105722897247
7.43,32.96,1.0,0.0,0.0,1.0,0.0,0.6104578933352918
14.62,26.81,0.0,1.0,0.0,0.0,1.0,2.4889155508028304
28.84,28.24,0.0,0.0,1.0,1.0,0.0,4.265788710189831
19.49,30.3,1.0,0.0,0.0,1.0,0.0,6.6042087257585935
27.65,28.34,1.0,0.0,0.0,1.0,0.0,6.8013922482159925
22.39,29.78,1.0,0.0,0.0,1.0,0.0,8.796100580835212
20.53,29.5,1.0,0.0,0.0,1.0,0.0,1.7024466169035557
27.64,26.7,1.0,0.0,0.0,1.0,0.0,8.459746711422536
26.37,26.96,1.0,0.0,0.0,1.0,0.0,1.3013514582076087
42.79,24.72,1.0,0.0,0.0,1.0,0.0,8.709626863255494
12.51,28.3,0.0,1.0,0.0,0.0,1.0,2.5052080223750766
35.53,27.0,1.0,0.0,0.0,1.0,0.0,7.07943885798835
22.99,21.98,1.0,0.0,0.0,1.0,0.0,9.356798876178988
23.7,34.53,1.0,0.0,0.0,1.0,0.0,6.409845931939822
22.75,24.15,1.0,0.0,0.0,1.0,0.0,9.07437655216588
15.83,26.1,1.0,0.0,0.0,1.0,0.0,9.127064831164638
33.87,14.93,1.0,0.0,0.0,1.0,0.0,8.791871753466769
21.67,22.51,1.0,0.0,0.0,1.0,0.0,6.097502116006901
11.53,30.82,1.0,0.0,0.0,1.0,0.0,2.5035153523490816
20.16,27.01,1.0,0.0,0.0,1.0,0.0,4.26918498022832
23.2,22.26,1.0,0.0,0.0,1.0,0.0,7.694795511698845
24.43,19.59,0.0,1.0,0.0,0.0,1.0,0.8544368123492884
25.36,32.32,1.0,0.0,0.0,1.0,0.0,6.56450789153818
28.58,24.83,1.0,0.0,0.0,1.0,0.0,1.3665530686471425
22.38,29.61,1.0,0.0,0.0,1.0,0.0,6.792224197420779
19.41,32.09,1.0,0.0,0.0,1.0,0.0,8.465372566687908
20.29,22.29,1.0,0.0,0.0,1.0,0.0,8.824932139460234
16.24,26.13,1.0,0.0,0.0,1.0,0.0,4.0435706353934675
11.75,31.06,1.0,0.0,0.0,1.0,0.0,9.39296686120297
17.28,28.1,0.0,0.0,1.0,1.0,0.0,4.282118829333696
19.71,29.69,1.0,0.0,0.0,1.0,0.0,6.672032931867044
15.16,28.82,0.0,1.0,0.0,0.0,1.0,2.4777659152943277
23.2,29.13,0.0,1.0,0.0,0.0,1.0,2.493664583496702
35.29,29.84,1.0,0.0,0.0,1.0,0.0,6.412230420740351
17.56,24.26,1.0,0.0,0.0,1.0,0.0,8.117926272483137
24.91,26.66,1.0,0.0,0.0,1.0,0.0,4.277310888567209
19.9,31.37,0.0,1.0,0.0,0.0,1.0,2.4465035855923394
20.98,21.84,1.0,0.0,0.0,1.0,0.0,5.9100868456913425
25.41,32.61,0.0,0.0,1.0,1.0,0.0,4.299311014378476
28.65,27.71,1.0,0.0,0.0,1.0,0.0,6.264026052895261
25.8,26.93,1.0,0.0,0.0,1.0,0.0,4.28771536809394
21.79,30.12,0.0,0.0,1.0,1.0,0.0,4.430337136542927
14.4,27.33,0.0,1.0,0.0,0.0,1.0,2.494790421155202
23.04,30.0,0.0,1.0,0.0,0.0,1.0,2.4709502803082173
27.59,31.26,1.0,0.0,0.0,1.0,0.0,6.411791219238184
17.51,24.1,1.0,0.0,0.0,1.0,0.0,1.2482077361994188
21.09,29.91,1.0,0.0,0.0,1.0,0.0,4.119891923004261
29.16,18.57,1.0,0.0,0.0,1.0,0.0,6.438121883030612
31.34,27.42,1.0,0.0,0.0,1.0,0.0,7.158315998586691
16.14,28.0,1.0,0.0,0.0,1.0,0.0,4.228915517205594
20.17,22.01,1.0,0.0,0.0,1.0,0.0,8.60535286626729
21.5,34.81,1.0,0.0,0.0,1.0,0.0,3.947739491481124
27.23,26.84,1.0,0.0,0.0,1.0,0.0,6.544661577916248
25.8,19.26,1.0,0.0,0.0,1.0,0.0,6.547783120024004
27.05,18.02,1.0,0.0,0.0,1.0,0.0,8.207625292963947
23.64,30.59,1.0,0.0,0.0,1.0,0.0,5.522276788009226
28.16,26.88,1.0,0.0,0.0,1.0,0.0,2.4479731063093513
31.45,24.54,1.0,0.0,0.0,1.0,0.0,6.79790902191035
27.03,24.66,1.0,0.0,0.0,1.0,0.0,9.896323205185846
22.09,29.34,1.0,0.0,0.0,1.0,0.0,8.145051174113231
24.27,30.1,1.0,0.0,0.0,1.0,0.0,2.439796282498486
42.42,25.03,1.0,0.0,0.0,1.0,0.0,8.803599300061284
25.71,19.54,1.0,0.0,0.0,1.0,0.0,6.438121883030612
23.18,34.23,1.0,0.0,0.0,1.0,0.0,4.251753312824076
31.38,17.49,0.0,0.0,1.0,1.0,0.0,5.469006401269773
32.5,17.73,1.0,0.0,0.0,1.0,0.0,6.275066589839928
28.85,18.81,1.0,0.0,0.0,1.0,0.0,7.093510486973756
27.47,25.37,1.0,0.0,0.0,1.0,0.0,1.0185973013693366
23.14,22.44,1.0,0.0,0.0,1.0,0.0,5.6431955569404995
24.78,28.95,1.0,0.0,0.0,1.0,0.0,6.663187740965783
15.64,29.45,1.0,0.0,0.0,1.0,0.0,5.030227438766142
24.0,30.48,1.0,0.0,0.0,1.0,0.0,6.580792045255045
39.05,24.7,0.0,0.0,1.0,1.0,0.0,4.28771536809394
17.95,30.74,1.0,0.0,0.0,1.0,0.0,2.437915975437635
14.24,26.83,1.0,0.0,0.0,1.0,0.0,4.189604804307758
16.94,32.29,1.0,0.0,0.0,1.0,0.0,9.141760013307398
24.04,33.52,1.0,0.0,0.0,1.0,0.0,6.675766763432172
26.18,20.08,1.0,0.0,0.0,1.0,0.0,6.524204234355284
17.27,23.34,1.0,0.0,0.0,1.0,0.0,1.0245442805077882
21.81,30.5,1.0,0.0,0.0,1.0,0.0,6.803407931014501
17.23,30.98,1.0,0.0,0.0,1.0,0.0,7.700925992138113
19.52,32.13,1.0,0.0,0.0,1.0,0.0,4.299311014378476
27.36,25.2,1.0,0.0,0.0,1.0,0.0,8.522224589857306
22.56,28.16,1.0,0.0,0.0,1.0,0.0,6.605824209146921
18.7,29.09,1.0,0.0,0.0,1.0,0.0,4.299311014378476
31.47,19.13,0.0,0.0,1.0,1.0,0.0,4.980682892020249
39.61,21.92,1.0,0.0,0.0,1.0,0.0,8.256721073977088
26.38,20.4,1.0,0.0,0.0,1.0,0.0,8.132179056500533
31.63,24.34,1.0,0.0,0.0,1.0,0.0,8.545425476578462
19.41,23.53,1.0,0.0,0.0,1.0,0.0,8.584249000727375
27.69,17.58,1.0,0.0,0.0,1.0,0.0,8.656443995314701
32.97,17.01,1.0,0.0,0.0,1.0,0.0,6.441640459394303
19.85,32.04,0.0,0.0,1.0,1.0,0.0,4.451453717085941
25.58,21.59,1.0,0.0,0.0,1.0,0.0,8.32291078185192
25.49,21.48,1.0,0.0,0.0,1.0,0.0,7.7656064332862575
27.88,17.34,1.0,0.0,0.0,1.0,0.0,0.9878965876500789
25.44,28.15,1.0,0.0,0.0,1.0,0.0,5.845026050950144
16.79,27.35,0.0,1.0,0.0,0.0,1.0,2.474811995647094
36.44,26.08,1.0,0.0,0.0,1.0,0.0,7.091138861328596
27.16,26.71,0.0,0.0,1.0,0.0,1.0,4.2060436499403355
27.41,17.08,1.0,0.0,0.0,1.0,0.0,4.4561857035508865
26.28,18.88,1.0,0.0,0.0,1.0,0.0,7.832535131591042
22.63,19.47,1.0,0.0,0.0,1.0,0.0,1.311578665701103
24.13,34.4,1.0,0.0,0.0,1.0,0.0,6.5207525554116925
30.14,17.14,1.0,0.0,0.0,1.0,0.0,6.485727398364374
18.24,30.67,0.0,1.0,0.0,0.0,1.0,2.4420695823625125
26.23,30.92,1.0,0.0,0.0,1.0,0.0,6.411791219238184
28.09,30.48,0.0,0.0,1.0,1.0,0.0,4.300105722897247
34.04,16.66,1.0,0.0,0.0,1.0,0.0,8.847778569420747
28.33,18.28,0.0,0.0,1.0,1.0,0.0,4.432765489204429
14.17,34.24,1.0,0.0,0.0,1.0,0.0,7.734940705582633
25.56,29.2,1.0,0.0,0.0,1.0,0.0,2.437922808368058
22.91,31.86,0.0,0.0,1.0,1.0,0.0,4.300105722897247
42.1,24.5,1.0,0.0,0.0,1.0,0.0,8.716585121624092
29.06,27.33,1.0,0.0,0.0,1.0,0.0,6.343331904226034
22.51,28.46,1.0,0.0,0.0,1.0,0.0,6.592049914149306
21.82,19.14,1.0,0.0,0.0,1.0,0.0,4.242253207903859
20.96,37.01,1.0,0.0,0.0,1.0,0.0,7.555779316550791
17.5,28.95,1.0,0.0,0.0,1.0,0.0,4.345641550072273
14.84,35.66,1.0,0.0,0.0,1.0,0.0,8.226157294328603
25.02,29.03,1.0,0.0,0.0,1.0,0.0,6.77650625695641
25.58,19.26,1.0,0.0,0.0,1.0,0.0,8.82070012699432
29.25,32.5,1.0,0.0,0.0,1.0,0.0,6.5175632190724135
23.53,29.01,1.0,0.0,0.0,1.0,0.0,8.488826879756001
14.66,37.87,1.0,0.0,0.0,1.0,0.0,4.28771536809394
20.91,30.78,0.0,0.0,1.0,1.0,0.0,4.299311014378476
26.32,31.81,1.0,0.0,0.0,1.0,0.0,4.303785625823179
26.47,25.49,1.0,0.0,0.0,1.0,0.0,8.54227795345472
33.09,17.25,1.0,0.0,0.0,1.0,0.0,5.555341109225332
21.05,28.67,1.0,0.0,0.0,1.0,0.0,6.608611019031608
24.74,32.79,1.0,0.0,0.0,1.0,0.0,6.878414954283172
20.96,30.74,1.0,0.0,0.0,1.0,0.0,4.299311014378476
29.37,26.67,0.0,0.0,1.0,1.0,0.0,4.28771536809394
9.37,31.23,1.0,0.0,0.0,1.0,0.0,0.5936157067044184
20.87,31.86,0.0,0.0,1.0,0.0,1.0,4.299311014378476
17.32,34.33,1.0,0.0,0.0,1.0,0.0,4.28771536809394
16.25,25.72,1.0,0.0,0.0,1.0,0.0,2.4931364415905515
25.69,18.76,1.0,0.0,0.0,1.0,0.0,6.539217865346371
37.97,21.57,1.0,0.0,0.0,1.0,0.0,8.623541766563514
34.32,29.84,0.0,0.0,1.0,1.0,0.0,4.300105722897247
19.59,24.51,1.0,0.0,0.0,1.0,0.0,6.515900345312368
28.77,17.89,0.0,0.0,1.0,1.0,0.0,4.483615894641238
31.53,29.85,1.0,0.0,0.0,1.0,0.0,8.866554404742915
25.19,30.02,1.0,0.0,0.0,1.0,0.0,8.787138760476282
29.7,18.69,1.0,0.0,0.0,1.0,0.0,6.444104625983609
30.68,29.52,1.0,0.0,0.0,1.0,0.0,6.347685831970539
25.81,30.58,0.0,0.0,1.0,1.0,0.0,4.300105722897247
32.31,29.42,0.0,0.0,1.0,1.0,0.0,4.300105722897247
27.98,32.94,1.0,0.0,0.0,1.0,0.0,6.402478377387044
29.05,26.96,1.0,0.0,0.0,1.0,0.0,8.417466645219127
23.19,31.14,1.0,0.0,0.0,1.0,0.0,4.514545400048423
28.93,17.79,0.0,0.0,1.0,1.0,0.0,4.844656218962263
28.91,19.08,1.0,0.0,0.0,1.0,0.0,8.429446253321004
35.95,26.69,0.0,0.0,1.0,1.0,0.0,4.300105722897247
19.54,22.5,1.0,0.0,0.0,1.0,0.0,1.2522246074569245
22.02,27.27,1.0,0.0,0.0,1.0,0.0,4.299311014378476
16.84,34.4,0.0,0.0,1.0,1.0,0.0,4.385952819165972
26.75,20.19,1.0,0.0,0.0,1.0,0.0,7.254971133476829
11.56,30.23,1.0,0.0,0.0,1.0,0.0,2.5065151553845553
34.73,18.75,1.0,0.0,0.0,1.0,0.0,8.572712399475451
25.5,25.84,1.0,0.0,0.0,1.0,0.0,4.642881880916882
35.09,25.4,0.0,0.0,1.0,1.0,0.0,4.28771536809394
22.24,30.22,1.0,0.0,0.0,1.0,0.0,4.08861115933385
18.29,30.91,0.0,1.0,0.0,0.0,1.0,4.299311014378476
21.13,29.84,1.0,0.0,0.0,1.0,0.0,6.1035726346341646
28.74,25.51,0.0,0.0,1.0,1.0,0.0,5.577683344240162
31.33,26.65,0.0,0.0,1.0,1.0,0.0,4.28771536809394
23.68,29.71,1.0,0.0,0.0,1.0,0.0,2.608059917676314
18.5,34.61,1.0,0.0,0.0,1.0,0.0,6.426224351670215
18.74,23.11,1.0,0.0,0.0,1.0,0.0,8.531650343802744
22.62,28.66,1.0,0.0,0.0,1.0,0.0,2.5553587044378094
20.87,29.3,1.0,0.0,0.0,1.0,0.0,4.245451012709614
18.37,31.49,1.0,0.0,0.0,1.0,0.0,1.3665530686471425
24.35,28.4,1.0,0.0,0.0,1.0,0.0,2.480199675780994
22.0,28.87,1.0,0.0,0.0,1.0,0.0,4.654019098500362
28.76,16.6,1.0,0.0,0.0,1.0,0.0,8.650011946250126
20.62,29.02,1.0,0.0,0.0,1.0,0.0,7.737500392351709
25.65,21.33,1.0,0.0,0.0,1.0,0.0,4.153342582300748
32.53,23.5,1.0,0.0,0.0,1.0,0.0,8.262651002920604
25.14,29.33,1.0,0.0,0.0,1.0,0.0,2.0762613257701727
30.57,16.6,1.0,0.0,0.0,1.0,0.0,6.48762412476481
28.95,27.04,1.0,0.0,0.0,1.0,0.0,2.43767283389454
27.72,27.17,1.0,0.0,0.0,1.0,0.0,2.4381077149824675
20.21,21.15,1.0,0.0,0.0,1.0,0.0,4.28938678852162
31.71,25.8,1.0,0.0,0.0,1.0,0.0,6.265285619272128
17.94,23.84,1.0,0.0,0.0,1.0,0.0,4.06204883842616
21.7,24.05,1.0,0.0,0.0,1.0,0.0,4.251821613991332
26.1,18.98,1.0,0.0,0.0,1.0,0.0,8.44972237575216
28.52,26.67,1.0,0.0,0.0,1.0,0.0,2.435854696609512
15.19,27.43,0.0,1.0,0.0,0.0,1.0,2.4853798324885723
18.17,32.07,0.0,1.0,0.0,0.0,1.0,2.436522341895424
29.83,29.6,1.0,0.0,0.0,1.0,0.0,6.675766763432172
23.64,20.69,1.0,0.0,0.0,1.0,0.0,8.859861828197603
32.68,29.79,1.0,0.0,0.0,1.0,0.0,3.108037517808854
24.77,29.08,0.0,0.0,1.0,1.0,0.0,4.2844303446956085
24.8,23.49,1.0,0.0,0.0,1.0,0.0,5.3028418136341395
23.04,29.16,0.0,0.0,1.0,1.0,0.0,4.237896897233636
24.45,21.41,1.0,0.0,0.0,1.0,0.0,6.305107843105346
29.14,28.11,1.0,0.0,0.0,1.0,0.0,7.121014896209241
22.6,34.21,1.0,0.0,0.0,1.0,0.0,6.476899155696066
22.07,30.93,0.0,0.0,1.0,0.0,1.0,4.299311014378476
21.53,20.53,1.0,0.0,0.0,1.0,0.0,1.0134247195338695
33.73,27.26,1.0,0.0,0.0,1.0,0.0,6.403885086120287
30.27,18.56,0.0,0.0,1.0,1.0,0.0,4.366712963996685
22.85,20.69,1.0,0.0,0.0,1.0,0.0,8.372783627966973
19.09,29.13,1.0,0.0,0.0,1.0,0.0,4.299311014378476
25.83,21.45,1.0,0.0,0.0,1.0,0.0,6.547680188960149
20.19,31.31,0.0,0.0,1.0,1.0,0.0,4.299311014378476
24.25,30.92,1.0,0.0,0.0,1.0,0.0,4.208162000012429
24.61,28.22,0.0,0.0,1.0,1.0,0.0,4.304478252203349
16.53,27.32,0.0,1.0,0.0,0.0,1.0,2.4888358965156985
21.08,21.09,1.0,0.0,0.0,1.0,0.0,8.31520178704568
21.08,27.77,0.0,1.0,0.0,0.0,1.0,2.5482831050995847
21.65,20.63,1.0,0.0,0.0,1.0,0.0,1.4874359203891137
28.12,27.18,1.0,0.0,0.0,1.0,0.0,6.585828455482282
38.19,15.84,1.0,0.0,0.0,1.0,0.0,8.146863768992695
22.02,29.2,1.0,0.0,0.0,1.0,0.0,8.145051174113231
18.51,31.52,0.0,1.0,0.0,0.0,1.0,2.4465035855923394
22.64,20.6,1.0,0.0,0.0,1.0,0.0,0.8910513500533466
24.89,18.12,1.0,0.0,0.0,1.0,0.0,0.9463120759908671
35.95,24.89,0.0,0.0,1.0,1.0,0.0,4.28771536809394
26.13,27.94,1.0,0.0,0.0,1.0,0.0,6.55541727234719
25.56,18.51,1.0,0.0,0.0,1.0,0.0,0.93615432569639
21.16,24.18,1.0,0.0,0.0,1.0,0.0,6.601068388319143
28.69,28.59,1.0,0.0,0.0,1.0,0.0,4.105971170199552
27.02,17.67,1.0,0.0,0.0,1.0,0.0,8.792008579833302
20.88,30.69,1.0,0.0,0.0,1.0,0.0,2.455793853215426
31.85,25.63,1.0,0.0,0.0,1.0,0.0,0.8562248341397158
29.29,23.87,0.0,0.0,1.0,1.0,0.0,4.980678033594213
21.8,20.75,1.0,0.0,0.0,1.0,0.0,0.8706892976133438
19.84,30.81,0.0,0.0,1.0,1.0,0.0,4.2539298328151816
24.11,27.27,1.0,0.0,0.0,1.0,0.0,4.243640416885581
33.62,24.39,1.0,0.0,0.0,1.0,0.0,6.586814313974774
20.63,29.21,1.0,0.0,0.0,1.0,0.0,4.258590725522377
29.72,18.7,1.0,0.0,0.0,1.0,0.0,7.161859624989943
20.97,28.37,1.0,0.0,0.0,1.0,0.0,8.299570220708905
18.64,32.49,0.0,1.0,0.0,0.0,1.0,4.299311014378476
37.64,26.54,1.0,0.0,0.0,1.0,0.0,8.833187174411245
21.84,20.28,1.0,0.0,0.0,1.0,0.0,0.8955555156485658
30.09,26.29,1.0,0.0,0.0,1.0,0.0,4.299585940551366
31.53,14.9,1.0,0.0,0.0,1.0,0.0,4.500532125626633
21.46,30.49,0.0,0.0,1.0,1.0,0.0,4.430232875114024
24.98,27.23,1.0,0.0,0.0,1.0,0.0,6.529407334760326
28.33,19.06,1.0,0.0,0.0,1.0,0.0,6.9716074055777595
22.65,22.14,1.0,0.0,0.0,1.0,0.0,5.298157447850889
24.97,27.32,0.0,0.0,1.0,1.0,0.0,5.35295420014461
29.54,29.76,1.0,0.0,0.0,1.0,0.0,7.11573820884339
15.06,30.66,1.0,0.0,0.0,1.0,0.0,2.5145460453645554
22.55,20.13,1.0,0.0,0.0,1.0,0.0,0.9316159808879092
22.62,20.51,1.0,0.0,0.0,1.0,0.0,4.233426444572955
28.22,28.7,0.0,0.0,1.0,1.0,0.0,4.265788710189831
25.07,18.74,1.0,0.0,0.0,1.0,0.0,7.687156947840203
17.99,23.11,1.0,0.0,0.0,1.0,0.0,4.427880182933282
24.32,27.85,1.0,0.0,0.0,1.0,0.0,8.4654020514402
21.4,28.72,0.0,1.0,0.0,0.0,1.0,2.440008351355948
16.62,31.46,1.0,0.0,0.0,1.0,0.0,0.6091924876900585
24.21,29.4,0.0,0.0,1.0,0.0,1.0,4.299311014378476
22.5,30.43,0.0,0.0,1.0,1.0,0.0,4.238238936925824
16.57,27.32,1.0,0.0,0.0,1.0,0.0,4.2972144683442535
24.94,20.12,1.0,0.0,0.0,1.0,0.0,8.35274726115589
25.75,19.41,0.0,1.0,0.0,0.0,1.0,0.8782767671678249
27.65,31.1,1.0,0.0,0.0,1.0,0.0,4.300105722897247
48.06,22.63,1.0,0.0,0.0,1.0,0.0,8.82723872335201
9.56,33.9,0.0,1.0,0.0,0.0,1.0,2.5065077414977264
30.53,18.07,1.0,0.0,0.0,1.0,0.0,5.660635307390212
42.4,26.18,1.0,0.0,0.0,1.0,0.0,8.702480147075374
9.0,32.32,0.0,1.0,0.0,0.0,1.0,2.5054938475161364
34.12,17.3,1.0,0.0,0.0,1.0,0.0,6.340083958370855
34.09,20.22,1.0,0.0,0.0,1.0,0.0,6.580792045255045
25.25,26.72,1.0,0.0,0.0,1.0,0.0,6.503064219608818
29.96,26.84,1.0,0.0,0.0,1.0,0.0,6.284692560876236
35.59,26.4,1.0,0.0,0.0,1.0,0.0,7.011185330983967
33.91,26.73,0.0,0.0,1.0,1.0,0.0,4.300105722897247
22.61,27.13,1.0,0.0,0.0,1.0,0.0,4.299311014378476
27.38,23.58,0.0,0.0,1.0,1.0,0.0,4.980682892020249
23.04,28.13,1.0,0.0,0.0,1.0,0.0,4.180845640040477
27.83,28.51,1.0,0.0,0.0,1.0,0.0,5.58511394811563
20.73,29.12,1.0,0.0,0.0,1.0,0.0,4.265788710189831
28.01,17.79,1.0,0.0,0.0,1.0,0.0,8.780470925336765
25.01,26.82,1.0,0.0,0.0,1.0,0.0,8.532539645022595
24.48,29.05,1.0,0.0,0.0,1.0,0.0,6.287271366302201
19.33,30.53,1.0,0.0,0.0,1.0,0.0,1.4368161636323353
54.13,20.42,1.0,0.0,0.0,1.0,0.0,8.792523460851957
29.17,25.92,1.0,0.0,0.0,1.0,0.0,5.782283656436032
27.77,19.31,0.0,0.0,1.0,1.0,0.0,5.144409476487237
36.6,15.84,1.0,0.0,0.0,1.0,0.0,6.512067601295515
28.26,27.09,1.0,0.0,0.0,1.0,0.0,6.234727972421402
30.53,25.44,1.0,0.0,0.0,1.0,0.0,6.6454307560153945
12.59,30.4,1.0,0.0,0.0,1.0,0.0,9.343751676048726
23.63,34.09,1.0,0.0,0.0,1.0,0.0,4.241237421633698
19.57,24.46,1.0,0.0,0.0,1.0,0.0,5.911807531090795
21.96,24.6,1.0,0.0,0.0,1.0,0.0,6.548014800128586
23.1,29.45,0.0,0.0,1.0,1.0,0.0,4.39725390866985
26.32,27.61,1.0,0.0,0.0,1.0,0.0,6.125103255599473
22.96,36.81,1.0,0.0,0.0,1.0,0.0,4.139151360905146
27.58,28.81,1.0,0.0,0.0,1.0,0.0,7.563648352095806
30.22,26.77,0.0,0.0,1.0,1.0,0.0,4.28771536809394
18.21,23.33,1.0,0.0,0.0,1.0,0.0,5.9143391726117285
23.52,27.75,1.0,0.0,0.0,1.0,0.0,6.587718143471933
20.98,26.39,1.0,0.0,0.0,1.0,0.0,6.789895139237745
23.86,28.2,1.0,0.0,0.0,1.0,0.0,4.258283529001764
20.67,31.93,0.0,0.0,1.0,0.0,1.0,4.299311014378476
19.85,29.94,1.0,0.0,0.0,1.0,0.0,4.25842578343285
28.34,32.82,1.0,0.0,0.0,1.0,0.0,6.7706554548835385
21.79,32.48,0.0,0.0,1.0,1.0,0.0,4.299311014378476
24.94,29.56,1.0,0.0,0.0,1.0,0.0,3.0265238551154225
27.15,20.57,1.0,0.0,0.0,1.0,0.0,5.321097617496404
16.76,28.53,1.0,0.0,0.0,1.0,0.0,2.271717311367355
28.88,29.66,1.0,0.0,0.0,1.0,0.0,6.675766763432172
34.35,17.67,1.0,0.0,0.0,1.0,0.0,5.957112389491585
20.63,28.37,0.0,1.0,0.0,0.0,1.0,2.5553587044378094
22.06,29.85,1.0,0.0,0.0,1.0,0.0,8.472949478206564
17.8,26.44,1.0,0.0,0.0,1.0,0.0,4.221773265250264
21.99,30.69,1.0,0.0,0.0,1.0,0.0,6.740494770239746
18.58,21.47,1.0,0.0,0.0,1.0,0.0,1.3665530686471425
17.21,26.75,1.0,0.0,0.0,1.0,0.0,4.406991936534646
32.02,16.95,1.0,0.0,0.0,1.0,0.0,8.749899058817626
35.51,19.92,1.0,0.0,0.0,1.0,0.0,4.216399277009299
31.82,29.7,1.0,0.0,0.0,1.0,0.0,8.850026076685566
16.29,33.65,0.0,1.0,0.0,0.0,1.0,4.299311014378476
16.25,33.0,1.0,0.0,0.0,1.0,0.0,7.704849248353277
29.58,26.38,1.0,0.0,0.0,1.0,0.0,6.641543145250929
29.08,26.82,1.0,0.0,0.0,1.0,0.0,5.959024045451635
25.07,26.3,1.0,0.0,0.0,1.0,0.0,6.924740701470703
20.06,25.36,1.0,0.0,0.0,1.0,0.0,5.618051879380108
24.22,21.12,1.0,0.0,0.0,1.0,0.0,5.916198624147117
28.27,19.09,1.0,0.0,0.0,1.0,0.0,6.699721375520961
25.56,30.1,1.0,0.0,0.0,1.0,0.0,5.522276788009226
22.14,19.58,1.0,0.0,0.0,1.0,0.0,4.223187447275408
22.06,22.96,1.0,0.0,0.0,1.0,0.0,4.597832516296852
31.14,24.89,1.0,0.0,0.0,1.0,0.0,8.751848238588137
30.04,29.15,0.0,0.0,1.0,1.0,0.0,4.299311014378476
27.43,19.38,0.0,0.0,1.0,1.0,0.0,4.458559936111469
30.01,32.43,1.0,0.0,0.0,1.0,0.0,7.247544706976062
20.18,24.68,1.0,0.0,0.0,1.0,0.0,6.756557020288236
30.08,17.14,1.0,0.0,0.0,1.0,0.0,8.916103137426763
21.74,29.24,1.0,0.0,0.0,1.0,0.0,6.758163288093669
21.29,28.53,1.0,0.0,0.0,1.0,0.0,2.4439013698932412
25.63,27.08,1.0,0.0,0.0,1.0,0.0,8.354154509699626
23.76,27.69,0.0,0.0,1.0,1.0,0.0,4.584684488042544
13.46,31.28,0.0,1.0,0.0,0.0,1.0,2.4853372055570757
16.12,33.54,0.0,1.0,0.0,0.0,1.0,4.299311014378476
15.99,25.43,1.0,0.0,0.0,1.0,0.0,8.229082078360735
29.5,15.79,1.0,0.0,0.0,1.0,0.0,8.619458604238783
23.31,27.98,0.0,0.0,1.0,1.0,0.0,4.548558918070491
20.38,30.63,1.0,0.0,0.0,1.0,0.0,4.257952205412157
23.11,29.6,1.0,0.0,0.0,1.0,0.0,2.4398955204658472
18.61,30.09,1.0,0.0,0.0,1.0,0.0,1.4042847548579689
30.33,28.03,1.0,0.0,0.0,1.0,0.0,8.087893381731494
18.91,32.0,1.0,0.0,0.0,1.0,0.0,7.761835716639253
25.05,28.44,0.0,0.0,1.0,0.0,1.0,4.265788710189831
23.4,29.42,1.0,0.0,0.0,1.0,0.0,2.4398955204658472
19.55,22.07,1.0,0.0,0.0,1.0,0.0,4.421922468285882
25.46,26.64,0.0,0.0,1.0,1.0,0.0,4.813828796018897
11.42,32.68,0.0,1.0,0.0,0.0,1.0,2.479437057756346
19.54,29.28,1.0,0.0,0.0,1.0,0.0,4.299311014378476
33.6,16.57,1.0,0.0,0.0,1.0,0.0,8.678391273156056
23.15,30.1,1.0,0.0,0.0,1.0,0.0,4.28771536809394
22.76,20.24,1.0,0.0,0.0,1.0,0.0,8.780098523264328
16.82,24.59,1.0,0.0,0.0,1.0,0.0,4.209355327173636
16.22,33.69,0.0,1.0,0.0,0.0,1.0,4.299311014378476
25.08,27.35,0.0,0.0,1.0,1.0,0.0,5.286937599100786
23.51,20.33,1.0,0.0,0.0,1.0,0.0,8.191105736201544
17.82,26.42,1.0,0.0,0.0,1.0,0.0,2.484473039224269
24.83,27.26,0.0,0.0,1.0,1.0,0.0,5.231820553067207
36.74,22.3,1.0,0.0,0.0,1.0,0.0,8.587853394887066
17.13,25.33,1.0,0.0,0.0,1.0,0.0,8.228028644280322
30.02,31.33,1.0,0.0,0.0,1.0,0.0,6.411791219238184
20.29,23.15,1.0,0.0,0.0,1.0,0.0,4.226432185439245
16.29,27.3,0.0,1.0,0.0,0.0,1.0,2.4853798324885723
39.07,24.9,0.0,0.0,1.0,1.0,0.0,4.265788710189831
27.42,30.6,1.0,0.0,0.0,1.0,0.0,4.189202141760108
31.43,17.62,1.0,0.0,0.0,1.0,0.0,6.631246121951052
23.29,29.36,1.0,0.0,0.0,1.0,0.0,2.5471719596928564
27.86,18.39,1.0,0.0,0.0,1.0,0.0,8.6335319908826
34.47,22.57,1.0,0.0,0.0,1.0,0.0,8.821581197338011
19.84,23.15,1.0,0.0,0.0,1.0,0.0,6.579506306053246
13.69,30.75,1.0,0.0,0.0,1.0,0.0,2.428065177921014
11.94,28.23,1.0,0.0,0.0,1.0,0.0,0.6252707537748935
27.4,18.49,1.0,0.0,0.0,1.0,0.0,8.359408554907501
23.92,28.98,1.0,0.0,0.0,1.0,0.0,8.488826879756001
21.57,31.42,0.0,0.0,1.0,0.0,1.0,4.299311014378476
20.54,28.77,1.0,0.0,0.0,1.0,0.0,7.860128154470476
59.55,15.76,0.0,0.0,1.0,0.0,1.0,2.4352485138909366
32.18,28.6,1.0,0.0,0.0,1.0,0.0,7.172755290365877
19.45,24.44,1.0,0.0,0.0,1.0,0.0,6.7783529841797145
21.95,19.63,1.0,0.0,0.0,1.0,0.0,4.694615664822276
10.61,33.06,0.0,1.0,0.0,0.0,1.0,2.479437057756346
25.64,30.21,1.0,0.0,0.0,1.0,0.0,5.726082478905395
28.23,31.14,1.0,0.0,0.0,1.0,0.0,4.300105722897247
21.35,26.72,1.0,0.0,0.0,1.0,0.0,3.0059241240232306
29.19,25.32,0.0,0.0,1.0,0.0,1.0,4.2060436499403355
18.94,24.25,1.0,0.0,0.0,1.0,0.0,6.570131914647755
24.58,26.75,1.0,0.0,0.0,1.0,0.0,0.9655750556786995
32.16,18.03,0.0,0.0,1.0,1.0,0.0,5.6766807136247674
24.87,26.09,1.0,0.0,0.0,1.0,0.0,8.711534223381333
20.25,31.59,0.0,0.0,1.0,1.0,0.0,4.4007643582041265
26.67,18.85,1.0,0.0,0.0,1.0,0.0,7.23426469486806
32.4,20.22,0.0,0.0,1.0,1.0,0.0,4.980863115012409
24.81,31.85,1.0,0.0,0.0,1.0,0.0,6.265285619272128
27.72,26.39,1.0,0.0,0.0,1.0,0.0,6.803641229061044
22.35,28.46,0.0,1.0,0.0,0.0,1.0,2.4497425532016126
35.77,19.51,1.0,0.0,0.0,1.0,0.0,4.272612306614106
24.89,27.1,1.0,0.0,0.0,1.0,0.0,1.7024466169035557
27.04,30.34,1.0,0.0,0.0,1.0,0.0,1.5538392320635035
27.45,26.4,1.0,0.0,0.0,1.0,0.0,6.549526020772802
34.2,26.31,1.0,0.0,0.0,1.0,0.0,8.640704665023518
26.49,19.66,1.0,0.0,0.0,1.0,0.0,7.024942352685104
28.58,17.87,1.0,0.0,0.0,1.0,0.0,6.516202197889284
19.45,30.79,0.0,1.0,0.0,0.0,1.0,2.440008351355948
8.76,33.44,1.0,0.0,0.0,1.0,0.0,0.6074205584906643
21.77,20.7,1.0,0.0,0.0,1.0,0.0,8.374180415334678
27.73,19.05,1.0,0.0,0.0,1.0,0.0,6.022584558849895
16.25,27.3,0.0,1.0,0.0,0.0,1.0,2.4908204359461488
22.42,29.23,0.0,0.0,1.0,1.0,0.0,4.496597781928417
15.59,33.43,1.0,0.0,0.0,1.0,0.0,7.768931734498248
24.71,31.34,1.0,0.0,0.0,1.0,0.0,6.383321239984876
19.46,26.86,1.0,0.0,0.0,1.0,0.0,2.6321140300512083
25.16,18.81,1.0,0.0,0.0,1.0,0.0,1.973428423228714
31.93,26.22,0.0,0.0,1.0,1.0,0.0,4.28771536809394
26.07,17.94,1.0,0.0,0.0,1.0,0.0,4.1746636146235945
16.17,28.23,1.0,0.0,0.0,1.0,0.0,6.586814313974774
22.54,33.48,1.0,0.0,0.0,1.0,0.0,4.300105722897247
11.22,37.34,1.0,0.0,0.0,1.0,0.0,0.6031192573838099
28.07,31.13,1.0,0.0,0.0,1.0,0.0,4.300105722897247
30.13,23.92,0.0,0.0,1.0,0.0,1.0,4.265788710189831
21.59,33.76,1.0,0.0,0.0,1.0,0.0,5.532762961666477
20.69,30.77,0.0,0.0,1.0,1.0,0.0,4.265788710189831
39.96,26.93,1.0,0.0,0.0,1.0,0.0,8.628391311642726
30.35,24.98,1.0,0.0,0.0,1.0,0.0,4.342652039839143
33.32,28.71,1.0,0.0,0.0,1.0,0.0,8.699461972581652
36.44,30.0,1.0,0.0,0.0,1.0,0.0,7.643291467076153
15.45,35.89,1.0,0.0,0.0,1.0,0.0,4.28771536809394
35.29,20.73,1.0,0.0,0.0,1.0,0.0,6.600327486369048
23.6,29.21,0.0,0.0,1.0,1.0,0.0,5.741372316448428
31.18,18.3,1.0,0.0,0.0,1.0,0.0,5.875990598126534
23.47,19.92,1.0,0.0,0.0,1.0,0.0,8.835830502558803
41.71,23.96,0.0,0.0,1.0,1.0,0.0,4.300105722897247
17.13,23.77,1.0,0.0,0.0,1.0,0.0,4.0077983691782695
24.09,30.76,0.0,0.0,1.0,1.0,0.0,4.300105722897247
25.33,27.43,1.0,0.0,0.0,1.0,0.0,4.427871586465607
24.9,27.67,0.0,0.0,1.0,0.0,1.0,4.299311014378476
22.75,28.46,1.0,0.0,0.0,1.0,0.0,8.344943448223711
28.1,24.64,1.0,0.0,0.0,1.0,0.0,8.671936161333141
21.31,29.05,1.0,0.0,0.0,1.0,0.0,9.426532139796212
32.56,30.52,0.0,0.0,1.0,1.0,0.0,4.300105722897247
26.4,26.11,0.0,0.0,1.0,1.0,0.0,4.942627017210599
16.57,24.02,1.0,0.0,0.0,1.0,0.0,1.2565830279011139
27.3,24.15,1.0,0.0,0.0,1.0,0.0,4.508668378714924
19.71,24.28,1.0,0.0,0.0,1.0,0.0,4.16077589198121
22.38,30.58,0.0,0.0,1.0,0.0,1.0,4.299311014378476
16.99,25.58,1.0,0.0,0.0,1.0,0.0,6.47893774192849
24.78,21.95,1.0,0.0,0.0,1.0,0.0,6.627926866321747
29.35,16.76,1.0,0.0,0.0,1.0,0.0,8.2665755480635
26.59,19.42,1.0,0.0,0.0,1.0,0.0,8.811016957030366
25.39,35.9,1.0,0.0,0.0,1.0,0.0,4.265788710189831
32.03,26.26,0.0,0.0,1.0,1.0,0.0,4.28771536809394
23.74,22.52,1.0,0.0,0.0,1.0,0.0,5.324382023827578
14.77,30.36,1.0,0.0,0.0,1.0,0.0,2.4873701188043897
36.43,17.82,1.0,0.0,0.0,1.0,0.0,8.513963906254736
24.12,27.15,1.0,0.0,0.0,1.0,0.0,6.312046843187902
22.7,30.47,1.0,0.0,0.0,1.0,0.0,2.435854696609512
18.72,29.48,1.0,0.0,0.0,1.0,0.0,2.488747278481142
18.4,29.76,1.0,0.0,0.0,1.0,0.0,4.299311014378476
28.01,31.57,1.0,0.0,0.0,1.0,0.0,6.549634953392846
26.73,18.2,1.0,0.0,0.0,1.0,0.0,0.8888094414831992
25.34,20.39,1.0,0.0,0.0,1.0,0.0,7.817794007899528
22.19,27.39,0.0,1.0,0.0,0.0,1.0,2.5482831050995847
28.22,18.86,0.0,0.0,1.0,1.0,0.0,4.410098302504938
31.32,28.48,1.0,0.0,0.0,1.0,0.0,2.437915975437635
14.43,25.2,1.0,0.0,0.0,1.0,0.0,0.5284920569369496
13.64,37.09,1.0,0.0,0.0,1.0,0.0,8.792030903682548
30.63,18.4,1.0,0.0,0.0,1.0,0.0,5.4216448143783
17.52,25.16,1.0,0.0,0.0,1.0,0.0,9.394246495846017
21.78,28.47,1.0,0.0,0.0,1.0,0.0,9.132326916385564
24.5,18.91,1.0,0.0,0.0,1.0,0.0,0.8945302701511401
29.07,18.32,1.0,0.0,0.0,1.0,0.0,6.355977554118096
30.04,18.18,0.0,0.0,1.0,1.0,0.0,4.42134015687121
27.73,26.83,1.0,0.0,0.0,1.0,0.0,0.87246751243094
20.69,21.86,1.0,0.0,0.0,1.0,0.0,1.4441250434515547
23.05,31.62,1.0,0.0,0.0,1.0,0.0,6.55516867339915
21.61,28.84,1.0,0.0,0.0,1.0,0.0,0.8873331321493881
24.33,30.93,1.0,0.0,0.0,1.0,0.0,4.29684347546854
16.97,24.33,1.0,0.0,0.0,1.0,0.0,1.7032895232007952
32.32,16.7,1.0,0.0,0.0,1.0,0.0,8.200816332259938
31.88,25.38,1.0,0.0,0.0,1.0,0.0,4.28771536809394
26.32,19.08,1.0,0.0,0.0,1.0,0.0,8.433866807880763
28.59,27.6,1.0,0.0,0.0,1.0,0.0,6.347043449820485
29.26,17.22,1.0,0.0,0.0,1.0,0.0,8.92629780731391
20.12,23.24,1.0,0.0,0.0,1.0,0.0,8.353351519398707
13.46,27.77,0.0,1.0,0.0,0.0,1.0,2.5393272087510543
25.96,31.3,1.0,0.0,0.0,1.0,0.0,6.675766763432172
19.31,21.26,1.0,0.0,0.0,1.0,0.0,1.4441250434515547
26.85,33.32,1.0,0.0,0.0,1.0,0.0,7.152219663150689
26.2,20.27,1.0,0.0,0.0,1.0,0.0,6.562296603917224
22.36,19.6,1.0,0.0,0.0,1.0,0.0,4.119288580077649
24.11,29.67,1.0,0.0,0.0,1.0,0.0,5.753743343539508
31.44,26.05,0.0,0.0,1.0,1.0,0.0,4.28771536809394
29.66,27.03,1.0,0.0,0.0,1.0,0.0,4.084524954824451
17.42,22.96,1.0,0.0,0.0,1.0,0.0,4.438576511042627
29.62,26.62,1.0,0.0,0.0,1.0,0.0,8.20766328450925
21.82,28.85,1.0,0.0,0.0,1.0,0.0,0.8894497304558489
11.81,27.29,1.0,0.0,0.0,1.0,0.0,0.6136938506364713
26.42,33.94,1.0,0.0,0.0,1.0,0.0,6.4054388240623386
33.62,27.1,0.0,0.0,1.0,1.0,0.0,4.300105722897247
20.76,24.02,1.0,0.0,0.0,1.0,0.0,5.992090766823772
24.39,20.27,1.0,0.0,0.0,1.0,0.0,8.69744883854982
38.72,26.13,1.0,0.0,0.0,1.0,0.0,6.756277433678681
28.21,18.43,1.0,0.0,0.0,1.0,0.0,7.327224006904889
28.27,25.34,1.0,0.0,0.0,1.0,0.0,9.422926894659106
29.68,30.35,1.0,0.0,0.0,1.0,0.0,6.675766763432172
28.25,26.68,0.0,0.0,1.0,1.0,0.0,5.721465323515762
28.25,25.69,1.0,0.0,0.0,1.0,0.0,8.830515189748317
30.28,18.53,1.0,0.0,0.0,1.0,0.0,5.106907871071797
31.84,17.46,1.0,0.0,0.0,1.0,0.0,6.421856000878265
26.12,28.17,0.0,0.0,1.0,0.0,1.0,4.299311014378476
24.47,28.41,0.0,0.0,1.0,1.0,0.0,4.276787340997719
24.0,26.96,1.0,0.0,0.0,1.0,0.0,4.30140967135164
29.26,18.2,0.0,0.0,1.0,1.0,0.0,4.955587260852347
24.25,19.96,1.0,0.0,0.0,1.0,0.0,8.784877734456806
26.03,27.26,0.0,0.0,1.0,1.0,0.0,4.2385033602118645
28.58,30.96,1.0,0.0,0.0,1.0,0.0,4.300105722897247
25.68,30.85,1.0,0.0,0.0,1.0,0.0,6.675766763432172
22.28,28.27,1.0,0.0,0.0,1.0,0.0,4.710284807024245
31.23,18.19,1.0,0.0,0.0,1.0,0.0,6.637127561058453
24.7,30.02,1.0,0.0,0.0,1.0,0.0,5.522276788009226
29.22,24.69,0.0,0.0,1.0,1.0,0.0,5.303820792054388
20.09,31.86,1.0,0.0,0.0,1.0,0.0,4.299311014378476
19.75,33.87,1.0,0.0,0.0,1.0,0.0,4.4911214268876325
28.72,25.21,1.0,0.0,0.0,1.0,0.0,5.9249554952538315
23.92,28.69,1.0,0.0,0.0,1.0,0.0,6.5857871567096105
26.09,29.2,1.0,0.0,0.0,1.0,0.0,2.1471776287687407
20.31,30.11,1.0,0.0,0.0,1.0,0.0,6.59881492354684
29.45,18.48,1.0,0.0,0.0,1.0,0.0,9.679587511730144
27.6,19.48,0.0,0.0,1.0,1.0,0.0,4.798613865153992
29.13,26.57,1.0,0.0,0.0,1.0,0.0,4.28771536809394
26.37,27.94,0.0,0.0,1.0,1.0,0.0,4.23940050464768
20.55,20.72,1.0,0.0,0.0,1.0,0.0,0.8816190782095987
24.69,32.44,1.0,0.0,0.0,1.0,0.0,5.172495722031519
31.67,17.75,0.0,0.0,1.0,1.0,0.0,5.388075145351599
20.33,31.2,1.0,0.0,0.0,1.0,0.0,2.4799054583857236
21.02,20.62,1.0,0.0,0.0,1.0,0.0,0.9041998598435321
17.84,34.05,1.0,0.0,0.0,1.0,0.0,4.28771536809394
24.3,29.23,1.0,0.0,0.0,1.0,0.0,2.810637576335917
30.8,16.65,1.0,0.0,0.0,1.0,0.0,6.803827595150819
22.49,30.8,0.0,0.0,1.0,0.0,1.0,4.299311014378476
49.61,22.25,1.0,0.0,0.0,1.0,0.0,8.122978252304241
19.54,33.17,1.0,0.0,0.0,1.0,0.0,6.257175902761627
24.0,33.5,1.0,0.0,0.0,1.0,0.0,6.50689196332608
20.44,19.54,1.0,0.0,0.0,1.0,0.0,1.685359083842088
30.12,25.83,1.0,0.0,0.0,1.0,0.0,2.4479731063093513
20.76,31.01,1.0,0.0,0.0,1.0,0.0,4.299311014378476
20.38,23.35,1.0,0.0,0.0,1.0,0.0,9.081596986034056
17.91,23.59,1.0,0.0,0.0,1.0,0.0,6.60707014191675
27.41,19.18,1.0,0.0,0.0,1.0,0.0,7.236708513957573
22.2,21.16,1.0,0.0,0.0,1.0,0.0,7.7158789388216364
24.48,34.71,1.0,0.0,0.0,1.0,0.0,6.409845931939822
13.95,29.22,1.0,0.0,0.0,1.0,0.0,9.42014741732613
17.53,24.18,1.0,0.0,0.0,1.0,0.0,1.4368161636323353
24.69,28.51,0.0,0.0,1.0,0.0,1.0,4.2060436499403355
21.98,20.86,0.0,1.0,0.0,0.0,1.0,0.8290585817189698
