hum,tem,uv,part_of_day_Afternoon,part_of_day_Evening,part_of_day_Morning,Not rush hour,Rush hour,distance_to_airport
95,31,0,0.0,1.0,0.0,0.0,1.0,3.7737295465794447
81,35,0,1.0,0.0,0.0,1.0,0.0,3.0502234862932807
79,32,0,0.0,1.0,0.0,0.0,1.0,2.3346921777803034
83,29,0,0.0,0.0,1.0,0.0,1.0,4.180159479425937
71,31,0,0.0,1.0,0.0,0.0,1.0,5.154843335588184
62,28,0,0.0,0.0,1.0,0.0,1.0,2.7383525187545907
99,29,0,0.0,0.0,1.0,0.0,1.0,4.822717537516588
99,27,0,0.0,0.0,1.0,0.0,1.0,4.836197764161843
51,32,0,0.0,1.0,0.0,0.0,1.0,3.962929734109978
74,33,0,0.0,0.0,1.0,0.0,1.0,2.557241578883984
99,30,0,0.0,0.0,1.0,0.0,1.0,3.608761994851411
60,37,0,1.0,0.0,0.0,1.0,0.0,3.1953395680493086
72,32,0,0.0,1.0,0.0,0.0,1.0,4.89125107417914
99,30,0,0.0,0.0,1.0,0.0,1.0,3.8472851596376447
79,39,0,1.0,0.0,0.0,1.0,0.0,4.850081158582667
90,30,0,0.0,1.0,0.0,0.0,1.0,4.549679519496711
63,32,0,0.0,1.0,0.0,0.0,1.0,3.1255972537031638
73,39,0,1.0,0.0,0.0,1.0,0.0,2.4282391674622064
81,29,0,0.0,0.0,1.0,0.0,1.0,4.17901199032352
93,31,0,0.0,1.0,0.0,0.0,1.0,2.7339555825429964
99,30,0,0.0,0.0,1.0,0.0,1.0,5.063087469232562
99,28,0,0.0,0.0,1.0,0.0,1.0,5.115935345994402
85,29,0,0.0,0.0,1.0,0.0,1.0,4.652796936612021
99,31,0,0.0,0.0,1.0,0.0,1.0,4.792962921396364
96,31,0,0.0,1.0,0.0,0.0,1.0,3.732812822081096
72,39,1,1.0,0.0,0.0,1.0,0.0,2.9196063081967023
99,29,0,0.0,0.0,1.0,0.0,1.0,4.740876743372625
76,39,1,1.0,0.0,0.0,1.0,0.0,5.191638534420394
89,32,0,0.0,0.0,1.0,0.0,1.0,4.609400433381811
91,30,0,0.0,0.0,1.0,0.0,1.0,5.226928345109976
69,32,0,0.0,1.0,0.0,0.0,1.0,2.504657219382205
77,31,0,0.0,1.0,0.0,0.0,1.0,4.340987452665009
60,41,0,1.0,0.0,0.0,1.0,0.0,2.836202045799176
89,32,0,0.0,1.0,0.0,0.0,1.0,5.216858650294209
35,40,1,1.0,0.0,0.0,1.0,0.0,2.510349845115724
95,31,0,0.0,1.0,0.0,0.0,1.0,3.818107911832618
72,32,0,0.0,1.0,0.0,0.0,1.0,4.299655673524041
85,30,0,0.0,0.0,1.0,0.0,1.0,3.616134627236733
99,29,0,0.0,0.0,1.0,0.0,1.0,5.213408877201483
72,31,0,0.0,1.0,0.0,0.0,1.0,3.729153914079056
56,41,1,1.0,0.0,0.0,1.0,0.0,5.130805224804874
66,32,0,0.0,1.0,0.0,0.0,1.0,2.906520485043376
56,41,0,1.0,0.0,0.0,1.0,0.0,2.437660470899804
73,31,0,0.0,1.0,0.0,0.0,1.0,4.820070018891773
93,30,0,0.0,0.0,1.0,0.0,1.0,2.5581538958017447
96,32,0,0.0,0.0,1.0,0.0,1.0,2.2715389125895467
44,32,0,0.0,1.0,0.0,0.0,1.0,2.636286232368991
70,32,0,0.0,1.0,0.0,0.0,1.0,5.007748508980993
79,29,0,0.0,0.0,1.0,0.0,1.0,2.4083499296095288
71,30,0,0.0,1.0,0.0,0.0,1.0,3.896060978829439
64,33,0,0.0,1.0,0.0,0.0,1.0,2.3867920661869686
99,29,0,0.0,0.0,1.0,0.0,1.0,4.796345888139005
69,32,0,0.0,0.0,1.0,0.0,1.0,3.8767010062192213
71,31,0,0.0,1.0,0.0,0.0,1.0,4.374177855076006
72,31,0,0.0,1.0,0.0,0.0,1.0,3.404097412416136
71,31,0,0.0,1.0,0.0,0.0,1.0,3.7104354454140887
66,31,0,0.0,0.0,1.0,0.0,1.0,2.5571853874673085
99,29,0,0.0,0.0,1.0,0.0,1.0,4.733098806524545
83,32,0,0.0,1.0,0.0,0.0,1.0,4.8194373689611885
92,33,0,0.0,1.0,0.0,0.0,1.0,2.5772507065986305
91,32,0,0.0,1.0,0.0,0.0,1.0,3.6413733741282988
92,31,0,0.0,1.0,0.0,0.0,1.0,3.2317905034807253
69,29,0,0.0,0.0,1.0,0.0,1.0,2.9295749824062907
81,27,0,0.0,0.0,1.0,0.0,1.0,3.2462978215177234
55,41,1,1.0,0.0,0.0,1.0,0.0,4.878385496089728
77,39,1,1.0,0.0,0.0,1.0,0.0,4.825076343309335
99,31,0,0.0,0.0,1.0,0.0,1.0,5.232753735873224
48,31,0,0.0,1.0,0.0,0.0,1.0,4.290158290642348
71,31,0,0.0,1.0,0.0,0.0,1.0,4.061298460028843
89,32,0,0.0,1.0,0.0,0.0,1.0,4.377803716261286
85,29,0,0.0,0.0,1.0,0.0,1.0,3.6504769261823578
72,32,0,0.0,1.0,0.0,0.0,1.0,4.277310717599625
94,30,0,0.0,1.0,0.0,0.0,1.0,5.23015164412992
86,31,0,0.0,0.0,1.0,0.0,1.0,4.206059578630438
86,33,0,0.0,1.0,0.0,0.0,1.0,2.199364556868572
80,34,0,0.0,0.0,1.0,0.0,1.0,3.2424994213090597
69,41,1,1.0,0.0,0.0,1.0,0.0,3.365644160925652
79,35,0,1.0,0.0,0.0,1.0,0.0,2.2685947889588136
73,31,0,0.0,0.0,1.0,0.0,1.0,4.82845476145107
90,31,0,0.0,1.0,0.0,0.0,1.0,2.189695291065933
73,32,0,0.0,1.0,0.0,0.0,1.0,3.516094201796795
86,29,0,0.0,0.0,1.0,0.0,1.0,4.787988821663597
99,30,0,0.0,0.0,1.0,0.0,1.0,2.6099611788363903
79,30,0,0.0,0.0,1.0,0.0,1.0,3.6406295068503782
87,31,0,0.0,1.0,0.0,0.0,1.0,2.4157862389572595
75,31,0,0.0,1.0,0.0,0.0,1.0,2.5687168545124868
79,30,0,0.0,0.0,1.0,0.0,1.0,3.298639340138158
56,45,0,1.0,0.0,0.0,1.0,0.0,3.331550293045157
71,31,0,0.0,1.0,0.0,0.0,1.0,2.261012718310292
53,31,0,0.0,1.0,0.0,0.0,1.0,2.2524383588986785
55,45,0,1.0,0.0,0.0,1.0,0.0,2.2110343309361142
80,29,0,0.0,0.0,1.0,0.0,1.0,3.141209427398602
48,32,0,0.0,1.0,0.0,0.0,1.0,4.4372212846458
89,31,0,0.0,1.0,0.0,0.0,1.0,5.116332010813005
72,35,0,1.0,0.0,0.0,1.0,0.0,2.6246833040603663
54,41,0,1.0,0.0,0.0,1.0,0.0,2.2811925459516003
76,39,1,0.0,0.0,1.0,1.0,0.0,2.3809121777311213
50,43,0,1.0,0.0,0.0,1.0,0.0,3.5079525309060635
72,30,0,0.0,1.0,0.0,0.0,1.0,4.795951750741227
57,45,1,1.0,0.0,0.0,1.0,0.0,3.3936080242490236
87,31,0,0.0,0.0,1.0,0.0,1.0,2.4863173022810665
74,30,0,0.0,1.0,0.0,0.0,1.0,3.9738008926960133
70,29,0,0.0,0.0,1.0,0.0,1.0,3.869209310155063
61,39,0,1.0,0.0,0.0,1.0,0.0,2.624009620114764
79,30,0,0.0,0.0,1.0,0.0,1.0,2.2460127651390773
71,30,0,0.0,1.0,0.0,0.0,1.0,5.175775890205225
79,38,0,1.0,0.0,0.0,1.0,0.0,3.4399602753804785
72,36,0,1.0,0.0,0.0,1.0,0.0,3.4408596237454017
50,31,0,0.0,1.0,0.0,0.0,1.0,3.6057054522110055
99,31,0,0.0,0.0,1.0,0.0,1.0,2.6864207541594785
64,35,0,1.0,0.0,0.0,1.0,0.0,4.783730615865738
73,31,0,0.0,1.0,0.0,0.0,1.0,4.81948903355107
91,31,0,0.0,0.0,1.0,0.0,1.0,2.559053271251392
89,33,0,0.0,0.0,1.0,0.0,1.0,2.4965179465187366
61,39,0,1.0,0.0,0.0,1.0,0.0,2.3845784508917367
82,40,0,1.0,0.0,0.0,1.0,0.0,4.683013655943783
76,31,0,0.0,1.0,0.0,0.0,1.0,2.221091575586169
64,33,0,0.0,1.0,0.0,0.0,1.0,3.4012225823071547
64,33,0,0.0,1.0,0.0,0.0,1.0,3.3543269745026176
84,29,0,0.0,0.0,1.0,0.0,1.0,2.2557232320724565
64,40,0,1.0,0.0,0.0,1.0,0.0,3.2547714629594413
89,30,0,0.0,1.0,0.0,0.0,1.0,4.869501209450252
77,31,0,0.0,1.0,0.0,0.0,1.0,5.229193651054813
67,32,0,0.0,0.0,1.0,0.0,1.0,2.55434133408221
54,42,1,1.0,0.0,0.0,1.0,0.0,3.3305341792493097
42,31,0,0.0,1.0,0.0,0.0,1.0,3.086352844874208
79,30,0,0.0,0.0,1.0,0.0,1.0,4.246155564124639
58,37,0,1.0,0.0,0.0,1.0,0.0,2.884592579274566
59,36,0,1.0,0.0,0.0,1.0,0.0,4.586482559665504
94,31,0,0.0,0.0,1.0,0.0,1.0,2.5581952948983555
95,31,0,0.0,1.0,0.0,0.0,1.0,3.921725104171277
81,34,0,0.0,1.0,0.0,0.0,1.0,2.388848045809905
33,42,1,1.0,0.0,0.0,1.0,0.0,2.784837056630203
59,35,0,1.0,0.0,0.0,1.0,0.0,3.0900945955338592
99,31,0,0.0,0.0,1.0,0.0,1.0,4.217345359676183
72,32,0,0.0,1.0,0.0,0.0,1.0,2.283550234981145
76,37,0,1.0,0.0,0.0,1.0,0.0,4.559702157913956
44,32,0,0.0,1.0,0.0,0.0,1.0,2.5367010071715947
71,31,0,0.0,1.0,0.0,0.0,1.0,5.032228824856301
82,33,0,0.0,0.0,1.0,0.0,1.0,3.5250289016342022
92,31,0,0.0,1.0,0.0,0.0,1.0,3.4139334468178806
98,30,0,0.0,0.0,1.0,0.0,1.0,2.391799249254144
89,31,0,0.0,1.0,0.0,0.0,1.0,3.604837920339815
74,31,0,0.0,1.0,0.0,0.0,1.0,2.5277621855233847
48,31,0,0.0,1.0,0.0,0.0,1.0,4.548814629356957
71,30,0,0.0,1.0,0.0,0.0,1.0,2.9149847732574594
71,31,0,0.0,1.0,0.0,0.0,1.0,4.267912364442991
65,31,0,0.0,0.0,1.0,0.0,1.0,2.553483471797603
83,34,0,0.0,0.0,1.0,1.0,0.0,2.7335692022417937
84,32,0,0.0,0.0,1.0,0.0,1.0,2.5552392066380567
91,31,0,0.0,1.0,0.0,0.0,1.0,2.5493951299685293
96,29,0,0.0,0.0,1.0,0.0,1.0,2.6437709436614947
99,29,0,0.0,0.0,1.0,0.0,1.0,4.411198360367487
99,29,0,0.0,0.0,1.0,0.0,1.0,3.9873527054077114
48,31,0,0.0,1.0,0.0,0.0,1.0,5.0371849972397635
63,39,1,1.0,0.0,0.0,1.0,0.0,2.1991993637192873
62,32,0,0.0,1.0,0.0,0.0,1.0,2.7377763197530784
66,32,0,0.0,1.0,0.0,0.0,1.0,2.3874243745569608
57,37,0,1.0,0.0,0.0,1.0,0.0,2.9892484741681735
71,31,0,0.0,1.0,0.0,0.0,1.0,4.031602377314962
79,31,0,0.0,0.0,1.0,0.0,1.0,2.476635075465706
84,32,0,0.0,1.0,0.0,0.0,1.0,4.8416758116936895
76,31,0,0.0,1.0,0.0,0.0,1.0,2.225210770961518
66,36,0,1.0,0.0,0.0,1.0,0.0,5.160767791378205
85,33,0,0.0,1.0,0.0,0.0,1.0,4.442981257500196
57,42,1,1.0,0.0,0.0,1.0,0.0,4.387215296178118
79,31,0,0.0,0.0,1.0,0.0,1.0,2.2577466105287574
68,32,0,0.0,1.0,0.0,0.0,1.0,2.8289630258325573
85,32,0,0.0,1.0,0.0,0.0,1.0,2.2989805767657234
48,31,0,0.0,1.0,0.0,0.0,1.0,4.799462426372144
91,32,0,0.0,1.0,0.0,0.0,1.0,4.2695231290007785
33,40,1,0.0,0.0,1.0,1.0,0.0,2.1927667289685058
78,30,0,0.0,0.0,1.0,0.0,1.0,4.775004671931664
53,31,0,0.0,1.0,0.0,0.0,1.0,2.6812521771911966
51,42,1,1.0,0.0,0.0,1.0,0.0,3.7020350191968574
76,39,0,1.0,0.0,0.0,1.0,0.0,5.220077524747795
78,32,0,0.0,1.0,0.0,0.0,1.0,2.682861992292904
77,31,0,0.0,1.0,0.0,0.0,1.0,5.229235374559827
88,32,0,0.0,0.0,1.0,0.0,1.0,2.4672680777717897
76,31,0,0.0,1.0,0.0,0.0,1.0,2.228571792149089
79,31,0,0.0,1.0,0.0,0.0,1.0,4.6216224631861325
64,32,0,0.0,0.0,1.0,0.0,1.0,2.554044077928032
77,40,0,1.0,0.0,0.0,1.0,0.0,3.732082613914635
85,30,0,0.0,0.0,1.0,0.0,1.0,2.198061922218875
56,40,0,1.0,0.0,0.0,1.0,0.0,5.027048811237192
67,32,0,0.0,0.0,1.0,0.0,1.0,2.555907387247203
81,33,0,0.0,1.0,0.0,0.0,1.0,2.987237407522012
71,31,0,0.0,1.0,0.0,0.0,1.0,4.56010565927826
88,31,0,0.0,0.0,1.0,0.0,1.0,4.49296146312235
77,31,0,0.0,1.0,0.0,0.0,1.0,2.376533501134314
51,31,0,0.0,1.0,0.0,0.0,1.0,3.145719954125785
83,29,0,0.0,0.0,1.0,0.0,1.0,2.8875856804391007
70,32,0,0.0,1.0,0.0,0.0,1.0,3.6028226289043155
73,33,0,0.0,1.0,0.0,0.0,1.0,3.651442672360105
72,31,0,0.0,1.0,0.0,0.0,1.0,4.664251014868871
72,31,0,0.0,1.0,0.0,0.0,1.0,3.613265384266583
95,32,0,0.0,1.0,0.0,0.0,1.0,3.1200040944794667
84,33,0,0.0,1.0,0.0,0.0,1.0,2.2284744447044904
70,30,0,0.0,0.0,1.0,0.0,1.0,3.2153883045717966
73,34,0,1.0,0.0,0.0,1.0,0.0,2.2465597875395327
85,33,0,0.0,1.0,0.0,0.0,1.0,4.840147250728335
71,30,0,0.0,1.0,0.0,0.0,1.0,4.692293319488964
99,28,0,0.0,0.0,1.0,0.0,1.0,2.6588260276410387
93,31,0,0.0,1.0,0.0,0.0,1.0,2.9080072724575334
55,40,1,1.0,0.0,0.0,1.0,0.0,4.420589109371483
74,31,0,0.0,1.0,0.0,0.0,1.0,2.625560701844869
83,29,0,0.0,0.0,1.0,0.0,1.0,2.6681706872036357
85,34,0,1.0,0.0,0.0,1.0,0.0,4.571108687667669
72,41,0,1.0,0.0,0.0,1.0,0.0,3.965214072798144
53,31,0,0.0,1.0,0.0,0.0,1.0,2.2556042941455963
78,34,0,0.0,1.0,0.0,0.0,1.0,2.2836180134177635
74,30,0,0.0,1.0,0.0,0.0,1.0,4.988233554632179
63,32,0,0.0,1.0,0.0,0.0,1.0,2.237641109840452
49,42,1,1.0,0.0,0.0,1.0,0.0,3.8986327138414665
71,35,0,1.0,0.0,0.0,1.0,0.0,2.4159843565216725
83,30,0,0.0,0.0,1.0,0.0,1.0,4.806184248615763
77,31,0,0.0,1.0,0.0,0.0,1.0,2.9580338556400103
87,35,0,0.0,0.0,1.0,1.0,0.0,2.2396970282609407
86,30,0,0.0,1.0,0.0,0.0,1.0,4.811665216048472
49,31,0,0.0,1.0,0.0,0.0,1.0,4.814377527514812
89,30,0,0.0,0.0,1.0,0.0,1.0,3.4791855849434445
66,32,0,0.0,0.0,1.0,0.0,1.0,2.55584084688187
57,38,0,1.0,0.0,0.0,1.0,0.0,4.812783602858414
69,43,1,1.0,0.0,0.0,1.0,0.0,3.2689544057200357
58,37,0,1.0,0.0,0.0,1.0,0.0,4.36577960300135
89,32,0,0.0,1.0,0.0,0.0,1.0,3.565697094431717
97,28,0,0.0,0.0,1.0,0.0,1.0,3.0455401867930862
87,31,0,0.0,1.0,0.0,0.0,1.0,4.7906690098459785
74,31,0,0.0,0.0,1.0,0.0,1.0,2.2835256063611205
98,29,0,0.0,0.0,1.0,0.0,1.0,3.0348407869661336
76,31,0,0.0,1.0,0.0,0.0,1.0,4.229706745829442
99,28,0,0.0,0.0,1.0,0.0,1.0,3.887404041576666
45,37,0,0.0,0.0,1.0,1.0,0.0,2.5494528589390755
73,40,0,1.0,0.0,0.0,1.0,0.0,3.867158999247293
86,29,0,0.0,0.0,1.0,0.0,1.0,3.893104976838965
99,30,0,0.0,0.0,1.0,0.0,1.0,2.8332183665014665
52,31,0,0.0,1.0,0.0,0.0,1.0,3.0846165646299863
84,30,0,0.0,1.0,0.0,0.0,1.0,5.070806266581042
73,30,0,0.0,0.0,1.0,0.0,1.0,3.3643039677622357
99,30,0,0.0,0.0,1.0,0.0,1.0,2.6204447640724102
75,38,0,1.0,0.0,0.0,1.0,0.0,4.295159987240316
57,40,0,1.0,0.0,0.0,1.0,0.0,4.804524033942054
70,28,0,0.0,0.0,1.0,0.0,1.0,3.8582912629278714
71,31,0,0.0,1.0,0.0,0.0,1.0,4.810103020631303
89,31,0,0.0,0.0,1.0,0.0,1.0,3.4270128832294766
86,29,0,0.0,0.0,1.0,0.0,1.0,3.962350815993324
88,31,0,0.0,0.0,1.0,0.0,1.0,2.267823000772712
99,29,0,0.0,0.0,1.0,0.0,1.0,3.4977251532808973
69,29,0,0.0,0.0,1.0,0.0,1.0,3.9991317298604585
62,32,0,0.0,1.0,0.0,0.0,1.0,2.9099387791264064
99,27,0,0.0,0.0,1.0,0.0,1.0,4.845778041473698
96,30,0,0.0,1.0,0.0,0.0,1.0,3.4075784332227097
33,40,0,1.0,0.0,0.0,1.0,0.0,2.4230184362840763
74,30,0,0.0,1.0,0.0,0.0,1.0,2.3341033635438597
79,29,0,0.0,0.0,1.0,0.0,1.0,2.7794099340360567
61,42,0,1.0,0.0,0.0,1.0,0.0,2.5496459816357038
99,28,0,0.0,0.0,1.0,0.0,1.0,3.486231280456796
61,38,0,1.0,0.0,0.0,1.0,0.0,2.7121584622105264
97,30,0,0.0,0.0,1.0,0.0,1.0,4.803061319712986
71,34,0,0.0,0.0,1.0,1.0,0.0,3.0970564676735197
70,30,0,0.0,1.0,0.0,0.0,1.0,4.790386644581365
80,36,0,1.0,0.0,0.0,1.0,0.0,4.790943748465597
92,31,0,0.0,1.0,0.0,0.0,1.0,4.048658178873006
83,27,0,0.0,0.0,1.0,0.0,1.0,3.2463821350897217
85,29,0,0.0,0.0,1.0,0.0,1.0,2.363525844954841
81,29,0,0.0,0.0,1.0,0.0,1.0,4.54765008245087
99,28,0,0.0,0.0,1.0,0.0,1.0,4.358928714489188
75,30,0,0.0,0.0,1.0,0.0,1.0,4.7537254602809655
98,29,0,0.0,0.0,1.0,0.0,1.0,4.365575950672926
66,38,1,0.0,0.0,1.0,1.0,0.0,2.484959895037161
49,31,0,0.0,1.0,0.0,0.0,1.0,3.6239409756121432
78,31,0,0.0,1.0,0.0,0.0,1.0,3.699991059137005
64,31,0,0.0,0.0,1.0,0.0,1.0,2.554888259229191
58,37,0,1.0,0.0,0.0,1.0,0.0,3.3415975669213367
95,32,0,0.0,1.0,0.0,0.0,1.0,2.3978992179661027
99,30,0,0.0,0.0,1.0,0.0,1.0,4.379785241046772
90,31,0,0.0,1.0,0.0,0.0,1.0,2.246446034224025
99,29,0,0.0,0.0,1.0,0.0,1.0,2.2601289990460334
82,28,0,0.0,0.0,1.0,0.0,1.0,2.8847896315397823
78,30,0,0.0,0.0,1.0,0.0,1.0,5.181586363784354
86,30,0,0.0,0.0,1.0,0.0,1.0,4.862895258021722
72,33,0,0.0,0.0,1.0,1.0,0.0,3.381444579360318
63,33,0,0.0,1.0,0.0,0.0,1.0,2.255157760559539
72,34,0,1.0,0.0,0.0,1.0,0.0,2.181133793171155
68,34,0,0.0,0.0,1.0,0.0,1.0,2.5563144285227533
95,32,0,0.0,1.0,0.0,0.0,1.0,5.099326047638738
70,31,0,0.0,0.0,1.0,0.0,1.0,4.157906500349357
64,41,0,1.0,0.0,0.0,1.0,0.0,4.443933826041893
77,39,1,1.0,0.0,0.0,1.0,0.0,2.2506657994433703
80,29,0,0.0,0.0,1.0,0.0,1.0,3.444798428386919
77,38,0,1.0,0.0,0.0,1.0,0.0,4.649992694528068
69,40,1,1.0,0.0,0.0,1.0,0.0,4.258393961043104
54,39,1,1.0,0.0,0.0,1.0,0.0,2.697024753313844
64,37,0,1.0,0.0,0.0,1.0,0.0,4.8311698136524335
96,32,0,0.0,0.0,1.0,0.0,1.0,2.3359266615920378
95,31,0,0.0,1.0,0.0,0.0,1.0,3.2604854803599053
71,31,0,0.0,1.0,0.0,0.0,1.0,5.178053753071662
77,32,0,0.0,1.0,0.0,0.0,1.0,5.172863953926903
65,32,0,0.0,0.0,1.0,0.0,1.0,2.552372435930641
47,31,0,0.0,1.0,0.0,0.0,1.0,5.030876465684655
95,30,0,0.0,0.0,1.0,0.0,1.0,4.7020138749196025
70,30,0,0.0,1.0,0.0,0.0,1.0,4.8237492371813415
63,35,0,1.0,0.0,0.0,1.0,0.0,4.784331931747041
92,30,0,0.0,0.0,1.0,0.0,1.0,5.199616756565786
60,33,0,0.0,1.0,0.0,0.0,1.0,2.683886668224337
87,32,0,0.0,0.0,1.0,0.0,1.0,4.2969684791696965
87,30,0,0.0,0.0,1.0,0.0,1.0,4.8086520423264005
80,29,0,0.0,0.0,1.0,0.0,1.0,4.783366681418036
83,40,0,1.0,0.0,0.0,1.0,0.0,4.571342546819347
94,29,0,0.0,0.0,1.0,0.0,1.0,4.836175317536218
80,29,0,0.0,0.0,1.0,0.0,1.0,4.856503378892093
56,32,0,0.0,0.0,1.0,0.0,1.0,2.4200302538327736
72,36,0,1.0,0.0,0.0,1.0,0.0,2.401390589964428
69,35,0,1.0,0.0,0.0,1.0,0.0,4.802668812942387
77,32,0,0.0,1.0,0.0,0.0,1.0,3.2072248422921783
62,36,0,1.0,0.0,0.0,1.0,0.0,4.81100086572334
90,29,0,0.0,0.0,1.0,0.0,1.0,5.13926290763749
73,34,0,0.0,1.0,0.0,0.0,1.0,2.7490810266855044
83,31,0,0.0,0.0,1.0,0.0,1.0,2.556217845093661
83,32,0,0.0,1.0,0.0,0.0,1.0,4.156657381353663
62,32,0,0.0,1.0,0.0,0.0,1.0,2.2639689137211336
89,32,0,0.0,0.0,1.0,0.0,1.0,3.4133500613344028
80,30,0,0.0,0.0,1.0,0.0,1.0,4.7910038980017475
87,30,0,0.0,1.0,0.0,0.0,1.0,4.738724803445014
93,32,0,0.0,1.0,0.0,0.0,1.0,5.179465485381104
77,40,0,1.0,0.0,0.0,1.0,0.0,4.3148257766228335
96,31,0,0.0,1.0,0.0,0.0,1.0,2.8237357945384516
56,39,0,1.0,0.0,0.0,1.0,0.0,2.7576104724832664
99,29,0,0.0,0.0,1.0,0.0,1.0,3.730423663204712
55,42,1,1.0,0.0,0.0,1.0,0.0,2.7876845258435137
76,30,0,0.0,0.0,1.0,0.0,1.0,5.158887774475404
75,30,0,0.0,0.0,1.0,0.0,1.0,4.53024171762697
90,35,0,1.0,0.0,0.0,1.0,0.0,4.3913455362428975
90,31,0,0.0,0.0,1.0,0.0,1.0,3.7343576590835066
76,33,0,0.0,0.0,1.0,0.0,1.0,3.214397693257708
71,32,0,0.0,1.0,0.0,0.0,1.0,5.156526376489767
94,29,0,0.0,1.0,0.0,0.0,1.0,3.445014245034133
72,31,0,0.0,1.0,0.0,0.0,1.0,3.8619194323053194
74,39,1,1.0,0.0,0.0,1.0,0.0,4.783286239745884
72,32,0,0.0,0.0,1.0,0.0,1.0,2.2849915819527493
74,31,0,0.0,0.0,1.0,0.0,1.0,3.0310997470387684
72,32,0,0.0,0.0,1.0,0.0,1.0,4.803080422935994
58,37,1,1.0,0.0,0.0,1.0,0.0,2.8287335619147003
57,38,0,1.0,0.0,0.0,1.0,0.0,3.1465892510162505
84,33,0,1.0,0.0,0.0,1.0,0.0,4.652813992358466
99,30,0,0.0,0.0,1.0,0.0,1.0,2.3550776267351425
78,32,0,0.0,1.0,0.0,0.0,1.0,2.592087966335152
99,29,0,0.0,0.0,1.0,0.0,1.0,2.6543782959639146
96,28,0,0.0,0.0,1.0,0.0,1.0,2.387334653399962
91,33,0,0.0,1.0,0.0,0.0,1.0,4.7785879492024685
71,33,0,0.0,1.0,0.0,0.0,1.0,4.815101511872381
75,30,0,0.0,0.0,1.0,0.0,1.0,4.846223413621232
99,29,0,0.0,0.0,1.0,0.0,1.0,5.222837677945875
96,32,0,0.0,0.0,1.0,0.0,1.0,2.3659783936864733
64,35,0,1.0,0.0,0.0,1.0,0.0,4.798420784145232
85,29,0,0.0,0.0,1.0,0.0,1.0,4.182912100732737
72,32,0,0.0,1.0,0.0,0.0,1.0,4.596852173714999
73,30,0,0.0,0.0,1.0,0.0,1.0,3.1575311882312684
88,31,0,0.0,0.0,1.0,0.0,1.0,4.378061766741169
72,31,0,0.0,1.0,0.0,0.0,1.0,2.584741028970881
82,28,0,0.0,0.0,1.0,0.0,1.0,4.181529100546828
91,32,0,0.0,1.0,0.0,0.0,1.0,2.3419649928014694
99,29,0,0.0,0.0,1.0,0.0,1.0,4.074591228752123
96,30,0,0.0,0.0,1.0,0.0,1.0,2.580437836596872
60,43,0,1.0,0.0,0.0,1.0,0.0,2.3975785843695183
71,31,0,0.0,0.0,1.0,0.0,1.0,2.3802510380024966
70,33,0,0.0,0.0,1.0,0.0,1.0,4.025572562340813
72,35,0,1.0,0.0,0.0,1.0,0.0,2.6137813736164808
82,28,0,0.0,0.0,1.0,0.0,1.0,3.8408822415462436
47,31,0,0.0,1.0,0.0,0.0,1.0,5.03963896216317
99,28,0,0.0,0.0,1.0,0.0,1.0,4.223480440156446
79,33,0,0.0,1.0,0.0,0.0,1.0,2.4103245812366327
59,44,1,1.0,0.0,0.0,1.0,0.0,3.1959062018981514
99,29,0,0.0,0.0,1.0,0.0,1.0,4.527806724123273
84,29,0,0.0,0.0,1.0,0.0,1.0,3.592825795414992
83,29,0,0.0,0.0,1.0,0.0,1.0,4.833159420233288
47,32,0,0.0,1.0,0.0,0.0,1.0,4.183759028747319
77,27,0,0.0,0.0,1.0,0.0,1.0,2.2609057001495403
71,32,0,0.0,1.0,0.0,0.0,1.0,4.372362559016416
58,37,0,1.0,0.0,0.0,1.0,0.0,5.000307786025591
99,30,0,0.0,0.0,1.0,0.0,1.0,4.1973166778502335
91,33,0,0.0,1.0,0.0,0.0,1.0,4.366158892173494
73,31,0,0.0,1.0,0.0,0.0,1.0,3.0519561236560486
91,30,0,0.0,0.0,1.0,0.0,1.0,5.2215604553504855
72,31,0,0.0,1.0,0.0,0.0,1.0,3.400890101934588
95,29,0,0.0,0.0,1.0,0.0,1.0,2.3482205386723667
88,31,0,0.0,0.0,1.0,0.0,1.0,2.7335438032845403
78,30,0,0.0,0.0,1.0,0.0,1.0,4.790006010081103
88,32,0,0.0,0.0,1.0,0.0,1.0,2.5568653204376584
72,42,0,1.0,0.0,0.0,1.0,0.0,2.359672191613149
85,31,0,0.0,1.0,0.0,0.0,1.0,4.988166715351818
74,31,0,0.0,0.0,1.0,0.0,1.0,2.890626110267146
64,42,0,1.0,0.0,0.0,1.0,0.0,2.404338485957456
74,39,0,1.0,0.0,0.0,1.0,0.0,4.701105601819163
62,32,0,0.0,1.0,0.0,0.0,1.0,2.4008313170456685
70,32,0,0.0,1.0,0.0,0.0,1.0,3.604864364051597
78,28,0,0.0,0.0,1.0,0.0,1.0,2.436374102923686
85,31,0,0.0,1.0,0.0,0.0,1.0,2.2554252264110546
60,36,0,1.0,0.0,0.0,1.0,0.0,4.769232745638521
61,37,0,1.0,0.0,0.0,1.0,0.0,4.80578335538902
74,32,0,0.0,1.0,0.0,0.0,1.0,3.609997765890547
73,29,0,0.0,1.0,0.0,0.0,1.0,4.970528148606519
82,40,0,1.0,0.0,0.0,1.0,0.0,4.778325420928854
71,32,0,0.0,1.0,0.0,0.0,1.0,5.1629576777689135
79,30,0,0.0,0.0,1.0,0.0,1.0,3.879127240471129
79,37,0,1.0,0.0,0.0,1.0,0.0,2.8269309058865137
75,37,0,1.0,0.0,0.0,1.0,0.0,4.9116979619420365
66,31,0,0.0,0.0,1.0,0.0,1.0,2.5565682918457124
71,33,0,1.0,0.0,0.0,1.0,0.0,2.3523611665357804
82,34,1,0.0,0.0,1.0,1.0,0.0,2.6143768051579817
74,31,0,0.0,1.0,0.0,0.0,1.0,2.4198242416944837
84,34,0,0.0,1.0,0.0,0.0,1.0,2.5016366106367074
96,31,0,0.0,1.0,0.0,0.0,1.0,3.415184321561294
85,29,0,0.0,0.0,1.0,0.0,1.0,4.2842296431451
97,32,0,0.0,1.0,0.0,0.0,1.0,3.930933367612973
91,30,0,0.0,1.0,0.0,0.0,1.0,4.81128712576583
60,35,0,1.0,0.0,0.0,1.0,0.0,2.330384741129424
44,37,0,0.0,0.0,1.0,1.0,0.0,2.5503279894306714
91,31,0,0.0,1.0,0.0,0.0,1.0,2.9146401656576733
71,29,0,0.0,1.0,0.0,0.0,1.0,4.975681372617014
78,31,0,0.0,1.0,0.0,0.0,1.0,2.535162664123532
83,32,0,0.0,0.0,1.0,0.0,1.0,2.5599309274777315
98,29,0,0.0,0.0,1.0,0.0,1.0,2.657524525251835
73,31,0,0.0,1.0,0.0,0.0,1.0,4.7990707732543045
43,32,0,0.0,1.0,0.0,0.0,1.0,2.418089226038369
74,30,0,0.0,0.0,1.0,0.0,1.0,5.171689255947267
53,31,0,0.0,1.0,0.0,0.0,1.0,2.544053230443542
89,29,0,0.0,0.0,1.0,0.0,1.0,5.192172178334978
81,40,0,1.0,0.0,0.0,1.0,0.0,4.893471210913457
84,34,0,1.0,0.0,0.0,1.0,0.0,3.5081597290156736
99,31,0,0.0,1.0,0.0,0.0,1.0,2.5288295433708528
99,29,0,0.0,0.0,1.0,0.0,1.0,3.3769263932704514
99,29,0,0.0,0.0,1.0,0.0,1.0,2.699514818885103
54,42,0,1.0,0.0,0.0,1.0,0.0,2.288288216722812
70,30,0,0.0,1.0,0.0,0.0,1.0,2.4648099614958188
70,40,0,1.0,0.0,0.0,1.0,0.0,3.168543610779285
99,30,0,0.0,0.0,1.0,0.0,1.0,5.0356922426142265
85,34,0,0.0,1.0,0.0,0.0,1.0,2.6110117011748075
73,34,0,0.0,0.0,1.0,0.0,1.0,5.028127777141027
55,42,1,1.0,0.0,0.0,1.0,0.0,2.3395859905580685
90,33,0,0.0,1.0,0.0,0.0,1.0,4.109935022799052
99,29,0,0.0,0.0,1.0,0.0,1.0,4.1544208187645175
99,28,0,0.0,0.0,1.0,0.0,1.0,4.370686796665837
74,33,0,0.0,0.0,1.0,1.0,0.0,4.371818189303184
53,31,0,0.0,1.0,0.0,0.0,1.0,3.5215992226687627
71,32,0,0.0,1.0,0.0,0.0,1.0,3.975135635320726
93,31,0,0.0,0.0,1.0,0.0,1.0,2.5564147783576643
73,37,1,1.0,0.0,0.0,1.0,0.0,4.242972462495913
83,30,0,0.0,1.0,0.0,0.0,1.0,2.3907893128884825
54,43,0,1.0,0.0,0.0,1.0,0.0,3.4057343350285114
92,32,0,0.0,1.0,0.0,0.0,1.0,5.178147148037934
44,32,0,0.0,1.0,0.0,0.0,1.0,3.8080841990530736
94,30,0,0.0,0.0,1.0,0.0,1.0,4.835703107533741
67,32,0,0.0,0.0,1.0,0.0,1.0,2.5583046694900635
91,33,0,0.0,1.0,0.0,0.0,1.0,4.347525625783518
99,29,0,0.0,0.0,1.0,0.0,1.0,4.7847773595762035
99,30,0,0.0,0.0,1.0,0.0,1.0,2.9229070096521115
49,31,0,0.0,1.0,0.0,0.0,1.0,5.130794629358727
83,32,0,0.0,0.0,1.0,0.0,1.0,2.8365164089376984
90,31,0,0.0,0.0,1.0,0.0,1.0,3.710450149980194
84,30,0,0.0,0.0,1.0,0.0,1.0,3.3372663284964217
58,37,0,1.0,0.0,0.0,1.0,0.0,3.6213528109627684
69,42,0,1.0,0.0,0.0,1.0,0.0,2.568794148211102
77,31,0,0.0,1.0,0.0,0.0,1.0,3.4206043031913898
99,31,0,0.0,0.0,1.0,0.0,1.0,2.950660409288145
79,29,0,0.0,0.0,1.0,0.0,1.0,2.767207588853306
77,37,0,1.0,0.0,0.0,1.0,0.0,2.5006993269094235
88,30,0,0.0,0.0,1.0,0.0,1.0,5.197769206328579
71,32,0,0.0,0.0,1.0,1.0,0.0,3.719105628193165
99,28,0,0.0,0.0,1.0,0.0,1.0,3.9233493572662987
71,31,0,0.0,0.0,1.0,0.0,1.0,4.486057315826246
84,33,0,0.0,1.0,0.0,0.0,1.0,4.648910850300715
85,30,0,0.0,0.0,1.0,0.0,1.0,3.7083798278423368
70,31,0,0.0,1.0,0.0,0.0,1.0,3.097829600311393
98,30,0,0.0,0.0,1.0,0.0,1.0,3.7400205759396465
95,30,0,0.0,0.0,1.0,0.0,1.0,4.582961404052716
93,29,0,0.0,0.0,1.0,0.0,1.0,2.3804584179844115
71,31,0,0.0,1.0,0.0,0.0,1.0,4.441988585321704
50,31,0,0.0,1.0,0.0,0.0,1.0,3.7038271155663454
67,32,0,0.0,0.0,1.0,0.0,1.0,2.5551659205364063
97,30,0,0.0,0.0,1.0,0.0,1.0,4.249307433211096
71,31,0,0.0,1.0,0.0,0.0,1.0,3.967453223862991
99,28,0,0.0,0.0,1.0,0.0,1.0,5.21042560546436
82,32,0,0.0,1.0,0.0,0.0,1.0,2.751464576464476
73,31,0,0.0,1.0,0.0,0.0,1.0,2.4386711620223656
95,32,0,0.0,1.0,0.0,0.0,1.0,3.9472302562880017
95,31,0,0.0,1.0,0.0,0.0,1.0,4.059490752178924
80,30,0,0.0,0.0,1.0,0.0,1.0,2.6218881403434016
67,38,0,1.0,0.0,0.0,1.0,0.0,3.085337838801752
85,31,0,0.0,1.0,0.0,0.0,1.0,4.815608189811876
85,31,0,0.0,0.0,1.0,0.0,1.0,3.1177088525189114
77,38,0,1.0,0.0,0.0,1.0,0.0,5.178383380568817
85,30,0,0.0,0.0,1.0,0.0,1.0,2.2083956758700967
99,28,0,0.0,0.0,1.0,0.0,1.0,4.2709679638736615
84,29,0,0.0,0.0,1.0,0.0,1.0,4.196462877279172
87,31,0,0.0,1.0,0.0,0.0,1.0,5.176866401646845
74,31,0,0.0,1.0,0.0,0.0,1.0,4.838656027918477
97,29,0,0.0,0.0,1.0,0.0,1.0,2.460070938293144
76,31,0,0.0,0.0,1.0,0.0,1.0,5.042413548964851
60,37,0,1.0,0.0,0.0,1.0,0.0,2.41659713406487
71,31,0,0.0,0.0,1.0,0.0,1.0,2.8263582449980413
99,30,0,0.0,0.0,1.0,0.0,1.0,2.265589067464663
79,29,0,0.0,0.0,1.0,0.0,1.0,3.8712470675752773
75,38,0,1.0,0.0,0.0,1.0,0.0,2.519141596561308
79,32,0,0.0,1.0,0.0,0.0,1.0,3.4359584380537407
99,28,0,0.0,0.0,1.0,0.0,1.0,3.6492022798856896
31,42,2,1.0,0.0,0.0,1.0,0.0,3.0895810072305503
63,33,0,0.0,1.0,0.0,0.0,1.0,2.3315044321151306
90,32,0,0.0,1.0,0.0,0.0,1.0,4.9318549072035545
84,29,0,0.0,0.0,1.0,0.0,1.0,3.251269015055468
64,41,0,1.0,0.0,0.0,1.0,0.0,2.3925293323674457
91,30,0,0.0,0.0,1.0,0.0,1.0,5.01500301034422
63,34,0,0.0,1.0,0.0,0.0,1.0,2.2673841375932637
71,31,0,0.0,1.0,0.0,0.0,1.0,2.2617106801890086
83,30,0,0.0,0.0,1.0,0.0,1.0,4.806459383944014
99,30,0,0.0,0.0,1.0,0.0,1.0,4.782177397625063
83,29,0,0.0,0.0,1.0,0.0,1.0,4.874062497657022
77,32,0,0.0,1.0,0.0,0.0,1.0,2.393383031225232
46,32,0,0.0,1.0,0.0,0.0,1.0,4.23638518896293
79,32,0,0.0,1.0,0.0,0.0,1.0,3.951607314332615
75,32,0,0.0,0.0,1.0,0.0,1.0,2.249687102041221
95,30,0,0.0,1.0,0.0,0.0,1.0,4.887404722164686
53,31,0,0.0,1.0,0.0,0.0,1.0,3.0430719737034817
54,43,1,1.0,0.0,0.0,1.0,0.0,3.916207425489196
71,31,0,0.0,1.0,0.0,0.0,1.0,3.2711828217351933
73,32,0,0.0,0.0,1.0,1.0,0.0,4.547132201763458
87,33,0,1.0,0.0,0.0,1.0,0.0,3.87396299224561
72,32,0,0.0,1.0,0.0,0.0,1.0,4.312498337747487
82,30,0,0.0,0.0,1.0,0.0,1.0,2.4760873976643576
86,34,0,0.0,0.0,1.0,1.0,0.0,2.3788200080471644
73,33,0,0.0,1.0,0.0,0.0,1.0,4.299422363662811
75,32,0,0.0,1.0,0.0,0.0,1.0,4.895263619919729
85,29,0,0.0,0.0,1.0,0.0,1.0,4.44956581972575
61,44,1,1.0,0.0,0.0,1.0,0.0,3.198464066889183
70,31,0,0.0,1.0,0.0,0.0,1.0,4.244085258177606
83,27,0,0.0,0.0,1.0,0.0,1.0,2.2863665257896706
43,32,0,0.0,1.0,0.0,0.0,1.0,2.3644071338472896
78,30,0,0.0,0.0,1.0,0.0,1.0,5.112426189822913
81,32,0,0.0,1.0,0.0,0.0,1.0,3.3281894532464364
99,28,0,0.0,0.0,1.0,0.0,1.0,3.3700512050924987
95,30,0,0.0,1.0,0.0,0.0,1.0,4.880599307334363
71,30,0,0.0,0.0,1.0,0.0,1.0,4.6503717943967064
86,34,0,1.0,0.0,0.0,1.0,0.0,4.143570433403891
87,32,0,0.0,0.0,1.0,0.0,1.0,4.3029059942531935
79,30,0,0.0,0.0,1.0,0.0,1.0,3.1391556451894784
49,32,0,0.0,1.0,0.0,0.0,1.0,5.141049016682964
62,32,0,0.0,1.0,0.0,0.0,1.0,2.4774257604369776
71,30,0,0.0,1.0,0.0,0.0,1.0,4.944490375597583
71,30,0,0.0,0.0,1.0,0.0,1.0,4.801841574051005
89,29,0,0.0,0.0,1.0,0.0,1.0,4.680574629377829
88,35,0,1.0,0.0,0.0,1.0,0.0,4.614379779359999
78,29,0,0.0,0.0,1.0,0.0,1.0,2.297458586227332
74,29,0,0.0,1.0,0.0,0.0,1.0,5.195440468005155
72,38,0,1.0,0.0,0.0,1.0,0.0,3.8610387619449176
65,37,1,0.0,0.0,1.0,1.0,0.0,2.516462248391917
58,36,0,1.0,0.0,0.0,1.0,0.0,3.200387238070975
98,29,0,0.0,0.0,1.0,0.0,1.0,2.658734372072776
72,31,0,0.0,1.0,0.0,0.0,1.0,4.139163584036778
70,29,0,0.0,0.0,1.0,0.0,1.0,3.971222164005209
71,34,0,1.0,0.0,0.0,1.0,0.0,2.6283460934405585
83,31,0,0.0,1.0,0.0,0.0,1.0,2.659168947306139
99,29,0,0.0,0.0,1.0,0.0,1.0,4.8434761805361335
99,29,0,0.0,0.0,1.0,0.0,1.0,3.5180498991804914
64,33,0,0.0,0.0,1.0,0.0,1.0,2.5541113957584103
79,27,0,0.0,0.0,1.0,0.0,1.0,2.346937689853504
88,32,0,0.0,0.0,1.0,0.0,1.0,2.443234223698153
65,32,0,0.0,0.0,1.0,0.0,1.0,2.552378958518857
67,33,0,0.0,0.0,1.0,0.0,1.0,2.556458905841199
99,30,0,0.0,0.0,1.0,0.0,1.0,3.2533041233931135
74,31,0,0.0,1.0,0.0,0.0,1.0,2.8060501622229745
93,32,0,0.0,1.0,0.0,0.0,1.0,4.3031835177397015
68,36,0,1.0,0.0,0.0,1.0,0.0,5.047341062926884
81,37,0,1.0,0.0,0.0,1.0,0.0,3.9867734265692314
70,30,0,0.0,0.0,1.0,0.0,1.0,3.3417571111577486
54,42,1,1.0,0.0,0.0,1.0,0.0,2.3111845844845886
78,37,0,0.0,0.0,1.0,1.0,0.0,2.256500994937633
84,33,0,0.0,1.0,0.0,0.0,1.0,2.4162747584350264
30,43,1,1.0,0.0,0.0,1.0,0.0,3.1381576349596907
59,41,0,1.0,0.0,0.0,1.0,0.0,2.499984940537283
72,40,1,1.0,0.0,0.0,1.0,0.0,3.4035121834920634
79,29,0,0.0,0.0,1.0,0.0,1.0,4.1418420971461245
54,40,1,1.0,0.0,0.0,1.0,0.0,5.073377430382316
78,30,0,0.0,0.0,1.0,0.0,1.0,2.2549899288850805
70,30,0,0.0,1.0,0.0,0.0,1.0,3.0096908247267278
94,31,0,0.0,1.0,0.0,0.0,1.0,4.227539869889996
99,29,0,0.0,0.0,1.0,0.0,1.0,2.6588283029862083
66,36,0,1.0,0.0,0.0,1.0,0.0,3.4143804035667418
72,36,0,1.0,0.0,0.0,1.0,0.0,2.459312503821504
52,31,0,0.0,1.0,0.0,0.0,1.0,2.9789657963795024
73,31,0,0.0,1.0,0.0,0.0,1.0,4.817008454052955
71,33,0,0.0,0.0,1.0,0.0,1.0,4.87974598852538
87,30,0,0.0,0.0,1.0,0.0,1.0,4.815271883126235
66,40,0,1.0,0.0,0.0,1.0,0.0,4.973590686734752
60,36,0,1.0,0.0,0.0,1.0,0.0,5.175366457423372
74,31,0,0.0,1.0,0.0,0.0,1.0,4.497484538321082
72,31,0,0.0,1.0,0.0,0.0,1.0,4.47423336986233
73,32,0,0.0,0.0,1.0,0.0,1.0,4.881979635551678
70,32,0,0.0,1.0,0.0,0.0,1.0,3.600396833853608
83,31,0,0.0,0.0,1.0,0.0,1.0,2.4083792284725134
66,36,0,1.0,0.0,0.0,1.0,0.0,3.7754381154731753
92,30,0,0.0,1.0,0.0,0.0,1.0,5.211695230873379
43,32,0,0.0,1.0,0.0,0.0,1.0,3.365938200303478
80,28,0,0.0,0.0,1.0,0.0,1.0,4.836243645206287
76,38,0,1.0,0.0,0.0,1.0,0.0,4.1476421855677374
76,33,0,0.0,1.0,0.0,0.0,1.0,2.58327127666318
72,31,0,0.0,1.0,0.0,0.0,1.0,4.8343376437466645
77,30,0,0.0,0.0,1.0,0.0,1.0,5.100347108185011
71,31,0,0.0,0.0,1.0,0.0,1.0,2.3870554292139667
68,28,0,0.0,0.0,1.0,0.0,1.0,2.8722097008866454
74,32,0,0.0,0.0,1.0,1.0,0.0,5.114471505050639
94,30,0,0.0,1.0,0.0,0.0,1.0,2.307604597021709
72,31,0,0.0,1.0,0.0,0.0,1.0,3.4007461775985237
59,36,0,1.0,0.0,0.0,1.0,0.0,4.538039910245701
46,36,0,0.0,0.0,1.0,1.0,0.0,2.5513234701876497
83,34,0,0.0,1.0,0.0,0.0,1.0,3.8012248515790574
82,30,0,0.0,0.0,1.0,0.0,1.0,2.5605994230664635
81,34,0,0.0,0.0,1.0,1.0,0.0,2.49709270316695
71,30,0,0.0,0.0,1.0,0.0,1.0,2.715032008292039
99,29,0,0.0,0.0,1.0,0.0,1.0,4.566843250749161
83,32,0,0.0,0.0,1.0,0.0,1.0,2.5531722324032247
70,30,0,0.0,1.0,0.0,0.0,1.0,4.888188897058918
70,36,0,1.0,0.0,0.0,1.0,0.0,2.4475024088692443
71,32,0,0.0,1.0,0.0,0.0,1.0,5.003653238826457
62,33,0,0.0,1.0,0.0,0.0,1.0,2.324060853852397
81,32,0,0.0,1.0,0.0,0.0,1.0,2.5217767598620497
84,31,0,0.0,1.0,0.0,0.0,1.0,4.81760473586854
71,31,0,0.0,1.0,0.0,0.0,1.0,3.850343687087407
70,36,0,1.0,0.0,0.0,1.0,0.0,4.4518154546338655
73,31,0,0.0,1.0,0.0,0.0,1.0,3.1961866166915094
93,30,0,0.0,0.0,1.0,0.0,1.0,2.5631543406576256
74,30,0,0.0,0.0,1.0,0.0,1.0,5.008026030001592
53,41,0,1.0,0.0,0.0,1.0,0.0,3.552302797399421
74,32,0,0.0,0.0,1.0,1.0,0.0,5.055075540463647
99,30,0,0.0,0.0,1.0,0.0,1.0,2.686486751932497
67,36,0,1.0,0.0,0.0,1.0,0.0,2.566117185892227
79,29,0,0.0,0.0,1.0,0.0,1.0,4.8110823295689125
92,30,0,0.0,0.0,1.0,0.0,1.0,2.55912620768341
96,29,0,0.0,0.0,1.0,0.0,1.0,2.918435683597774
94,32,0,0.0,1.0,0.0,0.0,1.0,2.8927101765362897
65,32,0,0.0,0.0,1.0,0.0,1.0,2.555491572994669
82,32,0,0.0,1.0,0.0,0.0,1.0,2.313593449580553
71,29,0,0.0,0.0,1.0,0.0,1.0,3.7061250891823354
83,31,0,0.0,1.0,0.0,0.0,1.0,4.525382564111267
72,36,0,1.0,0.0,0.0,1.0,0.0,2.2874930044428705
66,36,0,1.0,0.0,0.0,1.0,0.0,5.0496540030088735
75,37,1,1.0,0.0,0.0,1.0,0.0,4.861114177349184
62,36,0,1.0,0.0,0.0,1.0,0.0,4.7757715782758305
45,41,0,1.0,0.0,0.0,1.0,0.0,3.471664723173662
73,36,0,0.0,0.0,1.0,1.0,0.0,2.2483906236686813
99,30,0,0.0,0.0,1.0,0.0,1.0,2.4476558381984828
69,32,0,0.0,0.0,1.0,0.0,1.0,3.849381530437132
71,32,0,0.0,0.0,1.0,0.0,1.0,2.5509843438495143
80,29,0,0.0,0.0,1.0,0.0,1.0,4.791237082511937
72,30,0,0.0,1.0,0.0,0.0,1.0,3.257625461931588
93,30,0,0.0,0.0,1.0,0.0,1.0,5.033822830775888
84,28,0,0.0,0.0,1.0,0.0,1.0,3.3272414388206584
71,33,0,0.0,1.0,0.0,0.0,1.0,3.7499644255552336
50,41,0,1.0,0.0,0.0,1.0,0.0,3.5999129921879245
91,32,0,0.0,1.0,0.0,0.0,1.0,3.4006466307925183
43,33,0,0.0,1.0,0.0,0.0,1.0,2.968226170922156
64,33,0,0.0,0.0,1.0,0.0,1.0,2.5541003479601225
76,37,1,1.0,0.0,0.0,1.0,0.0,5.176150994553461
79,30,0,0.0,0.0,1.0,0.0,1.0,2.262610168689537
75,30,0,0.0,0.0,1.0,0.0,1.0,4.9382048577510815
82,34,0,0.0,1.0,0.0,0.0,1.0,3.3462948236599845
90,32,0,0.0,1.0,0.0,0.0,1.0,4.2948799347575095
97,29,0,0.0,0.0,1.0,0.0,1.0,3.933226642015161
62,40,0,1.0,0.0,0.0,1.0,0.0,3.4169922564376387
59,38,0,1.0,0.0,0.0,1.0,0.0,4.506118076158626
73,31,0,0.0,1.0,0.0,0.0,1.0,4.8122255853382905
56,32,0,0.0,0.0,1.0,0.0,1.0,2.2613879100808147
91,31,0,0.0,1.0,0.0,0.0,1.0,4.811909115694454
68,32,0,0.0,0.0,1.0,0.0,1.0,2.5565486727120152
63,33,0,0.0,1.0,0.0,0.0,1.0,2.9697190515508263
79,35,0,1.0,0.0,0.0,1.0,0.0,4.839907420892947
62,32,0,0.0,1.0,0.0,0.0,1.0,2.528914473917608
83,29,0,0.0,0.0,1.0,0.0,1.0,2.825136108059476
98,31,0,0.0,1.0,0.0,0.0,1.0,4.385497467598641
95,29,0,0.0,0.0,1.0,0.0,1.0,2.5455723782647994
68,32,0,0.0,1.0,0.0,0.0,1.0,2.8544722598039267
91,32,0,0.0,1.0,0.0,0.0,1.0,3.788318972524251
74,38,0,0.0,0.0,1.0,1.0,0.0,2.5535071071756947
73,36,0,1.0,0.0,0.0,1.0,0.0,4.546850962462943
31,43,1,1.0,0.0,0.0,1.0,0.0,3.2686482125342944
67,32,0,0.0,1.0,0.0,0.0,1.0,2.4037791546480856
75,28,0,0.0,0.0,1.0,0.0,1.0,2.4846294144897425
87,31,0,0.0,1.0,0.0,0.0,1.0,5.037144941987156
72,32,0,0.0,0.0,1.0,1.0,0.0,3.4006106248510664
94,31,0,0.0,1.0,0.0,0.0,1.0,4.207804883451871
99,28,0,0.0,0.0,1.0,0.0,1.0,5.1219506743768335
99,30,0,0.0,0.0,1.0,0.0,1.0,3.607162454547956
52,40,0,1.0,0.0,0.0,1.0,0.0,4.789977861638948
82,30,0,0.0,0.0,1.0,0.0,1.0,2.23300074854023
76,39,0,1.0,0.0,0.0,1.0,0.0,2.3696875059826064
58,36,0,1.0,0.0,0.0,1.0,0.0,3.2747157022945723
94,29,0,0.0,0.0,1.0,0.0,1.0,2.546266095431605
88,31,0,0.0,0.0,1.0,0.0,1.0,2.8341535856521807
73,31,0,0.0,1.0,0.0,0.0,1.0,4.810872040447421
55,41,1,1.0,0.0,0.0,1.0,0.0,4.8793869384236555
99,30,0,0.0,0.0,1.0,0.0,1.0,3.4042245994750964
71,30,0,0.0,1.0,0.0,0.0,1.0,5.225472563124403
84,40,1,1.0,0.0,0.0,1.0,0.0,3.438004160973609
82,28,0,0.0,0.0,1.0,0.0,1.0,2.8077846212219764
72,31,0,0.0,1.0,0.0,0.0,1.0,3.4629081423238643
79,31,0,0.0,1.0,0.0,0.0,1.0,2.261695341986872
59,38,1,0.0,0.0,1.0,1.0,0.0,2.411805699358484
96,30,0,0.0,0.0,1.0,0.0,1.0,2.3760366150020995
56,42,0,1.0,0.0,0.0,1.0,0.0,2.269251232167139
52,31,0,0.0,1.0,0.0,0.0,1.0,3.690862791314767
51,31,0,0.0,1.0,0.0,0.0,1.0,2.7362921753116254
72,31,0,0.0,0.0,1.0,1.0,0.0,4.428479362891564
58,40,0,1.0,0.0,0.0,1.0,0.0,4.814072868743036
87,30,0,0.0,0.0,1.0,0.0,1.0,2.390043441130866
73,34,0,0.0,0.0,1.0,1.0,0.0,2.267175139060201
90,30,0,0.0,1.0,0.0,0.0,1.0,4.798131855834384
54,41,1,1.0,0.0,0.0,1.0,0.0,3.2725440736687212
82,32,0,0.0,0.0,1.0,0.0,1.0,2.2977995436157532
70,32,0,0.0,1.0,0.0,0.0,1.0,3.2551592520244723
77,40,1,1.0,0.0,0.0,1.0,0.0,5.125117681781712
99,28,0,0.0,0.0,1.0,0.0,1.0,3.729479778654316
48,32,0,0.0,1.0,0.0,0.0,1.0,4.556917931235615
71,31,0,0.0,1.0,0.0,0.0,1.0,4.089670926719747
90,31,0,0.0,1.0,0.0,0.0,1.0,4.851453131662532
54,42,1,1.0,0.0,0.0,1.0,0.0,5.005730286768615
73,34,0,0.0,0.0,1.0,1.0,0.0,3.3993376746222586
84,32,0,0.0,0.0,1.0,0.0,1.0,2.554916365154164
76,31,0,0.0,1.0,0.0,0.0,1.0,5.227092663572568
72,31,0,0.0,1.0,0.0,0.0,1.0,3.051958568791893
74,32,0,0.0,0.0,1.0,1.0,0.0,5.1782083375614345
63,32,0,0.0,1.0,0.0,0.0,1.0,2.3833024859772145
99,29,0,0.0,0.0,1.0,0.0,1.0,4.377899555868722
66,33,0,0.0,1.0,0.0,0.0,1.0,2.3976775056805804
82,39,0,1.0,0.0,0.0,1.0,0.0,3.9315217183074265
66,36,0,1.0,0.0,0.0,1.0,0.0,4.825682946857952
57,37,0,1.0,0.0,0.0,1.0,0.0,3.0396033742305364
49,31,0,0.0,1.0,0.0,0.0,1.0,4.166467323446377
84,34,0,1.0,0.0,0.0,1.0,0.0,4.826267052092176
93,32,0,0.0,1.0,0.0,0.0,1.0,4.448479351662965
91,33,0,0.0,1.0,0.0,0.0,1.0,4.602823857364396
76,30,0,0.0,0.0,1.0,0.0,1.0,4.3610668475461205
71,33,0,0.0,0.0,1.0,0.0,1.0,4.9560504725808565
55,32,0,0.0,0.0,1.0,0.0,1.0,2.4831272991483377
76,32,0,0.0,1.0,0.0,0.0,1.0,3.3296239256304507
63,34,0,1.0,0.0,0.0,1.0,0.0,2.2088147664174818
77,30,0,0.0,0.0,1.0,0.0,1.0,4.8422296137876755
70,40,0,1.0,0.0,0.0,1.0,0.0,3.583852065287958
56,39,0,1.0,0.0,0.0,1.0,0.0,4.7839648926251845
71,35,0,1.0,0.0,0.0,1.0,0.0,2.621587269241408
86,31,0,0.0,0.0,1.0,0.0,1.0,2.681285032095802
71,31,0,0.0,1.0,0.0,0.0,1.0,3.8604378268003523
99,30,0,0.0,0.0,1.0,0.0,1.0,2.391125422241278
94,33,0,0.0,1.0,0.0,0.0,1.0,3.5093353113899046
73,30,0,0.0,1.0,0.0,0.0,1.0,4.814494903877078
66,37,0,1.0,0.0,0.0,1.0,0.0,5.04950090117264
74,32,0,0.0,1.0,0.0,0.0,1.0,4.817572983802357
55,41,0,1.0,0.0,0.0,1.0,0.0,5.161028877816385
72,32,0,0.0,1.0,0.0,0.0,1.0,3.8519108902099655
71,32,0,0.0,1.0,0.0,0.0,1.0,5.2299885199186615
70,30,0,0.0,1.0,0.0,0.0,1.0,3.781265244650951
93,31,0,0.0,1.0,0.0,0.0,1.0,5.029685528773025
81,28,0,0.0,0.0,1.0,0.0,1.0,4.87607828728019
62,35,0,1.0,0.0,0.0,1.0,0.0,4.852912577235586
74,32,0,0.0,1.0,0.0,0.0,1.0,4.700620190267267
78,36,0,1.0,0.0,0.0,1.0,0.0,2.7560136498254706
63,35,0,1.0,0.0,0.0,1.0,0.0,4.831717740563558
72,30,0,0.0,1.0,0.0,0.0,1.0,3.6103992199904003
73,38,0,1.0,0.0,0.0,1.0,0.0,3.755342768875882
71,32,0,0.0,0.0,1.0,0.0,1.0,4.807722235911926
75,32,0,0.0,0.0,1.0,0.0,1.0,4.786758444842287
73,33,0,0.0,1.0,0.0,0.0,1.0,4.604535409817534
62,39,0,1.0,0.0,0.0,1.0,0.0,3.3680343922138127
45,36,0,0.0,0.0,1.0,1.0,0.0,2.2550482042816893
99,29,0,0.0,0.0,1.0,0.0,1.0,3.75424821188178
66,31,0,0.0,0.0,1.0,0.0,1.0,2.555892353988756
93,32,0,0.0,1.0,0.0,0.0,1.0,5.156248182736048
50,30,0,0.0,1.0,0.0,0.0,1.0,3.292039048585648
92,31,0,0.0,1.0,0.0,0.0,1.0,5.1991391170098415
77,31,0,0.0,1.0,0.0,0.0,1.0,3.2503515819629465
62,32,0,0.0,1.0,0.0,0.0,1.0,2.8511580556018776
99,29,0,0.0,0.0,1.0,0.0,1.0,4.7995859603341975
90,30,0,0.0,0.0,1.0,0.0,1.0,4.565110374379543
72,30,0,0.0,1.0,0.0,0.0,1.0,3.048769141121221
72,31,0,0.0,1.0,0.0,0.0,1.0,4.528038669177071
65,32,0,0.0,0.0,1.0,0.0,1.0,2.5553301671175097
91,32,0,0.0,1.0,0.0,0.0,1.0,3.2578332272536783
99,30,0,0.0,0.0,1.0,0.0,1.0,2.263998064043357
53,42,0,1.0,0.0,0.0,1.0,0.0,2.5925333785702125
70,29,0,0.0,0.0,1.0,0.0,1.0,4.242936515875168
48,31,0,0.0,1.0,0.0,0.0,1.0,4.620110637287418
83,36,0,1.0,0.0,0.0,1.0,0.0,4.803371585840583
71,30,0,0.0,1.0,0.0,0.0,1.0,2.9620071288094785
71,32,0,0.0,1.0,0.0,0.0,1.0,3.162675621993332
78,32,0,0.0,1.0,0.0,0.0,1.0,3.3626189586246733
74,31,0,0.0,0.0,1.0,0.0,1.0,4.848419658788679
84,33,0,0.0,1.0,0.0,0.0,1.0,4.829371678418715
51,42,0,1.0,0.0,0.0,1.0,0.0,2.2521823588879717
94,30,0,0.0,0.0,1.0,0.0,1.0,4.807139602838211
97,31,0,0.0,1.0,0.0,0.0,1.0,4.659213073234341
83,38,0,1.0,0.0,0.0,1.0,0.0,3.2248628883206365
96,30,0,0.0,1.0,0.0,0.0,1.0,3.9494678193436017
63,32,0,0.0,0.0,1.0,0.0,1.0,2.554759250352105
76,39,0,1.0,0.0,0.0,1.0,0.0,2.2312268130796022
73,30,0,0.0,1.0,0.0,0.0,1.0,4.213757268725089
58,40,1,0.0,0.0,1.0,1.0,0.0,2.4119393440679895
74,32,0,0.0,1.0,0.0,0.0,1.0,4.884745459161839
72,30,0,0.0,1.0,0.0,0.0,1.0,3.0513771695990664
99,29,0,0.0,0.0,1.0,0.0,1.0,2.396085635579151
62,37,0,1.0,0.0,0.0,1.0,0.0,3.6136185023214327
77,31,0,0.0,0.0,1.0,0.0,1.0,4.767964728972164
75,36,0,1.0,0.0,0.0,1.0,0.0,4.885365845496955
78,28,0,0.0,0.0,1.0,0.0,1.0,2.422855261446028
45,32,0,0.0,1.0,0.0,0.0,1.0,3.9031376191361384
59,42,1,1.0,0.0,0.0,1.0,0.0,2.818536249990363
84,30,0,0.0,0.0,1.0,0.0,1.0,3.2484596797688754
81,33,0,0.0,1.0,0.0,0.0,1.0,3.1751853575370967
47,41,0,1.0,0.0,0.0,1.0,0.0,4.04058212241579
73,31,0,0.0,1.0,0.0,0.0,1.0,4.809862620349305
74,32,0,0.0,0.0,1.0,0.0,1.0,4.861888917960419
82,39,0,1.0,0.0,0.0,1.0,0.0,4.557644063427283
71,31,0,0.0,1.0,0.0,0.0,1.0,4.578814137156035
90,30,0,0.0,1.0,0.0,0.0,1.0,2.3941923156538056
95,32,0,0.0,1.0,0.0,0.0,1.0,5.22750262367335
97,28,0,0.0,0.0,1.0,0.0,1.0,2.24960485604468
74,30,0,0.0,0.0,1.0,0.0,1.0,3.4139219948604644
95,28,0,0.0,0.0,1.0,0.0,1.0,4.437651663287396
80,32,0,0.0,1.0,0.0,0.0,1.0,2.2694712995132416
73,30,0,0.0,1.0,0.0,0.0,1.0,4.873421805622557
79,32,0,0.0,1.0,0.0,0.0,1.0,3.8298080598076947
49,31,0,0.0,1.0,0.0,0.0,1.0,4.8151166473881455
77,34,0,0.0,0.0,1.0,1.0,0.0,2.286702296615632
91,28,0,0.0,0.0,1.0,0.0,1.0,4.805398248395967
78,31,0,0.0,1.0,0.0,0.0,1.0,3.945841422287972
78,32,0,0.0,1.0,0.0,0.0,1.0,3.9818662890169
93,31,0,0.0,1.0,0.0,0.0,1.0,3.9614412184462036
71,29,0,0.0,0.0,1.0,0.0,1.0,4.8860559654505815
69,36,0,1.0,0.0,0.0,1.0,0.0,3.0422620916528507
99,28,0,0.0,0.0,1.0,0.0,1.0,4.8514553654924635
63,32,0,0.0,1.0,0.0,0.0,1.0,2.2387942276781287
74,40,1,1.0,0.0,0.0,1.0,0.0,4.190747524182022
76,40,0,1.0,0.0,0.0,1.0,0.0,3.95384329715094
79,29,0,0.0,0.0,1.0,0.0,1.0,4.83842024032766
73,32,0,0.0,0.0,1.0,0.0,1.0,2.3146206248371497
95,30,0,0.0,1.0,0.0,0.0,1.0,5.16081030992105
84,30,0,0.0,0.0,1.0,0.0,1.0,4.186670857800669
99,30,0,0.0,0.0,1.0,0.0,1.0,3.0326488997077132
72,41,1,1.0,0.0,0.0,1.0,0.0,2.8304411587406815
58,32,0,0.0,1.0,0.0,0.0,1.0,2.430774092022418
99,28,0,0.0,0.0,1.0,0.0,1.0,3.847030653774656
96,30,0,0.0,0.0,1.0,0.0,1.0,4.065241097665772
76,31,0,0.0,0.0,1.0,0.0,1.0,4.6784276739658415
97,30,0,0.0,0.0,1.0,0.0,1.0,4.787514974023034
96,28,0,0.0,0.0,1.0,0.0,1.0,2.4221510389693632
82,27,0,0.0,0.0,1.0,0.0,1.0,3.2474829154890945
99,29,0,0.0,0.0,1.0,0.0,1.0,2.303240236679829
51,31,0,0.0,1.0,0.0,0.0,1.0,3.8367447686617298
58,41,0,1.0,0.0,0.0,1.0,0.0,4.713230074619808
97,31,0,0.0,1.0,0.0,0.0,1.0,3.2182792957357464
80,37,0,1.0,0.0,0.0,1.0,0.0,3.901437247576669
80,28,0,0.0,0.0,1.0,0.0,1.0,2.346235727232988
43,32,0,0.0,1.0,0.0,0.0,1.0,2.8330321741565068
99,29,0,0.0,0.0,1.0,0.0,1.0,4.7350332052623205
86,29,0,0.0,0.0,1.0,0.0,1.0,4.827137697824684
96,32,0,0.0,1.0,0.0,0.0,1.0,3.151855174749313
96,32,0,0.0,1.0,0.0,0.0,1.0,3.0251493653848534
99,28,0,0.0,0.0,1.0,0.0,1.0,3.4763816169665485
71,30,0,0.0,0.0,1.0,0.0,1.0,3.9334425921695684
74,31,0,0.0,1.0,0.0,0.0,1.0,4.9263929805747555
81,35,0,1.0,0.0,0.0,1.0,0.0,2.8424729980133767
99,29,0,0.0,0.0,1.0,0.0,1.0,4.2712293875782565
58,41,1,1.0,0.0,0.0,1.0,0.0,3.9677200636494065
93,31,0,0.0,1.0,0.0,0.0,1.0,2.6308694429751838
86,30,0,0.0,0.0,1.0,0.0,1.0,3.999690088497676
80,32,0,0.0,1.0,0.0,0.0,1.0,3.5264039574152943
99,30,0,0.0,0.0,1.0,0.0,1.0,3.661236779980373
91,30,0,0.0,0.0,1.0,0.0,1.0,2.337478800007713
73,33,0,0.0,1.0,0.0,0.0,1.0,4.521871496309063
74,29,0,0.0,1.0,0.0,0.0,1.0,5.176792064784754
82,36,0,0.0,0.0,1.0,1.0,0.0,2.2534661148076625
64,40,0,1.0,0.0,0.0,1.0,0.0,2.1845681766781917
72,41,0,1.0,0.0,0.0,1.0,0.0,5.105868042884187
86,28,0,0.0,0.0,1.0,0.0,1.0,4.8152576727397784
80,34,1,0.0,0.0,1.0,1.0,0.0,2.3672494443846808
86,29,0,0.0,0.0,1.0,0.0,1.0,2.3616700500331063
82,27,0,0.0,0.0,1.0,0.0,1.0,2.6513399966364077
77,31,0,0.0,0.0,1.0,0.0,1.0,2.1767522618737174
72,32,0,0.0,1.0,0.0,0.0,1.0,4.16880449914029
95,30,0,0.0,0.0,1.0,0.0,1.0,2.513621387929244
78,32,0,0.0,0.0,1.0,1.0,0.0,3.3061813636173767
84,33,0,0.0,1.0,0.0,0.0,1.0,2.542927470624764
77,37,0,1.0,0.0,0.0,1.0,0.0,2.190716946751792
98,29,0,0.0,0.0,1.0,0.0,1.0,3.249291368554553
94,29,0,0.0,0.0,1.0,0.0,1.0,2.545658278919701
99,29,0,0.0,0.0,1.0,0.0,1.0,4.866633929426178
72,31,0,0.0,0.0,1.0,0.0,1.0,2.2641179777629823
70,34,0,1.0,0.0,0.0,1.0,0.0,4.805804177686826
74,34,0,0.0,0.0,1.0,1.0,0.0,4.622094804735481
85,32,0,0.0,1.0,0.0,0.0,1.0,4.7600618313121466
68,36,0,1.0,0.0,0.0,1.0,0.0,4.693914473789006
87,32,0,0.0,0.0,1.0,0.0,1.0,2.471121726051086
82,32,0,0.0,1.0,0.0,0.0,1.0,3.889368866211591
97,31,0,0.0,1.0,0.0,0.0,1.0,2.83288519728877
99,29,0,0.0,0.0,1.0,0.0,1.0,4.578918636200741
60,37,1,1.0,0.0,0.0,1.0,0.0,2.3812339400468643
63,33,0,0.0,1.0,0.0,0.0,1.0,2.256107592156863
79,35,0,1.0,0.0,0.0,1.0,0.0,4.818781094582066
69,40,0,1.0,0.0,0.0,1.0,0.0,3.982805638299287
57,32,0,0.0,1.0,0.0,0.0,1.0,2.2673841375932637
90,29,0,0.0,0.0,1.0,0.0,1.0,4.831389672449563
72,31,0,0.0,1.0,0.0,0.0,1.0,4.787979071169248
72,32,0,0.0,1.0,0.0,0.0,1.0,4.894377784133638
91,33,0,0.0,0.0,1.0,0.0,1.0,2.5549969881912955
72,31,0,0.0,1.0,0.0,0.0,1.0,4.548547428965341
79,30,0,0.0,0.0,1.0,0.0,1.0,2.2448793075592994
68,36,0,1.0,0.0,0.0,1.0,0.0,5.1199632609015335
93,33,0,0.0,1.0,0.0,0.0,1.0,3.6116662757812734
75,40,0,1.0,0.0,0.0,1.0,0.0,3.929207550998484
97,32,0,0.0,1.0,0.0,0.0,1.0,2.6717277164356936
84,32,0,0.0,0.0,1.0,0.0,1.0,2.2349699106931564
51,32,0,0.0,1.0,0.0,0.0,1.0,3.9697963685652216
76,30,0,0.0,1.0,0.0,0.0,1.0,2.85875793161611
99,30,0,0.0,0.0,1.0,0.0,1.0,3.596894139078449
59,37,0,1.0,0.0,0.0,1.0,0.0,4.352069691217812
70,30,0,0.0,1.0,0.0,0.0,1.0,4.854806038962707
86,29,0,0.0,0.0,1.0,0.0,1.0,2.259364804344457
70,31,0,0.0,1.0,0.0,0.0,1.0,4.4340809449710825
74,33,0,0.0,0.0,1.0,1.0,0.0,4.79234821124545
42,32,0,0.0,1.0,0.0,0.0,1.0,2.851509338707459
94,32,0,0.0,1.0,0.0,0.0,1.0,3.0867273600656624
98,30,0,0.0,0.0,1.0,0.0,1.0,2.4206735258430725
99,30,0,0.0,0.0,1.0,0.0,1.0,4.382625666660541
55,32,0,0.0,0.0,1.0,0.0,1.0,2.4841644167273866
88,28,0,0.0,0.0,1.0,0.0,1.0,5.221090290856923
63,34,0,0.0,1.0,0.0,0.0,1.0,2.3106179186293185
97,29,0,0.0,0.0,1.0,0.0,1.0,2.5134803601448805
99,30,0,0.0,0.0,1.0,0.0,1.0,4.1232985760095975
86,30,0,0.0,0.0,1.0,0.0,1.0,4.138232890018549
66,37,0,1.0,0.0,0.0,1.0,0.0,5.146182268298017
56,32,0,0.0,0.0,1.0,0.0,1.0,2.2635344083790785
82,33,0,0.0,1.0,0.0,0.0,1.0,2.842450407156876
45,36,0,0.0,0.0,1.0,1.0,0.0,2.550965275405812
90,32,0,0.0,1.0,0.0,0.0,1.0,2.9872946176306736
66,32,0,0.0,1.0,0.0,0.0,1.0,2.321634147337935
70,29,0,0.0,0.0,1.0,0.0,1.0,2.8249319678886766
67,37,0,1.0,0.0,0.0,1.0,0.0,3.2591499459203197
91,31,0,0.0,1.0,0.0,0.0,1.0,4.740129615863101
77,31,0,0.0,0.0,1.0,0.0,1.0,2.2629490651959503
29,41,1,1.0,0.0,0.0,1.0,0.0,2.6138737345159684
81,32,0,0.0,0.0,1.0,1.0,0.0,2.8532232240552795
71,31,0,0.0,1.0,0.0,0.0,1.0,4.029079216842642
73,30,0,0.0,1.0,0.0,0.0,1.0,4.305988538087359
99,31,0,0.0,1.0,0.0,0.0,1.0,2.2225044982849904
57,42,1,1.0,0.0,0.0,1.0,0.0,3.9610438388744784
99,31,0,0.0,0.0,1.0,0.0,1.0,2.264255937881984
89,33,0,0.0,0.0,1.0,0.0,1.0,2.6390761452912166
95,31,0,0.0,1.0,0.0,0.0,1.0,3.456762954680022
69,29,0,0.0,1.0,0.0,0.0,1.0,2.407472750218541
55,33,0,0.0,0.0,1.0,0.0,1.0,2.5044573689119587
58,35,0,1.0,0.0,0.0,1.0,0.0,4.863517238223326
72,30,0,0.0,1.0,0.0,0.0,1.0,3.082550124523891
76,30,0,0.0,0.0,1.0,0.0,1.0,5.07434711755909
78,32,0,0.0,1.0,0.0,0.0,1.0,4.644622558975414
99,30,0,0.0,0.0,1.0,0.0,1.0,4.383095244787442
59,37,0,1.0,0.0,0.0,1.0,0.0,4.537327823847604
60,36,0,1.0,0.0,0.0,1.0,0.0,2.3118258959805718
78,31,0,0.0,1.0,0.0,0.0,1.0,2.334899939602729
90,32,0,0.0,1.0,0.0,0.0,1.0,4.294659510351372
82,35,0,1.0,0.0,0.0,1.0,0.0,2.578590577974053
99,28,0,0.0,0.0,1.0,0.0,1.0,4.000032681612678
89,30,0,0.0,0.0,1.0,0.0,1.0,4.823888876594427
97,31,0,0.0,1.0,0.0,0.0,1.0,2.4005835793350143
73,32,0,0.0,1.0,0.0,0.0,1.0,4.695850531482627
43,32,0,0.0,1.0,0.0,0.0,1.0,3.4407471140713084
65,31,0,0.0,0.0,1.0,0.0,1.0,2.55711253154786
48,42,1,1.0,0.0,0.0,1.0,0.0,3.8986327138414665
56,39,0,1.0,0.0,0.0,1.0,0.0,4.790685191471604
99,28,0,0.0,0.0,1.0,0.0,1.0,4.1504887590174535
60,35,0,1.0,0.0,0.0,1.0,0.0,5.160386567003728
98,28,0,0.0,0.0,1.0,0.0,1.0,3.5032198960367134
79,36,0,1.0,0.0,0.0,1.0,0.0,2.2679512514480127
84,30,0,0.0,0.0,1.0,0.0,1.0,2.825332623130989
70,43,1,1.0,0.0,0.0,1.0,0.0,2.5125755220253216
79,38,0,1.0,0.0,0.0,1.0,0.0,3.0086626916870243
95,32,0,0.0,1.0,0.0,0.0,1.0,5.219885070949919
79,40,0,1.0,0.0,0.0,1.0,0.0,3.606082871882293
95,32,0,0.0,1.0,0.0,0.0,1.0,2.3893187056503384
71,32,0,0.0,1.0,0.0,0.0,1.0,4.899033855061278
88,32,0,0.0,1.0,0.0,0.0,1.0,5.197570513366774
94,30,0,0.0,0.0,1.0,0.0,1.0,4.803521487888327
70,35,0,1.0,0.0,0.0,1.0,0.0,4.805331935594955
52,42,1,1.0,0.0,0.0,1.0,0.0,4.425404035775029
77,40,0,1.0,0.0,0.0,1.0,0.0,5.194430685888491
79,31,0,0.0,1.0,0.0,0.0,1.0,2.4458229440709145
50,31,0,0.0,1.0,0.0,0.0,1.0,4.643420983854381
74,31,0,0.0,1.0,0.0,0.0,1.0,2.798195889136988
58,38,0,1.0,0.0,0.0,1.0,0.0,2.8269111949244774
87,32,0,0.0,1.0,0.0,0.0,1.0,4.7860949478080395
72,31,0,0.0,1.0,0.0,0.0,1.0,4.747505218118898
89,36,0,0.0,0.0,1.0,1.0,0.0,2.2559512632548557
75,32,0,0.0,0.0,1.0,0.0,1.0,3.156009900642034
99,29,0,0.0,0.0,1.0,0.0,1.0,4.1101389445488685
70,40,0,1.0,0.0,0.0,1.0,0.0,3.0712532600981963
80,32,0,0.0,1.0,0.0,0.0,1.0,3.2002561926847592
80,29,0,0.0,0.0,1.0,0.0,1.0,4.863045530243267
98,30,0,0.0,0.0,1.0,0.0,1.0,2.2629504757463472
75,38,0,0.0,0.0,1.0,1.0,0.0,2.474230530369603
64,36,0,1.0,0.0,0.0,1.0,0.0,4.8366814628895005
71,31,0,0.0,1.0,0.0,0.0,1.0,4.3502501137410565
48,32,0,0.0,1.0,0.0,0.0,1.0,4.513235638212121
99,29,0,0.0,0.0,1.0,0.0,1.0,2.6592799554098145
99,29,0,0.0,0.0,1.0,0.0,1.0,5.0113781837255935
96,32,0,0.0,1.0,0.0,0.0,1.0,2.8097952690672936
77,35,0,1.0,0.0,0.0,1.0,0.0,2.9659629515238817
71,30,0,0.0,1.0,0.0,0.0,1.0,4.640186151921792
70,29,0,0.0,0.0,1.0,0.0,1.0,2.830781377062097
84,29,0,0.0,0.0,1.0,0.0,1.0,3.750251542616484
71,31,0,0.0,1.0,0.0,0.0,1.0,4.529384574307846
99,29,0,0.0,0.0,1.0,0.0,1.0,2.257556174976417
74,30,0,0.0,1.0,0.0,0.0,1.0,2.9496970662796467
93,32,0,0.0,1.0,0.0,0.0,1.0,3.6295064842806473
79,31,0,0.0,1.0,0.0,0.0,1.0,2.570890236479389
54,43,0,1.0,0.0,0.0,1.0,0.0,3.5517236287761498
64,33,0,0.0,1.0,0.0,0.0,1.0,2.3318987512201317
86,32,0,0.0,1.0,0.0,0.0,1.0,3.2534757729069437
64,34,0,0.0,1.0,0.0,0.0,1.0,2.2545891569482066
57,43,1,1.0,0.0,0.0,1.0,0.0,4.2042130984929065
85,34,0,1.0,0.0,0.0,1.0,0.0,4.494612122384758
71,31,0,0.0,1.0,0.0,0.0,1.0,2.2935781429788404
64,39,0,1.0,0.0,0.0,1.0,0.0,3.2867761784536182
69,38,0,1.0,0.0,0.0,1.0,0.0,4.815869026916322
99,31,0,0.0,0.0,1.0,0.0,1.0,3.400462743109108
75,38,1,1.0,0.0,0.0,1.0,0.0,4.860936071313293
93,31,0,0.0,0.0,1.0,0.0,1.0,2.5610895016851867
48,31,0,0.0,1.0,0.0,0.0,1.0,4.820584140043647
76,31,0,0.0,1.0,0.0,0.0,1.0,5.170744685004563
72,32,0,0.0,0.0,1.0,1.0,0.0,3.6266658990909386
83,27,0,0.0,0.0,1.0,0.0,1.0,3.616956538622585
80,32,0,0.0,1.0,0.0,0.0,1.0,2.2578021512739515
49,31,0,0.0,1.0,0.0,0.0,1.0,5.166100837962062
57,40,1,1.0,0.0,0.0,1.0,0.0,4.767353069816728
78,33,0,0.0,0.0,1.0,0.0,1.0,3.066750830514049
84,31,0,0.0,1.0,0.0,0.0,1.0,2.2887165365023487
71,32,0,0.0,1.0,0.0,0.0,1.0,5.098405443233767
70,31,0,0.0,0.0,1.0,0.0,1.0,2.20497994195578
99,28,0,0.0,0.0,1.0,0.0,1.0,4.434776953391876
85,34,0,1.0,0.0,0.0,1.0,0.0,4.835759664410253
88,32,0,0.0,0.0,1.0,0.0,1.0,3.9221514966695215
73,31,0,0.0,1.0,0.0,0.0,1.0,3.1118652826127096
73,30,0,0.0,1.0,0.0,0.0,1.0,3.4143912348302026
85,32,0,0.0,1.0,0.0,0.0,1.0,2.180746579606431
55,35,0,1.0,0.0,0.0,1.0,0.0,2.7204585692227057
68,32,0,0.0,1.0,0.0,0.0,1.0,2.505604195098211
79,29,0,0.0,0.0,1.0,0.0,1.0,2.5623531922261944
50,31,0,0.0,1.0,0.0,0.0,1.0,4.132162301163393
56,40,1,0.0,0.0,1.0,1.0,0.0,2.4125416327163265
68,36,0,1.0,0.0,0.0,1.0,0.0,4.7027936313327094
82,33,0,0.0,1.0,0.0,0.0,1.0,3.608729663980151
57,40,0,1.0,0.0,0.0,1.0,0.0,2.2317124542379494
70,30,0,0.0,1.0,0.0,0.0,1.0,2.8648037670486812
78,31,0,0.0,0.0,1.0,0.0,1.0,2.248978110585355
99,30,0,0.0,0.0,1.0,0.0,1.0,2.733556491351421
86,28,0,0.0,0.0,1.0,0.0,1.0,4.815103133490519
43,33,0,0.0,1.0,0.0,0.0,1.0,2.8395723363198884
72,30,0,0.0,0.0,1.0,0.0,1.0,3.4070691150123285
57,38,1,1.0,0.0,0.0,1.0,0.0,3.1610021893978986
99,28,0,0.0,0.0,1.0,0.0,1.0,4.897553307207759
31,42,2,1.0,0.0,0.0,1.0,0.0,2.682139535287237
99,30,0,0.0,0.0,1.0,0.0,1.0,3.0386089755111363
83,31,0,0.0,1.0,0.0,0.0,1.0,2.4376559884226903
66,43,0,1.0,0.0,0.0,1.0,0.0,3.0591369312311385
73,31,0,0.0,0.0,1.0,0.0,1.0,2.2400445844982797
78,31,0,0.0,0.0,1.0,0.0,1.0,5.206182524450815
74,41,0,1.0,0.0,0.0,1.0,0.0,5.0310779802533805
85,29,0,0.0,0.0,1.0,0.0,1.0,2.9894503716877536
88,32,0,0.0,1.0,0.0,0.0,1.0,4.792223498550523
63,39,1,1.0,0.0,0.0,1.0,0.0,2.296472058781128
83,40,0,1.0,0.0,0.0,1.0,0.0,5.032086853869144
62,27,0,0.0,0.0,1.0,0.0,1.0,2.771266732623629
74,33,0,0.0,0.0,1.0,1.0,0.0,4.894587195054666
87,31,0,0.0,1.0,0.0,0.0,1.0,4.8653887579919015
60,36,0,1.0,0.0,0.0,1.0,0.0,4.7783346448734045
60,35,0,1.0,0.0,0.0,1.0,0.0,3.0835284897862643
48,31,0,0.0,1.0,0.0,0.0,1.0,4.856079966833317
89,30,0,0.0,0.0,1.0,0.0,1.0,3.1449780040601163
61,42,0,1.0,0.0,0.0,1.0,0.0,4.577318818519047
85,31,0,0.0,1.0,0.0,0.0,1.0,2.4865995155531184
61,36,0,1.0,0.0,0.0,1.0,0.0,4.676259278930283
64,40,0,1.0,0.0,0.0,1.0,0.0,3.1652154443048968
64,32,0,0.0,0.0,1.0,0.0,1.0,2.5539430708561297
74,32,0,0.0,1.0,0.0,0.0,1.0,3.705403373887985
67,33,0,0.0,1.0,0.0,0.0,1.0,2.3318987512201317
97,31,0,0.0,1.0,0.0,0.0,1.0,3.9597826168463737
99,30,0,0.0,0.0,1.0,0.0,1.0,2.912175430046517
99,30,0,0.0,0.0,1.0,0.0,1.0,3.4364147220595496
48,31,0,0.0,1.0,0.0,0.0,1.0,4.831664682063439
79,33,0,0.0,0.0,1.0,1.0,0.0,2.8219119286564367
72,32,0,0.0,0.0,1.0,0.0,1.0,2.4940895524468107
70,31,0,0.0,1.0,0.0,0.0,1.0,3.968917989412164
86,35,0,0.0,0.0,1.0,1.0,0.0,2.1840369033219984
81,36,1,1.0,0.0,0.0,1.0,0.0,4.798934589456602
93,30,0,0.0,0.0,1.0,0.0,1.0,2.552184509817062
76,37,0,1.0,0.0,0.0,1.0,0.0,4.395029577062714
78,30,0,0.0,0.0,1.0,0.0,1.0,4.8979943936475925
94,30,0,0.0,0.0,1.0,0.0,1.0,4.821481468626246
54,42,1,1.0,0.0,0.0,1.0,0.0,2.3771698130924763
83,29,0,0.0,0.0,1.0,0.0,1.0,2.9492896190081064
62,32,0,0.0,1.0,0.0,0.0,1.0,2.7737149420905904
90,32,0,0.0,1.0,0.0,0.0,1.0,5.033040989272976
79,28,0,0.0,0.0,1.0,0.0,1.0,2.6970317631319127
65,43,0,1.0,0.0,0.0,1.0,0.0,3.066157353545582
81,30,0,0.0,1.0,0.0,0.0,1.0,2.603728996100105
78,31,0,0.0,0.0,1.0,0.0,1.0,4.773367515854053
59,41,0,1.0,0.0,0.0,1.0,0.0,4.714379587734519
99,31,0,0.0,0.0,1.0,0.0,1.0,4.860637281970452
96,31,0,0.0,1.0,0.0,0.0,1.0,2.9724205785996425
85,30,0,0.0,0.0,1.0,0.0,1.0,3.466809036993654
78,31,0,0.0,1.0,0.0,0.0,1.0,3.0396186996688987
96,30,0,0.0,1.0,0.0,0.0,1.0,2.3984165399233475
55,41,0,1.0,0.0,0.0,1.0,0.0,2.4391986301234008
76,33,0,0.0,1.0,0.0,0.0,1.0,3.340379053970396
74,31,0,0.0,0.0,1.0,0.0,1.0,3.4035438759040897
99,29,0,0.0,0.0,1.0,0.0,1.0,4.7779666988534935
89,31,0,0.0,1.0,0.0,0.0,1.0,3.6043736437131626
58,37,0,1.0,0.0,0.0,1.0,0.0,4.214458446608306
48,31,0,0.0,1.0,0.0,0.0,1.0,4.876925632654653
85,30,0,0.0,0.0,1.0,0.0,1.0,3.3964934647671634
62,31,0,0.0,1.0,0.0,0.0,1.0,3.513761183736483
80,27,0,0.0,0.0,1.0,0.0,1.0,2.6187937918766733
69,38,0,1.0,0.0,0.0,1.0,0.0,4.994391253722188
73,31,0,0.0,1.0,0.0,0.0,1.0,3.420845539572261
87,31,0,0.0,1.0,0.0,0.0,1.0,4.177309090349889
82,29,0,0.0,0.0,1.0,0.0,1.0,4.799862307189134
81,28,0,0.0,0.0,1.0,0.0,1.0,2.420065104631896
78,33,0,0.0,1.0,0.0,0.0,1.0,2.326614912854777
56,40,0,1.0,0.0,0.0,1.0,0.0,2.2310467302089942
55,43,1,1.0,0.0,0.0,1.0,0.0,2.3188388249783056
99,29,0,0.0,0.0,1.0,0.0,1.0,2.2579248322744685
72,31,0,0.0,1.0,0.0,0.0,1.0,3.3006105253484423
90,32,0,0.0,1.0,0.0,0.0,1.0,4.937532573238184
73,31,0,0.0,1.0,0.0,0.0,1.0,5.0282606272800905
84,30,0,0.0,0.0,1.0,0.0,1.0,3.4122135730224015
75,32,0,0.0,0.0,1.0,0.0,1.0,2.6964786718342517
49,44,0,1.0,0.0,0.0,1.0,0.0,3.488897854177181
82,39,0,1.0,0.0,0.0,1.0,0.0,3.3325977409366265
76,39,1,1.0,0.0,0.0,1.0,0.0,4.788530904962623
95,30,0,0.0,1.0,0.0,0.0,1.0,3.1138695760056514
99,31,0,0.0,0.0,1.0,0.0,1.0,2.435917873614391
65,32,0,0.0,1.0,0.0,0.0,1.0,2.836213815812068
80,27,0,0.0,0.0,1.0,0.0,1.0,2.611743566082228
99,30,0,0.0,0.0,1.0,0.0,1.0,5.232961880792131
96,32,0,0.0,0.0,1.0,0.0,1.0,2.263750240149492
99,29,0,0.0,0.0,1.0,0.0,1.0,4.479236185833222
72,32,0,0.0,1.0,0.0,0.0,1.0,5.0318021600959435
99,29,0,0.0,0.0,1.0,0.0,1.0,4.858750488419098
68,36,0,1.0,0.0,0.0,1.0,0.0,4.527489936539832
53,40,1,1.0,0.0,0.0,1.0,0.0,3.685234439295823
99,29,0,0.0,0.0,1.0,0.0,1.0,2.802523497182508
76,30,0,0.0,1.0,0.0,0.0,1.0,4.498551849909019
70,37,0,1.0,0.0,0.0,1.0,0.0,4.801575969139639
84,30,0,0.0,0.0,1.0,0.0,1.0,3.206360611881077
71,36,0,1.0,0.0,0.0,1.0,0.0,4.765654457655644
99,29,0,0.0,0.0,1.0,0.0,1.0,2.6683892339310367
72,31,0,0.0,1.0,0.0,0.0,1.0,4.580261355021448
99,31,0,0.0,0.0,1.0,0.0,1.0,5.196142957101833
80,29,0,0.0,0.0,1.0,0.0,1.0,4.428339571468165
79,30,0,0.0,1.0,0.0,0.0,1.0,2.2969080497266074
75,30,0,0.0,1.0,0.0,0.0,1.0,5.22535499483256
72,29,0,0.0,1.0,0.0,0.0,1.0,4.6024397971120665
72,32,0,0.0,1.0,0.0,0.0,1.0,4.312691041380698
84,29,0,0.0,0.0,1.0,0.0,1.0,4.782245703249654
75,31,0,0.0,0.0,1.0,0.0,1.0,3.5039349137430333
96,29,0,0.0,0.0,1.0,0.0,1.0,2.544711361259937
77,37,0,1.0,0.0,0.0,1.0,0.0,2.5557632403614905
80,32,0,0.0,0.0,1.0,1.0,0.0,2.9623041141257995
90,31,0,0.0,1.0,0.0,0.0,1.0,3.0836828848182516
82,31,0,0.0,0.0,1.0,0.0,1.0,2.562141596301165
61,42,0,1.0,0.0,0.0,1.0,0.0,2.39728103612424
67,36,0,1.0,0.0,0.0,1.0,0.0,2.9673253538805877
78,31,0,0.0,1.0,0.0,0.0,1.0,4.599359593062837
53,44,0,1.0,0.0,0.0,1.0,0.0,2.2343515670646648
54,41,0,1.0,0.0,0.0,1.0,0.0,4.53327219283571
70,30,0,0.0,0.0,1.0,0.0,1.0,3.2205736572707795
71,32,0,0.0,1.0,0.0,0.0,1.0,3.967130794304577
99,29,0,0.0,0.0,1.0,0.0,1.0,4.957009568856551
86,30,0,0.0,0.0,1.0,0.0,1.0,2.7578486269682005
88,31,0,0.0,1.0,0.0,0.0,1.0,3.7609657628871416
76,31,0,0.0,0.0,1.0,0.0,1.0,2.7496137737277646
84,31,0,0.0,0.0,1.0,0.0,1.0,2.2341445860035445
98,31,0,0.0,0.0,1.0,0.0,1.0,3.956522223454848
79,29,0,0.0,0.0,1.0,0.0,1.0,2.346135126558988
78,30,0,0.0,0.0,1.0,0.0,1.0,5.194667576827055
98,31,0,0.0,1.0,0.0,0.0,1.0,5.066354213135903
82,29,0,0.0,0.0,1.0,0.0,1.0,4.8446098801270585
48,31,0,0.0,1.0,0.0,0.0,1.0,4.993874720115397
81,27,0,0.0,0.0,1.0,0.0,1.0,2.6148270938121594
90,32,0,0.0,0.0,1.0,0.0,1.0,3.5755550213821987
89,29,0,0.0,0.0,1.0,0.0,1.0,4.985952672606526
74,39,1,1.0,0.0,0.0,1.0,0.0,4.005703852669141
87,28,0,0.0,0.0,1.0,0.0,1.0,2.4182917556944177
73,32,0,0.0,1.0,0.0,0.0,1.0,2.3910776811302488
72,31,0,0.0,1.0,0.0,0.0,1.0,4.79454762126666
64,33,0,0.0,0.0,1.0,0.0,1.0,2.5529223636247047
65,33,0,0.0,1.0,0.0,0.0,1.0,2.384621030063843
79,38,0,1.0,0.0,0.0,1.0,0.0,2.4000449261248566
65,32,0,0.0,1.0,0.0,0.0,1.0,2.5978165201310373
99,30,0,0.0,0.0,1.0,0.0,1.0,4.270484997322511
99,29,0,0.0,0.0,1.0,0.0,1.0,4.980341053153018
71,32,0,0.0,0.0,1.0,1.0,0.0,3.517766139469356
95,30,0,0.0,0.0,1.0,0.0,1.0,4.944943468264505
63,32,0,0.0,1.0,0.0,0.0,1.0,2.238682923595125
84,29,0,0.0,0.0,1.0,0.0,1.0,3.2540787801416458
70,32,0,0.0,1.0,0.0,0.0,1.0,3.8247765897726715
70,32,0,0.0,1.0,0.0,0.0,1.0,3.4990732687641013
99,30,0,0.0,0.0,1.0,0.0,1.0,4.85777044830562
79,37,1,1.0,0.0,0.0,1.0,0.0,3.6920038947725295
84,30,0,0.0,0.0,1.0,0.0,1.0,4.308683694901209
91,30,0,0.0,1.0,0.0,0.0,1.0,3.955840890416044
89,32,0,0.0,1.0,0.0,0.0,1.0,5.022489960303126
84,31,0,0.0,0.0,1.0,0.0,1.0,4.850666258406999
52,31,0,0.0,1.0,0.0,0.0,1.0,2.8257721691851114
82,39,0,1.0,0.0,0.0,1.0,0.0,5.180645153653383
76,30,0,0.0,0.0,1.0,0.0,1.0,5.160014730312404
64,33,0,0.0,0.0,1.0,0.0,1.0,2.5533289215684256
99,29,0,0.0,0.0,1.0,0.0,1.0,3.746917257320704
86,29,0,0.0,0.0,1.0,0.0,1.0,2.3982915926084742
72,32,0,0.0,1.0,0.0,0.0,1.0,4.268335906403786
84,29,0,0.0,0.0,1.0,0.0,1.0,2.1958428500110374
74,30,0,0.0,1.0,0.0,0.0,1.0,5.10713829774534
71,30,0,0.0,1.0,0.0,0.0,1.0,4.221677779316364
65,31,0,0.0,0.0,1.0,0.0,1.0,2.556859248172376
74,31,0,0.0,1.0,0.0,0.0,1.0,3.3481408004353588
89,32,0,0.0,1.0,0.0,0.0,1.0,4.817786947084903
99,30,0,0.0,0.0,1.0,0.0,1.0,3.2193982092110334
98,29,0,0.0,0.0,1.0,0.0,1.0,4.177994014963995
47,32,0,0.0,1.0,0.0,0.0,1.0,4.168493622709827
62,33,0,0.0,1.0,0.0,0.0,1.0,2.3859050946331664
91,32,0,0.0,1.0,0.0,0.0,1.0,3.0832974179131645
49,31,0,0.0,1.0,0.0,0.0,1.0,4.380719503348786
33,41,1,1.0,0.0,0.0,1.0,0.0,2.5664278717439157
48,31,0,0.0,1.0,0.0,0.0,1.0,4.825117509806953
61,41,0,1.0,0.0,0.0,1.0,0.0,2.652225123565072
69,30,0,0.0,0.0,1.0,0.0,1.0,3.0545137873012616
99,30,0,0.0,0.0,1.0,0.0,1.0,3.2480991720633967
83,29,0,0.0,0.0,1.0,0.0,1.0,4.17667904044318
72,35,0,1.0,0.0,0.0,1.0,0.0,2.5942399417446897
95,30,0,0.0,1.0,0.0,0.0,1.0,4.800093081383214
59,41,0,1.0,0.0,0.0,1.0,0.0,2.8374500018037354
51,31,0,0.0,1.0,0.0,0.0,1.0,2.174902909590568
73,31,0,0.0,1.0,0.0,0.0,1.0,4.79887648045605
77,33,0,0.0,0.0,1.0,0.0,1.0,3.078000738882166
85,29,0,0.0,0.0,1.0,0.0,1.0,3.1251512260544394
84,28,0,0.0,0.0,1.0,0.0,1.0,2.80904427537442
83,31,0,0.0,1.0,0.0,0.0,1.0,5.195590665909852
86,30,0,0.0,0.0,1.0,0.0,1.0,5.1082020265418535
93,30,0,0.0,0.0,1.0,0.0,1.0,2.2628354113871474
59,40,0,1.0,0.0,0.0,1.0,0.0,3.0897244763859155
94,31,0,0.0,1.0,0.0,0.0,1.0,2.392105661621937
51,42,0,1.0,0.0,0.0,1.0,0.0,2.253887041252628
49,30,0,0.0,1.0,0.0,0.0,1.0,4.756649684879516
99,29,0,0.0,0.0,1.0,0.0,1.0,3.258538666959124
74,31,0,0.0,1.0,0.0,0.0,1.0,2.630578691019681
90,31,0,0.0,1.0,0.0,0.0,1.0,4.454437355207316
65,33,0,0.0,0.0,1.0,0.0,1.0,2.553418709783993
65,32,0,0.0,0.0,1.0,0.0,1.0,2.55204193601444
32,41,1,1.0,0.0,0.0,1.0,0.0,2.2468672014770696
79,30,0,0.0,0.0,1.0,0.0,1.0,2.3107860399207967
43,32,0,0.0,1.0,0.0,0.0,1.0,3.3265841071080584
52,41,0,1.0,0.0,0.0,1.0,0.0,3.4852738458169754
76,32,0,0.0,0.0,1.0,0.0,1.0,2.5619392317414937
82,31,0,0.0,0.0,1.0,0.0,1.0,2.625122363256914
96,30,0,0.0,1.0,0.0,0.0,1.0,3.1078714411891717
70,41,1,1.0,0.0,0.0,1.0,0.0,4.799767678109651
99,31,0,0.0,0.0,1.0,0.0,1.0,2.3049026314954784
72,32,0,0.0,1.0,0.0,0.0,1.0,2.820672848618525
71,30,0,0.0,1.0,0.0,0.0,1.0,4.571204131846843
50,39,1,1.0,0.0,0.0,1.0,0.0,2.940717113639768
78,37,0,1.0,0.0,0.0,1.0,0.0,2.3240274854329708
68,33,0,0.0,0.0,1.0,0.0,1.0,2.553761308762992
81,29,0,0.0,0.0,1.0,0.0,1.0,4.630360953302369
77,37,1,1.0,0.0,0.0,1.0,0.0,4.427976306703757
95,31,0,0.0,0.0,1.0,0.0,1.0,2.56243900878654
53,39,0,1.0,0.0,0.0,1.0,0.0,4.7883394870373355
63,36,0,1.0,0.0,0.0,1.0,0.0,3.6113565744950153
89,30,0,0.0,0.0,1.0,0.0,1.0,4.795958177325372
74,40,0,1.0,0.0,0.0,1.0,0.0,3.962642417746965
74,31,0,0.0,1.0,0.0,0.0,1.0,3.1607826334748736
76,29,0,0.0,0.0,1.0,0.0,1.0,5.053190105018046
64,40,0,1.0,0.0,0.0,1.0,0.0,4.152941643072704
78,30,0,0.0,0.0,1.0,0.0,1.0,4.2726492844486055
72,31,0,0.0,0.0,1.0,0.0,1.0,2.766082731077083
81,33,0,0.0,1.0,0.0,0.0,1.0,3.2238610920837463
99,29,0,0.0,0.0,1.0,0.0,1.0,5.2274195161350745
70,32,0,0.0,0.0,1.0,0.0,1.0,4.205063046631696
96,31,0,0.0,1.0,0.0,0.0,1.0,3.3188584299199886
80,28,0,0.0,0.0,1.0,0.0,1.0,2.3464464857329657
90,32,0,0.0,1.0,0.0,0.0,1.0,4.042570806553097
90,31,0,0.0,1.0,0.0,0.0,1.0,4.803239141128888
66,36,0,1.0,0.0,0.0,1.0,0.0,4.871044332694755
81,30,0,0.0,0.0,1.0,0.0,1.0,2.603074956973003
35,39,0,1.0,0.0,0.0,1.0,0.0,2.559349873522885
81,35,0,1.0,0.0,0.0,1.0,0.0,3.1825239183762233
54,39,0,1.0,0.0,0.0,1.0,0.0,4.360669903595423
72,32,0,0.0,0.0,1.0,1.0,0.0,5.093883519750854
79,29,0,0.0,0.0,1.0,0.0,1.0,2.5407989512431617
86,28,0,0.0,0.0,1.0,0.0,1.0,2.417733307661777
74,34,0,0.0,1.0,0.0,0.0,1.0,2.6535208664701853
86,29,0,0.0,0.0,1.0,0.0,1.0,4.341158453494932
53,43,1,1.0,0.0,0.0,1.0,0.0,3.749874466504001
80,28,0,0.0,0.0,1.0,0.0,1.0,2.5798594252525144
71,30,0,0.0,1.0,0.0,0.0,1.0,4.379653012494953
57,36,0,1.0,0.0,0.0,1.0,0.0,4.112491668077078
96,32,0,0.0,1.0,0.0,0.0,1.0,5.188565037995343
73,30,0,0.0,1.0,0.0,0.0,1.0,2.4309121365300537
68,42,0,1.0,0.0,0.0,1.0,0.0,4.012415501472974
84,34,0,0.0,1.0,0.0,0.0,1.0,3.974695987041596
88,30,0,0.0,0.0,1.0,0.0,1.0,4.656063087454926
74,30,0,0.0,0.0,1.0,0.0,1.0,3.785481305471927
69,37,0,0.0,0.0,1.0,1.0,0.0,2.63340829156954
79,29,0,0.0,0.0,1.0,0.0,1.0,2.934681497272896
87,34,0,1.0,0.0,0.0,1.0,0.0,3.678329189565499
87,29,0,0.0,0.0,1.0,0.0,1.0,5.052456595123819
70,32,0,0.0,1.0,0.0,0.0,1.0,3.3828404792942823
71,31,0,0.0,1.0,0.0,0.0,1.0,3.842749207014649
88,32,0,0.0,0.0,1.0,0.0,1.0,3.2659345650768663
68,32,0,0.0,1.0,0.0,0.0,1.0,2.4598394934093983
67,33,0,0.0,0.0,1.0,0.0,1.0,2.553483471797603
80,34,0,1.0,0.0,0.0,1.0,0.0,3.2709921676654594
48,31,0,0.0,1.0,0.0,0.0,1.0,4.559848224111337
77,30,0,0.0,0.0,1.0,0.0,1.0,5.1534394013776526
33,41,0,1.0,0.0,0.0,1.0,0.0,3.0233657721135185
79,28,0,0.0,0.0,1.0,0.0,1.0,3.3420515555326897
80,30,0,0.0,0.0,1.0,0.0,1.0,4.84312146605416
83,30,0,0.0,0.0,1.0,0.0,1.0,2.3325852738984003
53,39,1,1.0,0.0,0.0,1.0,0.0,4.194415441724831
71,41,0,1.0,0.0,0.0,1.0,0.0,3.744254324309249
50,31,0,0.0,1.0,0.0,0.0,1.0,4.014984761556477
85,29,0,0.0,0.0,1.0,0.0,1.0,3.5337187283415283
74,32,0,0.0,0.0,1.0,0.0,1.0,4.8867315059519925
88,31,0,0.0,1.0,0.0,0.0,1.0,4.812945739373623
89,32,0,0.0,1.0,0.0,0.0,1.0,2.435973118289562
73,33,0,0.0,1.0,0.0,0.0,1.0,3.5815062850172716
88,32,0,0.0,1.0,0.0,0.0,1.0,3.665492326512916
99,30,0,0.0,0.0,1.0,0.0,1.0,4.162471974550809
81,36,0,1.0,0.0,0.0,1.0,0.0,4.7904087026610975
68,38,0,1.0,0.0,0.0,1.0,0.0,2.4208698158298985
84,29,0,0.0,0.0,1.0,0.0,1.0,3.0278483882588616
74,30,0,0.0,0.0,1.0,0.0,1.0,4.8296551560585215
75,33,0,0.0,1.0,0.0,0.0,1.0,2.5789378437171626
85,34,0,1.0,0.0,0.0,1.0,0.0,3.8744353179954736
92,31,0,0.0,0.0,1.0,0.0,1.0,5.201933238945225
71,31,0,0.0,1.0,0.0,0.0,1.0,4.247309905877001
83,39,1,1.0,0.0,0.0,1.0,0.0,3.570855895865938
99,29,0,0.0,0.0,1.0,0.0,1.0,5.161427309271179
79,29,0,0.0,0.0,1.0,0.0,1.0,2.3919349150691587
99,31,0,0.0,0.0,1.0,0.0,1.0,5.191700551798599
77,30,0,0.0,1.0,0.0,0.0,1.0,2.2860973945193037
61,42,0,1.0,0.0,0.0,1.0,0.0,4.71451513066701
97,29,0,0.0,0.0,1.0,0.0,1.0,2.4170448754606686
79,30,0,0.0,0.0,1.0,0.0,1.0,4.2001738023021895
64,39,0,1.0,0.0,0.0,1.0,0.0,4.938957745359486
70,42,1,1.0,0.0,0.0,1.0,0.0,2.652723366875669
78,37,0,1.0,0.0,0.0,1.0,0.0,2.4060260085499894
55,40,0,1.0,0.0,0.0,1.0,0.0,3.028937649874847
97,28,0,0.0,0.0,1.0,0.0,1.0,2.4131871416171444
73,30,0,0.0,0.0,1.0,0.0,1.0,2.354753956872817
80,38,0,1.0,0.0,0.0,1.0,0.0,2.8253982689836223
74,35,0,1.0,0.0,0.0,1.0,0.0,2.2489141336342304
52,32,0,0.0,1.0,0.0,0.0,1.0,2.4843631951083616
63,31,0,0.0,1.0,0.0,0.0,1.0,2.645503676628881
67,31,0,0.0,0.0,1.0,0.0,1.0,2.5551659205364063
73,31,0,0.0,1.0,0.0,0.0,1.0,2.780187511330208
79,36,0,1.0,0.0,0.0,1.0,0.0,4.848303476697848
91,32,0,0.0,1.0,0.0,0.0,1.0,3.8210819452281153
83,39,1,1.0,0.0,0.0,1.0,0.0,3.4770726365451816
60,36,0,1.0,0.0,0.0,1.0,0.0,3.6133706415379536
99,28,0,0.0,0.0,1.0,0.0,1.0,4.7972063677801575
99,28,0,0.0,0.0,1.0,0.0,1.0,3.8251434009128844
98,28,0,0.0,0.0,1.0,0.0,1.0,3.5682927346813798
42,31,0,0.0,1.0,0.0,0.0,1.0,2.760633273928341
87,32,0,0.0,1.0,0.0,0.0,1.0,3.255491945593794
75,31,0,0.0,1.0,0.0,0.0,1.0,2.7146230401806486
73,35,0,1.0,0.0,0.0,1.0,0.0,2.2488001773969484
74,32,0,0.0,0.0,1.0,1.0,0.0,4.945227024495303
61,40,0,1.0,0.0,0.0,1.0,0.0,2.8360085776555444
54,31,0,0.0,1.0,0.0,0.0,1.0,2.2315164122100426
72,31,0,0.0,1.0,0.0,0.0,1.0,4.652608551647841
91,32,0,0.0,1.0,0.0,0.0,1.0,2.362206116276353
70,39,1,1.0,0.0,0.0,1.0,0.0,4.422948409772358
59,32,0,0.0,1.0,0.0,0.0,1.0,2.283928985016872
72,32,0,0.0,0.0,1.0,1.0,0.0,3.800857939356183
80,30,0,0.0,0.0,1.0,0.0,1.0,2.606903352972
95,30,0,0.0,0.0,1.0,0.0,1.0,4.540277906364235
77,29,0,0.0,0.0,1.0,0.0,1.0,4.776471546697564
30,43,1,1.0,0.0,0.0,1.0,0.0,3.169303407313365
63,38,1,1.0,0.0,0.0,1.0,0.0,2.2483150614002985
79,27,0,0.0,0.0,1.0,0.0,1.0,2.334892450139205
99,30,0,0.0,0.0,1.0,0.0,1.0,3.5650873728138763
74,40,0,1.0,0.0,0.0,1.0,0.0,2.271165324994737
80,30,0,0.0,0.0,1.0,0.0,1.0,3.851716461379637
67,35,0,1.0,0.0,0.0,1.0,0.0,2.578383104689181
75,31,0,0.0,1.0,0.0,0.0,1.0,5.0419906216901484
99,30,0,0.0,1.0,0.0,0.0,1.0,2.5855946083982393
83,27,0,0.0,0.0,1.0,0.0,1.0,3.245211020159932
77,33,0,0.0,1.0,0.0,0.0,1.0,2.3915869286593088
77,29,0,0.0,0.0,1.0,0.0,1.0,2.559006431028163
83,31,0,0.0,1.0,0.0,0.0,1.0,5.174493749310706
80,30,0,0.0,0.0,1.0,0.0,1.0,2.621253541005185
43,31,0,0.0,1.0,0.0,0.0,1.0,3.6001159054138143
74,33,0,0.0,0.0,1.0,1.0,0.0,3.955115735487359
84,31,0,0.0,0.0,1.0,0.0,1.0,2.4110470335551417
63,42,1,1.0,0.0,0.0,1.0,0.0,2.9460891133447538
86,30,0,0.0,0.0,1.0,0.0,1.0,4.791680545791117
58,43,1,1.0,0.0,0.0,1.0,0.0,4.343868458814626
85,29,0,0.0,0.0,1.0,0.0,1.0,2.6016655871487533
95,32,0,0.0,1.0,0.0,0.0,1.0,2.2243605588581614
99,30,0,0.0,0.0,1.0,0.0,1.0,2.9938047414441376
67,33,0,0.0,1.0,0.0,0.0,1.0,2.3968092075299445
72,42,0,1.0,0.0,0.0,1.0,0.0,2.4418113655730838
88,28,0,0.0,0.0,1.0,0.0,1.0,4.94978266253134
75,40,0,1.0,0.0,0.0,1.0,0.0,2.2403074125956337
98,28,0,0.0,0.0,1.0,0.0,1.0,3.2511172555683987
91,32,0,0.0,1.0,0.0,0.0,1.0,4.8157356969342375
94,27,0,0.0,0.0,1.0,0.0,1.0,2.6702443740459487
92,33,0,0.0,1.0,0.0,0.0,1.0,4.873271637701391
79,31,0,0.0,0.0,1.0,0.0,1.0,2.3580044468440917
99,29,0,0.0,0.0,1.0,0.0,1.0,2.263042355680758
68,28,0,0.0,0.0,1.0,0.0,1.0,2.5394943206621097
97,30,0,0.0,0.0,1.0,0.0,1.0,3.952863846716272
71,31,0,0.0,1.0,0.0,0.0,1.0,4.327838431460373
99,29,0,0.0,0.0,1.0,0.0,1.0,4.814862192364502
88,30,0,0.0,0.0,1.0,0.0,1.0,4.397519436054728
98,29,0,0.0,0.0,1.0,0.0,1.0,3.3437792261714256
99,28,0,0.0,0.0,1.0,0.0,1.0,4.79847547343105
77,37,0,1.0,0.0,0.0,1.0,0.0,2.352730306590994
66,37,0,1.0,0.0,0.0,1.0,0.0,2.9919563027699034
67,36,0,1.0,0.0,0.0,1.0,0.0,3.297704996686128
81,34,0,0.0,1.0,0.0,0.0,1.0,3.078073137872591
99,28,0,0.0,0.0,1.0,0.0,1.0,4.777002655497525
43,37,0,0.0,0.0,1.0,1.0,0.0,2.5523181548213336
75,30,0,0.0,0.0,1.0,0.0,1.0,5.1641387245464765
79,31,0,0.0,1.0,0.0,0.0,1.0,2.266996576488776
87,33,0,0.0,1.0,0.0,0.0,1.0,2.2495684306763244
91,31,0,0.0,1.0,0.0,0.0,1.0,4.5425273051173205
49,32,0,0.0,1.0,0.0,0.0,1.0,4.806494776753818
86,31,0,0.0,1.0,0.0,0.0,1.0,5.0206352163889365
77,38,1,1.0,0.0,0.0,1.0,0.0,5.0368388620172375
59,36,0,1.0,0.0,0.0,1.0,0.0,4.9073775302925835
74,31,0,0.0,0.0,1.0,0.0,1.0,4.787226306110624
81,30,0,0.0,0.0,1.0,0.0,1.0,4.573914044472269
76,31,0,0.0,1.0,0.0,0.0,1.0,2.2252216974708308
74,31,0,0.0,0.0,1.0,0.0,1.0,3.586483352181014
83,29,0,0.0,0.0,1.0,0.0,1.0,4.004374980193665
70,32,0,0.0,0.0,1.0,0.0,1.0,4.243578399861799
76,31,0,0.0,1.0,0.0,0.0,1.0,5.105998668946978
95,30,0,0.0,0.0,1.0,0.0,1.0,4.869391931483992
73,31,0,0.0,1.0,0.0,0.0,1.0,4.83130229558196
84,33,0,0.0,1.0,0.0,0.0,1.0,2.407616698678168
88,32,0,0.0,0.0,1.0,0.0,1.0,2.4223188597810843
70,29,0,0.0,1.0,0.0,0.0,1.0,2.7855820698907707
76,39,0,1.0,0.0,0.0,1.0,0.0,4.562424898289604
73,39,0,1.0,0.0,0.0,1.0,0.0,4.682988581784298
79,30,0,0.0,0.0,1.0,0.0,1.0,2.250491762646476
75,30,0,0.0,1.0,0.0,0.0,1.0,5.1632844686392
90,31,0,0.0,1.0,0.0,0.0,1.0,4.6348891852300085
85,33,0,0.0,1.0,0.0,0.0,1.0,2.5764960837384367
99,29,0,0.0,0.0,1.0,0.0,1.0,4.161899031232476
87,31,0,0.0,1.0,0.0,0.0,1.0,4.785468150577754
89,33,0,1.0,0.0,0.0,1.0,0.0,4.288805583768174
94,30,0,0.0,0.0,1.0,0.0,1.0,4.982302185328496
79,31,0,0.0,1.0,0.0,0.0,1.0,3.6722459560719294
99,29,0,0.0,0.0,1.0,0.0,1.0,3.39978753973952
77,37,0,1.0,0.0,0.0,1.0,0.0,3.282591865380611
73,33,0,0.0,0.0,1.0,1.0,0.0,4.6340823109578535
74,31,0,0.0,0.0,1.0,0.0,1.0,3.121671814096667
71,32,0,0.0,0.0,1.0,1.0,0.0,3.535930590046199
81,30,0,0.0,0.0,1.0,0.0,1.0,4.456337803354572
99,29,0,0.0,0.0,1.0,0.0,1.0,4.67476903099497
75,37,1,1.0,0.0,0.0,1.0,0.0,5.057351830042118
72,36,0,1.0,0.0,0.0,1.0,0.0,2.5788716213304084
77,31,0,0.0,0.0,1.0,0.0,1.0,4.526624734999402
80,35,0,1.0,0.0,0.0,1.0,0.0,3.102135553028768
80,38,0,1.0,0.0,0.0,1.0,0.0,2.8388448498240564
73,31,0,0.0,1.0,0.0,0.0,1.0,4.73368745125551
82,28,0,0.0,0.0,1.0,0.0,1.0,4.127676399665482
43,33,0,0.0,1.0,0.0,0.0,1.0,2.8394165037433954
85,30,0,0.0,1.0,0.0,0.0,1.0,2.4239291140083616
71,30,0,0.0,1.0,0.0,0.0,1.0,4.796116129785222
79,32,0,0.0,0.0,1.0,0.0,1.0,4.473531597318637
73,31,0,0.0,1.0,0.0,0.0,1.0,4.304448228213948
81,37,0,1.0,0.0,0.0,1.0,0.0,3.402788558337001
75,30,0,0.0,0.0,1.0,0.0,1.0,4.6193130617114315
59,41,1,1.0,0.0,0.0,1.0,0.0,2.818481068174364
65,31,0,0.0,0.0,1.0,0.0,1.0,2.5542274405075687
82,29,0,0.0,0.0,1.0,0.0,1.0,4.768551093595352
82,29,0,0.0,0.0,1.0,0.0,1.0,4.393965211977854
75,38,0,1.0,0.0,0.0,1.0,0.0,4.886117032471806
55,43,0,1.0,0.0,0.0,1.0,0.0,2.669600557614475
71,33,0,0.0,0.0,1.0,1.0,0.0,3.21376322881239
74,40,0,1.0,0.0,0.0,1.0,0.0,4.987137957728729
43,36,0,0.0,0.0,1.0,1.0,0.0,2.551224563476216
73,39,0,1.0,0.0,0.0,1.0,0.0,2.2764006786011546
62,38,1,1.0,0.0,0.0,1.0,0.0,2.3258374177485197
79,29,0,0.0,0.0,1.0,0.0,1.0,4.033155111262285
81,30,0,0.0,0.0,1.0,0.0,1.0,4.5087380952266125
61,41,0,1.0,0.0,0.0,1.0,0.0,2.4315325530293586
68,29,0,0.0,0.0,1.0,0.0,1.0,3.0341751636547043
79,29,0,0.0,0.0,1.0,0.0,1.0,4.404374530544837
68,36,0,1.0,0.0,0.0,1.0,0.0,5.0170286917240166
81,33,0,0.0,1.0,0.0,0.0,1.0,2.898158789931335
70,31,0,0.0,1.0,0.0,0.0,1.0,5.209933640079098
48,31,0,0.0,1.0,0.0,0.0,1.0,4.832797802492639
77,37,0,1.0,0.0,0.0,1.0,0.0,2.3738546754372547
67,39,1,1.0,0.0,0.0,1.0,0.0,2.6792428766941794
54,44,0,1.0,0.0,0.0,1.0,0.0,3.5285368461169737
99,30,0,0.0,0.0,1.0,0.0,1.0,2.6665342564468415
73,32,0,0.0,1.0,0.0,0.0,1.0,4.579510460100713
58,40,0,1.0,0.0,0.0,1.0,0.0,2.8407210461341914
84,29,0,0.0,0.0,1.0,0.0,1.0,2.1733399824682
48,31,0,0.0,1.0,0.0,0.0,1.0,4.477262968066305
59,37,0,1.0,0.0,0.0,1.0,0.0,2.539567133455302
57,40,0,1.0,0.0,0.0,1.0,0.0,2.977120972185776
90,28,0,0.0,0.0,1.0,0.0,1.0,2.3474267117778904
86,35,0,1.0,0.0,0.0,1.0,0.0,4.828210127942844
73,32,0,0.0,0.0,1.0,0.0,1.0,2.3913034003965805
83,27,0,0.0,0.0,1.0,0.0,1.0,2.301955146747632
42,32,0,0.0,1.0,0.0,0.0,1.0,3.0809470026511185
73,31,0,0.0,1.0,0.0,0.0,1.0,3.2481109882089587
99,30,0,0.0,0.0,1.0,0.0,1.0,4.791106158244263
62,32,0,0.0,1.0,0.0,0.0,1.0,2.3318987512201317
43,32,0,0.0,1.0,0.0,0.0,1.0,2.7349130592924142
77,30,0,0.0,0.0,1.0,0.0,1.0,2.2487829113905002
72,39,1,1.0,0.0,0.0,1.0,0.0,4.849663346272502
61,27,0,0.0,0.0,1.0,0.0,1.0,2.683521169270162
85,30,0,0.0,1.0,0.0,0.0,1.0,4.862478043891798
76,34,0,0.0,0.0,1.0,0.0,1.0,3.2390868909974504
66,31,0,0.0,0.0,1.0,0.0,1.0,2.555870044097604
67,33,0,0.0,0.0,1.0,0.0,1.0,2.558374689575134
70,30,0,0.0,1.0,0.0,0.0,1.0,2.7859468715338243
46,31,0,0.0,1.0,0.0,0.0,1.0,4.339536417822148
78,38,0,1.0,0.0,0.0,1.0,0.0,2.9385857593061155
46,42,0,1.0,0.0,0.0,1.0,0.0,3.0781891693877363
73,33,0,0.0,0.0,1.0,1.0,0.0,3.9848385221092495
75,40,0,1.0,0.0,0.0,1.0,0.0,3.955591552223264
70,40,1,1.0,0.0,0.0,1.0,0.0,3.399965337740761
63,32,0,0.0,1.0,0.0,0.0,1.0,2.2405403057548137
81,39,0,1.0,0.0,0.0,1.0,0.0,3.4126668607406803
72,32,0,0.0,1.0,0.0,0.0,1.0,2.464213939464744
66,31,0,0.0,1.0,0.0,0.0,1.0,2.570143600327879
66,41,0,1.0,0.0,0.0,1.0,0.0,3.5434020505477024
98,28,0,0.0,0.0,1.0,0.0,1.0,3.1565518388687672
68,36,0,1.0,0.0,0.0,1.0,0.0,4.836403608412582
89,32,0,0.0,1.0,0.0,0.0,1.0,2.463669365113073
83,30,0,0.0,0.0,1.0,0.0,1.0,2.3659208530083435
74,30,0,0.0,0.0,1.0,0.0,1.0,3.8076941063147367
72,40,1,1.0,0.0,0.0,1.0,0.0,2.720544540976026
50,31,0,0.0,1.0,0.0,0.0,1.0,3.701549413193923
72,31,0,0.0,1.0,0.0,0.0,1.0,4.839334310576498
71,30,0,0.0,1.0,0.0,0.0,1.0,5.190407104739849
99,29,0,0.0,0.0,1.0,0.0,1.0,3.8891802311075954
96,31,0,0.0,1.0,0.0,0.0,1.0,3.050897395299073
60,36,0,1.0,0.0,0.0,1.0,0.0,4.77087958038229
83,30,0,0.0,0.0,1.0,0.0,1.0,4.80389682169647
77,31,0,0.0,1.0,0.0,0.0,1.0,4.0237839619982
95,30,0,0.0,1.0,0.0,0.0,1.0,3.0349860036251832
98,30,0,0.0,0.0,1.0,0.0,1.0,2.2494150954929566
86,32,0,0.0,1.0,0.0,0.0,1.0,5.171634601842125
82,38,0,1.0,0.0,0.0,1.0,0.0,3.1070972151682263
67,32,0,0.0,0.0,1.0,0.0,1.0,2.5555838234251387
65,41,0,1.0,0.0,0.0,1.0,0.0,2.6168522458819004
64,33,0,0.0,0.0,1.0,0.0,1.0,2.5543301559991067
61,35,0,1.0,0.0,0.0,1.0,0.0,3.1035977536111483
69,32,0,0.0,1.0,0.0,0.0,1.0,3.039613047121468
99,29,0,0.0,0.0,1.0,0.0,1.0,4.851415235351067
66,39,1,1.0,0.0,0.0,1.0,0.0,2.853010384887442
81,30,0,0.0,0.0,1.0,0.0,1.0,2.2535464961209866
54,43,1,1.0,0.0,0.0,1.0,0.0,3.6142184774539046
62,36,0,1.0,0.0,0.0,1.0,0.0,4.932321642332017
76,34,0,0.0,0.0,1.0,0.0,1.0,2.5573184420624817
99,30,0,0.0,0.0,1.0,0.0,1.0,4.442219862401221
73,34,0,0.0,0.0,1.0,1.0,0.0,3.034007739029178
51,31,0,0.0,1.0,0.0,0.0,1.0,3.3744735427244894
52,31,0,0.0,1.0,0.0,0.0,1.0,2.859311862900649
66,33,0,0.0,0.0,1.0,0.0,1.0,2.5541970459300916
72,31,0,0.0,1.0,0.0,0.0,1.0,3.6641385564411477
52,31,0,0.0,1.0,0.0,0.0,1.0,2.395522819110784
73,33,0,0.0,0.0,1.0,1.0,0.0,2.8286211607165836
76,31,0,0.0,1.0,0.0,0.0,1.0,5.2055403657522925
74,32,0,0.0,1.0,0.0,0.0,1.0,2.8151994994630374
77,30,0,0.0,0.0,1.0,0.0,1.0,2.2500588105674506
49,41,2,1.0,0.0,0.0,1.0,0.0,3.837803214160512
50,41,1,1.0,0.0,0.0,1.0,0.0,3.7022902037315553
54,32,0,0.0,1.0,0.0,0.0,1.0,2.2522885347468278
81,30,0,0.0,0.0,1.0,0.0,1.0,2.262666504766915
90,31,0,0.0,0.0,1.0,0.0,1.0,4.7236683499820495
95,30,0,0.0,0.0,1.0,0.0,1.0,2.3206154372914316
83,29,0,0.0,0.0,1.0,0.0,1.0,3.4130421652819614
82,34,0,0.0,1.0,0.0,0.0,1.0,3.066465591940528
51,30,0,0.0,1.0,0.0,0.0,1.0,3.3795109273568453
89,31,0,0.0,1.0,0.0,0.0,1.0,4.179708285039503
78,30,0,0.0,1.0,0.0,0.0,1.0,2.43166944937925
75,39,0,1.0,0.0,0.0,1.0,0.0,5.197674051637313
72,31,0,0.0,1.0,0.0,0.0,1.0,4.04759053463058
99,29,0,0.0,0.0,1.0,0.0,1.0,2.6605127125084693
77,39,0,1.0,0.0,0.0,1.0,0.0,2.174450041300664
66,31,0,0.0,0.0,1.0,0.0,1.0,2.5558811383048554
54,41,1,1.0,0.0,0.0,1.0,0.0,4.5655280640896425
72,31,0,0.0,0.0,1.0,0.0,1.0,2.585115939442357
79,29,0,0.0,0.0,1.0,0.0,1.0,4.156510452961029
91,31,0,0.0,0.0,1.0,0.0,1.0,2.556563582468665
99,29,0,0.0,0.0,1.0,0.0,1.0,3.538605843791703
72,31,0,0.0,1.0,0.0,0.0,1.0,2.3533042238546056
54,30,0,0.0,1.0,0.0,0.0,1.0,2.230453460178325
80,31,0,0.0,0.0,1.0,0.0,1.0,2.5552669577068565
69,37,1,1.0,0.0,0.0,1.0,0.0,2.1803638289098344
60,32,0,0.0,1.0,0.0,0.0,1.0,2.2310744899005006
79,30,0,0.0,0.0,1.0,0.0,1.0,2.6271625556347202
85,36,0,0.0,0.0,1.0,1.0,0.0,2.2557920093797232
99,30,0,0.0,0.0,1.0,0.0,1.0,2.4925541477312017
60,35,0,1.0,0.0,0.0,1.0,0.0,4.782260880387923
74,30,0,0.0,0.0,1.0,0.0,1.0,3.6352673850851462
63,32,0,0.0,1.0,0.0,0.0,1.0,2.645637169765469
78,29,0,0.0,0.0,1.0,0.0,1.0,4.39606897598911
71,31,0,0.0,1.0,0.0,0.0,1.0,4.1308827149123655
99,30,0,0.0,0.0,1.0,0.0,1.0,3.633014193725256
72,31,0,0.0,1.0,0.0,0.0,1.0,4.954391311990077
87,30,0,0.0,0.0,1.0,0.0,1.0,4.490160269442548
62,35,0,1.0,0.0,0.0,1.0,0.0,4.82400924988558
52,31,0,0.0,1.0,0.0,0.0,1.0,3.784276936560092
92,31,0,0.0,0.0,1.0,0.0,1.0,5.075836264551956
70,41,1,1.0,0.0,0.0,1.0,0.0,2.7063389194943137
73,31,0,0.0,1.0,0.0,0.0,1.0,4.561228741704536
70,31,0,0.0,1.0,0.0,0.0,1.0,4.279769292031716
69,29,0,0.0,1.0,0.0,0.0,1.0,4.80437343168349
65,34,0,1.0,0.0,0.0,1.0,0.0,2.19226739010802
89,31,0,0.0,1.0,0.0,0.0,1.0,2.8566390497877574
56,32,0,0.0,0.0,1.0,0.0,1.0,2.24641888263216
63,32,0,0.0,1.0,0.0,0.0,1.0,3.159451398821107
71,30,0,0.0,1.0,0.0,0.0,1.0,2.261198977141455
46,36,1,0.0,0.0,1.0,1.0,0.0,2.5884939018068995
71,31,0,0.0,1.0,0.0,0.0,1.0,4.870830001903165
85,32,0,0.0,1.0,0.0,0.0,1.0,2.2638636965325167
59,38,1,1.0,0.0,0.0,1.0,0.0,2.5838550172294514
78,35,0,0.0,0.0,1.0,1.0,0.0,2.269599796682664
79,29,0,0.0,0.0,1.0,0.0,1.0,2.5604577628306613
83,28,0,0.0,0.0,1.0,0.0,1.0,3.7686619658855784
66,32,0,0.0,0.0,1.0,0.0,1.0,2.555054077805572
76,29,0,0.0,0.0,1.0,0.0,1.0,4.778813484112666
80,30,0,0.0,0.0,1.0,0.0,1.0,3.0843828913666482
46,32,0,0.0,1.0,0.0,0.0,1.0,4.167641973466313
84,33,0,0.0,1.0,0.0,0.0,1.0,4.815968744395146
99,28,0,0.0,0.0,1.0,0.0,1.0,4.187355076816472
74,30,0,0.0,0.0,1.0,0.0,1.0,4.1467087852133755
76,32,0,0.0,1.0,0.0,0.0,1.0,3.344633116938473
73,39,0,1.0,0.0,0.0,1.0,0.0,5.211083697344231
84,39,0,1.0,0.0,0.0,1.0,0.0,4.441856882283101
75,31,0,0.0,0.0,1.0,0.0,1.0,4.100406909572944
74,30,0,0.0,1.0,0.0,0.0,1.0,2.7501246464299385
97,33,0,0.0,0.0,1.0,0.0,1.0,2.26407082798306
42,32,0,0.0,1.0,0.0,0.0,1.0,3.2865618129048437
85,29,0,0.0,0.0,1.0,0.0,1.0,2.5369262500510468
95,32,0,0.0,1.0,0.0,0.0,1.0,2.3898831869805486
99,30,0,0.0,0.0,1.0,0.0,1.0,2.6545227938912705
97,29,0,0.0,0.0,1.0,0.0,1.0,4.787030588153087
73,30,0,0.0,1.0,0.0,0.0,1.0,3.73337555084206
57,37,0,1.0,0.0,0.0,1.0,0.0,3.9990540256774505
91,31,0,0.0,1.0,0.0,0.0,1.0,4.7810389786219885
46,31,0,0.0,1.0,0.0,0.0,1.0,4.2350766435335165
76,31,0,0.0,0.0,1.0,0.0,1.0,4.4328710110649885
99,30,0,0.0,0.0,1.0,0.0,1.0,4.702836479314294
79,36,1,1.0,0.0,0.0,1.0,0.0,4.798469642223234
72,41,0,1.0,0.0,0.0,1.0,0.0,3.7697185236408473
89,32,0,0.0,1.0,0.0,0.0,1.0,3.223742136592252
57,39,1,1.0,0.0,0.0,1.0,0.0,4.872336049831428
80,40,0,1.0,0.0,0.0,1.0,0.0,3.5517986579047323
66,34,0,0.0,0.0,1.0,0.0,1.0,2.5557829680810427
80,27,0,0.0,0.0,1.0,0.0,1.0,2.336875645125066
70,33,0,0.0,0.0,1.0,0.0,1.0,3.8754667647861787
79,29,0,0.0,0.0,1.0,0.0,1.0,3.8714564455743057
62,38,0,1.0,0.0,0.0,1.0,0.0,2.4810415353309856
62,39,0,1.0,0.0,0.0,1.0,0.0,2.6746292808369647
97,31,0,0.0,1.0,0.0,0.0,1.0,2.8882466322001727
57,42,0,1.0,0.0,0.0,1.0,0.0,2.329663817971918
72,32,0,0.0,0.0,1.0,0.0,1.0,4.818459102232758
64,35,0,1.0,0.0,0.0,1.0,0.0,4.88521160557577
48,31,0,0.0,1.0,0.0,0.0,1.0,4.949981195109965
69,29,0,0.0,0.0,1.0,0.0,1.0,4.11006793675506
72,36,0,1.0,0.0,0.0,1.0,0.0,3.5741817233030444
66,32,0,0.0,0.0,1.0,0.0,1.0,2.5569274014083163
99,31,0,0.0,1.0,0.0,0.0,1.0,4.5615719663707655
80,28,0,0.0,0.0,1.0,0.0,1.0,4.8128709773937
79,29,0,0.0,0.0,1.0,0.0,1.0,4.359986950303552
80,30,0,0.0,0.0,1.0,0.0,1.0,3.736120141662356
89,28,0,0.0,0.0,1.0,0.0,1.0,5.0626111590180205
78,36,0,1.0,0.0,0.0,1.0,0.0,4.279942430830982
77,37,0,1.0,0.0,0.0,1.0,0.0,2.476863394484277
71,31,0,0.0,1.0,0.0,0.0,1.0,5.028485047771832
70,29,0,0.0,0.0,1.0,0.0,1.0,3.5380075059949303
78,32,0,0.0,1.0,0.0,0.0,1.0,3.310688048478669
90,29,0,0.0,0.0,1.0,0.0,1.0,4.811653916285836
89,32,0,0.0,1.0,0.0,0.0,1.0,2.776006088552511
71,32,0,0.0,1.0,0.0,0.0,1.0,4.723374024094054
76,38,0,1.0,0.0,0.0,1.0,0.0,5.191915373252079
90,30,0,0.0,1.0,0.0,0.0,1.0,4.72258978824746
94,30,0,0.0,1.0,0.0,0.0,1.0,3.780879881934765
83,34,0,0.0,0.0,1.0,1.0,0.0,2.2637243831035825
71,31,0,0.0,1.0,0.0,0.0,1.0,2.8993824982136704
76,30,0,0.0,0.0,1.0,0.0,1.0,4.709104811337449
76,31,0,0.0,1.0,0.0,0.0,1.0,4.959539503133708
89,31,0,0.0,0.0,1.0,0.0,1.0,4.448777355848132
77,31,0,0.0,1.0,0.0,0.0,1.0,5.081443349251312
91,31,0,0.0,0.0,1.0,0.0,1.0,5.157693859145909
76,32,0,0.0,1.0,0.0,0.0,1.0,2.229387072349699
99,30,0,0.0,0.0,1.0,0.0,1.0,4.893711376670006
46,32,0,0.0,1.0,0.0,0.0,1.0,4.066976500814511
99,32,0,0.0,1.0,0.0,0.0,1.0,2.280621035231266
58,37,0,1.0,0.0,0.0,1.0,0.0,5.032872874298167
72,33,0,0.0,1.0,0.0,0.0,1.0,4.167383686997956
66,32,0,0.0,0.0,1.0,0.0,1.0,2.555061367600226
77,31,0,0.0,0.0,1.0,0.0,1.0,5.0092058754521664
69,33,0,0.0,0.0,1.0,0.0,1.0,3.41010919260691
70,33,0,0.0,1.0,0.0,0.0,1.0,3.057545155545072
61,32,0,0.0,1.0,0.0,0.0,1.0,2.279796793255524
79,30,0,0.0,0.0,1.0,0.0,1.0,2.2678123421230016
62,40,0,1.0,0.0,0.0,1.0,0.0,3.4226861088244505
70,32,0,0.0,1.0,0.0,0.0,1.0,4.332917073548908
77,30,0,0.0,0.0,1.0,0.0,1.0,5.03560791019361
55,41,1,1.0,0.0,0.0,1.0,0.0,4.847509293502421
88,32,0,0.0,1.0,0.0,0.0,1.0,2.386268680856233
90,33,0,0.0,1.0,0.0,0.0,1.0,4.210462235010991
96,31,0,0.0,1.0,0.0,0.0,1.0,3.5618497411409997
72,38,0,1.0,0.0,0.0,1.0,0.0,4.009467322807379
64,38,0,1.0,0.0,0.0,1.0,0.0,2.253425532388899
79,30,0,0.0,0.0,1.0,0.0,1.0,5.1807343243373465
72,32,0,0.0,0.0,1.0,0.0,1.0,2.410089745643297
58,36,0,1.0,0.0,0.0,1.0,0.0,3.5379966738989883
99,28,0,0.0,0.0,1.0,0.0,1.0,5.1956143113674536
81,36,0,1.0,0.0,0.0,1.0,0.0,4.790667391971046
88,32,0,0.0,1.0,0.0,0.0,1.0,4.8130404331675445
87,31,0,0.0,0.0,1.0,0.0,1.0,2.674424454348009
85,32,0,0.0,1.0,0.0,0.0,1.0,4.970028767386003
63,33,0,0.0,1.0,0.0,0.0,1.0,2.344876092023955
75,31,0,0.0,0.0,1.0,0.0,1.0,3.940056544473956
57,33,0,0.0,1.0,0.0,0.0,1.0,2.3318987512201317
86,32,0,0.0,1.0,0.0,0.0,1.0,2.379618490378219
49,31,0,0.0,1.0,0.0,0.0,1.0,3.964296752533122
70,32,0,0.0,0.0,1.0,0.0,1.0,4.154215333441382
58,36,0,1.0,0.0,0.0,1.0,0.0,3.614810566927013
94,33,0,0.0,1.0,0.0,0.0,1.0,2.660606614475311
81,37,0,1.0,0.0,0.0,1.0,0.0,3.8513826051787503
78,29,0,0.0,0.0,1.0,0.0,1.0,2.277693677525773
83,35,0,1.0,0.0,0.0,1.0,0.0,2.5784421960458017
79,29,0,0.0,0.0,1.0,0.0,1.0,2.4747739454425943
99,29,0,0.0,0.0,1.0,0.0,1.0,3.2958366037937403
89,27,0,0.0,0.0,1.0,0.0,1.0,3.505034387429028
79,30,0,0.0,0.0,1.0,0.0,1.0,3.9525987705539234
72,32,0,0.0,1.0,0.0,0.0,1.0,4.3844401420925125
81,27,0,0.0,0.0,1.0,0.0,1.0,3.1591184922217583
79,37,0,1.0,0.0,0.0,1.0,0.0,2.638904020303902
82,39,0,1.0,0.0,0.0,1.0,0.0,4.558561179578094
52,31,0,0.0,1.0,0.0,0.0,1.0,2.3760957845332618
69,32,0,0.0,0.0,1.0,0.0,1.0,2.17772605652646
98,29,0,0.0,0.0,1.0,0.0,1.0,4.3625823214670865
92,32,0,0.0,1.0,0.0,0.0,1.0,4.639537550753813
77,27,0,0.0,0.0,1.0,0.0,1.0,2.4926831174681463
70,28,0,0.0,0.0,1.0,0.0,1.0,3.8663467055856313
68,32,0,0.0,1.0,0.0,0.0,1.0,2.97062025585614
89,31,0,0.0,0.0,1.0,0.0,1.0,4.448780672367844
81,31,0,0.0,0.0,1.0,0.0,1.0,2.2341151337234875
51,31,0,0.0,1.0,0.0,0.0,1.0,3.168762275189166
95,29,0,0.0,0.0,1.0,0.0,1.0,4.837724733503044
99,29,0,0.0,0.0,1.0,0.0,1.0,4.801807303123363
69,37,0,1.0,0.0,0.0,1.0,0.0,2.3986735811515003
83,30,0,0.0,0.0,1.0,0.0,1.0,2.73360671273437
87,33,0,0.0,1.0,0.0,0.0,1.0,5.169449639646987
70,36,0,1.0,0.0,0.0,1.0,0.0,4.866322900317648
54,40,0,1.0,0.0,0.0,1.0,0.0,2.427359660809832
61,37,0,1.0,0.0,0.0,1.0,0.0,5.019394326141646
47,31,0,0.0,1.0,0.0,0.0,1.0,4.166494330793582
68,33,0,0.0,0.0,1.0,0.0,1.0,2.5536234936989155
48,31,0,0.0,1.0,0.0,0.0,1.0,4.800684294837599
45,37,0,0.0,0.0,1.0,1.0,0.0,2.550945463533603
97,30,0,0.0,0.0,1.0,0.0,1.0,2.712936358405924
74,31,0,0.0,1.0,0.0,0.0,1.0,3.608674532624172
71,30,0,0.0,0.0,1.0,0.0,1.0,3.8655879425122435
60,35,0,1.0,0.0,0.0,1.0,0.0,5.189822667216358
81,30,0,0.0,0.0,1.0,0.0,1.0,2.382651658854825
72,31,0,0.0,1.0,0.0,0.0,1.0,5.221742129150922
75,31,0,0.0,0.0,1.0,0.0,1.0,3.4134655166592505
72,31,0,0.0,1.0,0.0,0.0,1.0,4.468540663382225
85,29,0,0.0,0.0,1.0,0.0,1.0,3.8510663711645936
77,40,0,1.0,0.0,0.0,1.0,0.0,4.226548540752942
73,31,0,0.0,0.0,1.0,0.0,1.0,4.779710921662178
75,39,0,1.0,0.0,0.0,1.0,0.0,2.3730472984947544
89,31,0,0.0,0.0,1.0,0.0,1.0,3.427467844394103
94,33,0,0.0,1.0,0.0,0.0,1.0,3.4005429100071
57,39,0,1.0,0.0,0.0,1.0,0.0,4.815370015433406
57,32,0,0.0,1.0,0.0,0.0,1.0,2.3318987512201317
60,36,0,1.0,0.0,0.0,1.0,0.0,4.777459917075236
82,40,0,1.0,0.0,0.0,1.0,0.0,5.141523398075697
59,45,0,1.0,0.0,0.0,1.0,0.0,3.258133925168786
99,30,0,0.0,0.0,1.0,0.0,1.0,3.106797203483651
95,30,0,0.0,1.0,0.0,0.0,1.0,2.975252067007834
99,30,0,0.0,0.0,1.0,0.0,1.0,2.542987524894574
70,32,0,0.0,1.0,0.0,0.0,1.0,3.2607763493563238
61,32,0,0.0,1.0,0.0,0.0,1.0,2.3862893933633877
42,32,0,0.0,1.0,0.0,0.0,1.0,2.3645555120950608
95,31,0,0.0,0.0,1.0,0.0,1.0,5.190681378472377
71,31,0,0.0,0.0,1.0,0.0,1.0,2.312757697272414
50,30,0,0.0,1.0,0.0,0.0,1.0,3.4146212257507926
91,32,0,0.0,1.0,0.0,0.0,1.0,4.882589024761868
88,32,0,0.0,1.0,0.0,0.0,1.0,2.5121343762635995
99,28,0,0.0,0.0,1.0,0.0,1.0,3.9685561349378187
73,30,0,0.0,1.0,0.0,0.0,1.0,4.405412436091281
75,39,0,1.0,0.0,0.0,1.0,0.0,4.851067493142235
70,29,0,0.0,0.0,1.0,0.0,1.0,2.8268770825958365
78,32,0,0.0,1.0,0.0,0.0,1.0,2.7216810363817867
72,32,0,0.0,1.0,0.0,0.0,1.0,3.0402431231937017
47,31,0,0.0,1.0,0.0,0.0,1.0,4.850387285646312
69,29,0,0.0,1.0,0.0,0.0,1.0,4.905024697716404
93,33,0,0.0,1.0,0.0,0.0,1.0,3.4050964533816983
89,32,0,0.0,0.0,1.0,0.0,1.0,2.5562394827499118
